user_id,event_type,event_time,group,device
9433,view,2023-01-01 18:05:32,B,Android
3202,click,2023-01-01 12:51:22,A,Android
4485,click,2023-01-01 01:11:34,B,iOS
7093,view,2023-01-01 22:59:28,A,Android
9373,registration,2023-01-01 07:19:54,B,iOS
6836,click,2023-01-01 19:56:20,B,Android
5693,purchase,2023-01-01 14:48:59,A,iOS
120,click,2023-01-01 10:21:57,B,Android
6130,view,2023-01-01 15:40:07,B,Android
886,view,2023-01-01 00:52:44,B,iOS
5007,click,2023-01-01 21:36:34,B,iOS
1807,click,2023-01-01 20:37:12,A,iOS
1742,click,2023-01-01 12:44:10,B,Android
7371,click,2023-01-01 01:14:19,A,Android
6296,click,2023-01-01 05:43:30,A,iOS
4944,click,2023-01-01 09:20:25,B,iOS
4488,purchase,2023-01-01 08:39:51,B,iOS
5409,view,2023-01-01 09:50:34,A,iOS
3228,purchase,2023-01-01 01:26:55,B,Android
9506,click,2023-01-01 07:02:09,B,iOS
1180,view,2023-01-01 23:05:54,A,Android
4935,view,2023-01-01 23:14:20,B,Android
4794,view,2023-01-01 01:02:50,B,Android
7466,view,2023-01-01 14:45:30,B,Android
8447,registration,2023-01-01 14:43:43,B,iOS
2006,click,2023-01-01 13:13:49,B,Android
5955,click,2023-01-01 00:44:02,A,Android
178,click,2023-01-01 22:57:32,A,Android
2808,view,2023-01-01 09:48:40,A,Android
1220,click,2023-01-01 03:00:02,B,iOS
1541,view,2023-01-01 08:07:50,B,Android
9115,purchase,2023-01-01 10:49:08,B,Android
9383,click,2023-01-01 21:33:36,A,Android
914,registration,2023-01-01 19:33:36,B,Android
8883,click,2023-01-01 11:04:10,A,iOS
3552,click,2023-01-01 15:57:31,A,iOS
1504,registration,2023-01-01 03:55:18,B,iOS
2807,click,2023-01-01 18:08:24,B,Android
873,view,2023-01-01 01:25:07,B,Android
6292,click,2023-01-01 20:38:24,A,Android
4094,registration,2023-01-01 10:58:59,A,Android
6530,view,2023-01-01 00:05:30,B,iOS
4556,purchase,2023-01-01 06:20:29,A,iOS
274,click,2023-01-01 06:08:25,B,Android
9399,click,2023-01-01 08:11:24,B,Android
4721,click,2023-01-01 23:21:43,B,Android
7652,view,2023-01-01 14:47:17,B,Android
3573,view,2023-01-01 09:09:51,B,Android
9540,click,2023-01-01 14:23:29,B,iOS
6376,view,2023-01-01 17:57:14,B,Android
9526,view,2023-01-01 11:47:46,A,Android
2282,view,2023-01-01 12:31:42,A,Android
1800,purchase,2023-01-01 06:00:39,A,iOS
744,view,2023-01-01 07:43:03,A,Android
7124,registration,2023-01-01 11:00:31,A,Android
2516,view,2023-01-01 17:09:06,B,iOS
4651,view,2023-01-01 00:37:46,B,Android
819,registration,2023-01-01 15:41:07,A,Android
2224,click,2023-01-01 18:00:54,A,Android
1198,view,2023-01-01 21:53:04,B,Android
5163,view,2023-01-01 14:27:14,A,iOS
4914,purchase,2023-01-01 21:49:58,B,iOS
4915,purchase,2023-01-01 19:22:18,B,iOS
3298,view,2023-01-01 10:07:20,A,iOS
9747,click,2023-01-01 06:45:47,A,iOS
364,view,2023-01-01 15:26:06,B,Android
511,click,2023-01-01 03:54:12,A,Android
1300,click,2023-01-01 04:01:37,B,iOS
9454,view,2023-01-01 14:30:09,A,Android
5890,click,2023-01-01 23:12:06,A,Android
9713,registration,2023-01-01 21:01:41,B,iOS
609,click,2023-01-01 17:11:32,B,iOS
1888,click,2023-01-01 07:57:43,A,iOS
5622,purchase,2023-01-01 00:59:38,A,Android
5645,registration,2023-01-01 07:15:45,A,iOS
7738,click,2023-01-01 11:27:27,A,iOS
8241,view,2023-01-01 16:21:07,B,iOS
674,registration,2023-01-01 23:56:22,B,iOS
8243,registration,2023-01-01 19:51:35,A,Android
2395,view,2023-01-01 07:12:46,B,iOS
4983,view,2023-01-01 00:50:32,B,Android
2470,click,2023-01-01 02:31:27,B,iOS
2634,purchase,2023-01-01 09:34:47,B,iOS
9789,registration,2023-01-01 08:30:01,B,Android
2501,purchase,2023-01-01 07:20:46,B,iOS
3899,view,2023-01-01 17:41:00,A,Android
9573,view,2023-01-01 08:15:21,B,Android
9769,click,2023-01-01 11:17:19,B,Android
2333,click,2023-01-01 12:09:08,A,Android
9115,click,2023-01-01 13:54:30,B,Android
2502,click,2023-01-01 14:54:35,A,Android
5916,click,2023-01-01 16:07:46,A,Android
8945,view,2023-01-01 01:58:18,A,Android
5588,click,2023-01-01 06:01:49,A,iOS
3589,view,2023-01-01 18:49:43,B,Android
1696,click,2023-01-01 12:04:46,A,Android
3495,view,2023-01-01 05:26:53,B,iOS
8944,view,2023-01-01 11:27:21,B,Android
7212,registration,2023-01-01 15:24:35,B,Android
9944,view,2023-01-01 07:32:39,B,iOS
6931,view,2023-01-01 15:47:22,B,Android
1925,click,2023-01-01 23:36:47,B,iOS
9403,click,2023-01-01 13:44:26,B,iOS
440,click,2023-01-01 15:14:48,A,Android
3385,click,2023-01-01 10:28:15,A,iOS
7766,purchase,2023-01-01 02:34:02,A,iOS
2330,view,2023-01-01 13:44:01,B,Android
5225,purchase,2023-01-01 10:26:27,B,iOS
6640,click,2023-01-01 00:17:59,B,iOS
6707,registration,2023-01-01 00:17:30,B,iOS
4720,registration,2023-01-01 02:36:54,B,iOS
6308,click,2023-01-01 23:26:53,A,iOS
2645,purchase,2023-01-01 16:04:47,A,Android
1532,registration,2023-01-01 16:40:33,A,iOS
6580,registration,2023-01-01 13:49:41,B,iOS
4954,click,2023-01-01 05:24:11,B,Android
4307,click,2023-01-01 07:17:52,B,iOS
222,view,2023-01-01 10:48:09,A,iOS
4893,click,2023-01-01 08:01:04,A,iOS
6655,view,2023-01-01 20:20:12,A,iOS
3709,view,2023-01-01 20:52:05,A,iOS
5571,view,2023-01-01 11:13:26,B,Android
626,purchase,2023-01-01 18:46:41,B,iOS
7223,view,2023-01-01 06:54:04,A,iOS
8035,view,2023-01-01 16:38:28,B,Android
8118,purchase,2023-01-01 17:43:15,A,iOS
1520,click,2023-01-01 18:38:27,B,iOS
1241,registration,2023-01-01 21:21:39,B,iOS
9314,purchase,2023-01-01 04:07:29,B,Android
5555,view,2023-01-01 05:58:27,B,iOS
1873,view,2023-01-01 21:17:03,B,Android
8384,purchase,2023-01-01 21:39:52,B,iOS
2518,purchase,2023-01-01 19:14:15,B,iOS
3880,view,2023-01-01 21:17:35,B,Android
15,purchase,2023-01-01 20:18:03,A,iOS
9713,purchase,2023-01-01 01:06:46,B,iOS
2923,registration,2023-01-01 01:00:05,A,iOS
8761,view,2023-01-01 20:45:43,B,Android
5023,view,2023-01-01 23:58:52,B,Android
5727,click,2023-01-01 02:48:14,A,iOS
7465,registration,2023-01-01 19:47:50,B,Android
4088,view,2023-01-01 18:28:55,A,iOS
5713,click,2023-01-01 14:03:58,A,Android
5102,purchase,2023-01-01 23:53:49,A,Android
1357,view,2023-01-01 22:11:32,B,Android
120,view,2023-01-01 19:22:35,B,Android
4574,click,2023-01-01 09:39:11,A,Android
8005,click,2023-01-01 19:24:14,A,Android
6706,click,2023-01-01 18:16:03,B,iOS
266,view,2023-01-01 04:48:02,A,Android
9552,click,2023-01-01 16:29:05,B,Android
8428,click,2023-01-01 12:16:08,A,iOS
5575,view,2023-01-01 10:14:04,A,iOS
9285,view,2023-01-01 00:52:00,A,Android
641,view,2023-01-01 01:36:00,A,iOS
4311,click,2023-01-01 05:36:44,B,Android
1925,registration,2023-01-01 19:02:35,B,iOS
4339,purchase,2023-01-01 19:59:30,B,Android
2831,view,2023-01-01 11:53:13,A,Android
9425,view,2023-01-01 18:43:32,A,Android
3022,click,2023-01-01 18:06:26,B,iOS
9455,view,2023-01-01 01:24:26,B,iOS
9762,click,2023-01-01 00:57:02,B,iOS
6045,click,2023-01-01 00:17:21,A,iOS
2818,registration,2023-01-01 23:02:55,B,iOS
2737,view,2023-01-01 07:04:08,B,Android
281,view,2023-01-01 05:32:19,A,iOS
2497,view,2023-01-01 20:06:36,A,iOS
378,click,2023-01-01 09:17:48,A,Android
8493,registration,2023-01-01 12:25:07,B,Android
3362,view,2023-01-01 18:06:33,B,iOS
4047,click,2023-01-01 12:51:52,A,iOS
6280,click,2023-01-01 19:50:47,A,iOS
9348,click,2023-01-01 06:06:50,B,Android
6615,view,2023-01-01 07:19:11,A,iOS
5800,click,2023-01-01 05:13:38,A,iOS
7211,click,2023-01-01 01:34:31,A,iOS
5058,click,2023-01-01 10:07:05,A,iOS
863,click,2023-01-01 08:08:36,B,Android
185,purchase,2023-01-01 04:02:09,B,iOS
6100,registration,2023-01-01 13:35:33,B,Android
1914,view,2023-01-01 18:11:48,A,iOS
8486,view,2023-01-01 16:07:33,A,Android
4637,click,2023-01-01 06:32:09,B,iOS
8194,click,2023-01-01 13:03:54,A,iOS
6953,click,2023-01-01 22:11:05,A,Android
7471,registration,2023-01-01 04:40:22,B,iOS
3960,view,2023-01-01 12:05:21,A,iOS
165,view,2023-01-01 12:33:09,B,Android
5687,view,2023-01-01 08:34:20,B,iOS
6471,view,2023-01-01 05:21:13,A,Android
4544,click,2023-01-01 16:18:15,B,iOS
8429,registration,2023-01-01 09:24:30,B,iOS
7144,registration,2023-01-01 11:25:02,A,iOS
5911,view,2023-01-01 04:09:48,B,iOS
9340,view,2023-01-01 07:25:58,A,iOS
8435,view,2023-01-01 20:00:45,A,Android
6730,registration,2023-01-01 06:13:20,B,iOS
2601,view,2023-01-01 02:25:25,B,Android
3522,view,2023-01-01 02:37:55,B,Android
7125,view,2023-01-01 05:06:49,A,Android
4875,view,2023-01-01 16:21:12,B,iOS
5112,click,2023-01-01 17:57:53,B,Android
509,purchase,2023-01-01 07:30:42,A,Android
1791,click,2023-01-01 14:46:30,B,Android
2088,registration,2023-01-01 11:42:02,B,iOS
8766,registration,2023-01-01 21:01:44,A,iOS
8319,registration,2023-01-01 07:12:29,A,iOS
5535,view,2023-01-01 16:35:16,A,iOS
4174,click,2023-01-01 13:32:31,A,Android
1658,view,2023-01-01 16:43:31,B,iOS
6841,click,2023-01-01 04:23:05,A,Android
7474,click,2023-01-01 01:22:34,A,iOS
9705,purchase,2023-01-01 16:26:21,B,iOS
2737,view,2023-01-01 17:31:17,B,Android
7962,click,2023-01-01 15:16:29,A,iOS
6082,click,2023-01-01 15:24:11,A,Android
2114,click,2023-01-01 02:31:07,A,iOS
3483,registration,2023-01-01 03:45:55,B,iOS
6414,view,2023-01-01 19:04:55,B,iOS
4459,click,2023-01-01 01:58:10,A,Android
6945,click,2023-01-01 05:10:11,B,iOS
7486,view,2023-01-01 07:56:42,B,iOS
7003,view,2023-01-01 03:53:47,A,Android
354,click,2023-01-01 21:28:29,A,iOS
5966,view,2023-01-01 09:52:42,B,Android
2202,click,2023-01-01 17:46:41,A,Android
2830,click,2023-01-01 08:52:27,A,iOS
7345,click,2023-01-01 02:26:16,B,Android
149,click,2023-01-01 15:29:12,A,iOS
1569,registration,2023-01-01 23:15:00,B,Android
7600,click,2023-01-01 08:13:35,B,Android
5258,click,2023-01-01 05:43:47,A,Android
3808,click,2023-01-01 23:50:09,B,Android
2603,click,2023-01-01 17:00:48,A,iOS
5209,click,2023-01-01 17:22:40,A,iOS
2681,view,2023-01-01 13:57:29,B,Android
1899,view,2023-01-01 15:03:22,B,Android
3003,view,2023-01-01 01:33:18,A,Android
6730,click,2023-01-01 19:10:21,B,iOS
1783,view,2023-01-01 03:21:19,B,iOS
9945,registration,2023-01-01 09:10:44,B,iOS
3066,click,2023-01-01 18:58:48,A,Android
4350,view,2023-01-01 05:53:23,B,Android
909,click,2023-01-01 05:58:09,A,Android
9405,click,2023-01-01 22:49:31,B,Android
70,view,2023-01-01 02:06:06,B,iOS
6592,view,2023-01-01 18:36:26,A,Android
9124,purchase,2023-01-01 20:25:05,A,Android
945,click,2023-01-01 22:43:08,A,iOS
3406,click,2023-01-01 13:18:46,B,iOS
9509,click,2023-01-01 01:50:00,B,Android
9341,click,2023-01-01 09:53:55,B,iOS
7642,registration,2023-01-01 11:25:47,A,Android
5387,click,2023-01-01 04:28:51,B,iOS
5430,view,2023-01-01 04:27:08,A,iOS
6256,click,2023-01-01 17:55:21,B,Android
1924,click,2023-01-01 09:01:46,A,Android
5626,registration,2023-01-01 07:32:05,A,Android
7759,purchase,2023-01-01 08:54:10,B,iOS
4468,click,2023-01-01 14:11:43,B,Android
9366,view,2023-01-01 08:54:30,B,Android
3094,click,2023-01-01 04:00:11,A,iOS
1886,registration,2023-01-01 02:48:14,B,iOS
9501,registration,2023-01-01 14:03:40,A,iOS
8497,click,2023-01-01 19:04:26,A,iOS
9132,view,2023-01-01 16:43:50,B,iOS
7525,click,2023-01-01 17:48:44,A,iOS
4691,click,2023-01-01 22:13:58,A,Android
7628,click,2023-01-01 03:15:16,A,Android
9638,view,2023-01-01 04:59:48,B,iOS
3050,click,2023-01-01 22:34:50,A,Android
6194,click,2023-01-01 21:23:53,B,iOS
1068,registration,2023-01-01 15:17:14,B,Android
8940,registration,2023-01-01 10:56:55,A,Android
3562,view,2023-01-01 04:26:46,B,Android
8341,click,2023-01-01 16:26:17,A,Android
3903,click,2023-01-01 06:20:17,A,iOS
5105,click,2023-01-01 02:24:13,A,iOS
5997,click,2023-01-01 19:40:55,A,iOS
7467,click,2023-01-01 20:26:37,B,iOS
8511,purchase,2023-01-01 13:51:29,B,iOS
4342,click,2023-01-01 23:50:30,B,iOS
7858,purchase,2023-01-01 22:16:07,A,Android
4641,click,2023-01-01 02:02:54,B,iOS
1745,view,2023-01-01 14:47:19,B,Android
1922,purchase,2023-01-01 14:27:55,A,Android
5503,view,2023-01-01 02:35:08,A,Android
4597,purchase,2023-01-01 06:11:25,A,iOS
8106,view,2023-01-01 18:53:59,A,iOS
7714,click,2023-01-01 01:03:55,A,Android
7785,view,2023-01-01 12:51:47,A,Android
5898,view,2023-01-01 08:05:05,B,iOS
868,view,2023-01-01 13:26:19,B,Android
6970,view,2023-01-01 21:14:03,A,iOS
7590,registration,2023-01-01 19:21:51,B,Android
1474,view,2023-01-01 17:19:42,A,Android
9620,click,2023-01-01 08:41:48,B,Android
7069,view,2023-01-01 19:10:31,B,Android
6961,view,2023-01-01 03:22:35,B,iOS
3493,click,2023-01-01 18:48:23,A,iOS
3353,click,2023-01-01 11:53:04,A,Android
2037,click,2023-01-01 22:20:25,B,iOS
2133,registration,2023-01-01 08:49:32,A,iOS
1609,view,2023-01-01 04:48:42,A,iOS
8927,view,2023-01-01 09:42:29,A,iOS
4899,click,2023-01-01 00:22:59,A,iOS
6567,click,2023-01-01 17:02:16,A,Android
333,view,2023-01-01 11:19:55,A,iOS
9982,click,2023-01-01 23:44:12,A,iOS
145,registration,2023-01-01 11:09:03,B,Android
5076,registration,2023-01-01 11:28:21,B,Android
8721,click,2023-01-01 16:54:47,A,Android
9555,view,2023-01-01 21:23:22,B,Android
2744,click,2023-01-01 07:51:23,B,iOS
6033,view,2023-01-01 16:24:15,A,iOS
8639,click,2023-01-01 20:25:13,A,iOS
9006,purchase,2023-01-01 13:23:28,A,Android
8883,click,2023-01-01 12:10:51,A,iOS
277,view,2023-01-01 14:09:22,B,iOS
6337,purchase,2023-01-01 20:22:22,B,iOS
1339,registration,2023-01-01 23:35:53,A,Android
740,purchase,2023-01-01 20:17:15,A,Android
4859,registration,2023-01-01 14:51:50,B,Android
4695,registration,2023-01-01 03:32:24,B,iOS
8905,registration,2023-01-01 05:00:07,B,iOS
6627,view,2023-01-01 20:05:07,B,Android
2836,click,2023-01-01 01:06:53,A,Android
9054,view,2023-01-01 08:40:24,A,iOS
7913,purchase,2023-01-01 12:06:40,A,Android
9398,registration,2023-01-01 17:08:22,B,Android
2025,purchase,2023-01-01 09:12:51,B,iOS
6201,purchase,2023-01-01 07:06:53,B,Android
1622,click,2023-01-01 19:30:28,B,Android
8656,click,2023-01-01 04:05:50,B,iOS
9963,registration,2023-01-01 13:06:44,A,iOS
5007,view,2023-01-01 09:41:37,B,iOS
4398,view,2023-01-01 14:08:55,A,Android
1686,view,2023-01-01 16:35:44,B,iOS
5251,click,2023-01-01 16:21:33,A,iOS
6762,view,2023-01-01 08:19:02,B,Android
6251,view,2023-01-01 14:45:33,B,iOS
9628,registration,2023-01-01 08:27:42,B,iOS
4326,click,2023-01-01 06:52:31,A,iOS
9794,view,2023-01-01 05:29:05,B,iOS
7190,registration,2023-01-01 08:42:47,B,Android
7145,view,2023-01-01 23:49:53,B,iOS
4323,purchase,2023-01-01 19:03:13,A,Android
750,registration,2023-01-01 06:36:30,B,iOS
8942,registration,2023-01-01 04:41:16,A,iOS
3021,registration,2023-01-01 16:43:59,B,iOS
9942,view,2023-01-01 18:41:05,B,iOS
9906,click,2023-01-01 20:21:09,B,Android
3107,view,2023-01-01 01:49:23,A,iOS
2796,click,2023-01-01 15:53:53,B,Android
8821,click,2023-01-01 17:41:19,B,iOS
3389,purchase,2023-01-01 04:25:22,A,iOS
9046,click,2023-01-01 16:48:28,B,Android
5795,click,2023-01-01 18:09:20,A,iOS
3601,click,2023-01-01 03:07:04,A,Android
8791,view,2023-01-01 15:58:25,B,iOS
632,view,2023-01-01 11:28:06,A,iOS
7806,view,2023-01-01 04:42:15,A,iOS
4325,registration,2023-01-01 07:23:29,B,Android
2443,view,2023-01-01 05:10:58,B,Android
4791,view,2023-01-01 07:47:36,A,iOS
8796,purchase,2023-01-01 12:44:06,A,Android
8273,view,2023-01-01 02:30:11,B,Android
5940,view,2023-01-01 05:50:52,A,Android
2339,view,2023-01-01 23:43:15,A,Android
2906,view,2023-01-01 01:58:24,A,Android
9998,click,2023-01-01 19:22:31,A,iOS
9380,click,2023-01-01 21:07:31,A,iOS
1291,view,2023-01-01 12:59:06,B,iOS
4758,purchase,2023-01-01 12:21:37,B,Android
1141,click,2023-01-01 00:03:31,B,iOS
9668,view,2023-01-01 06:13:29,B,iOS
7860,view,2023-01-01 06:42:46,A,Android
3935,registration,2023-01-01 15:23:33,B,Android
2604,view,2023-01-01 01:55:34,B,iOS
66,registration,2023-01-01 15:24:40,B,iOS
8498,view,2023-01-01 15:06:46,B,iOS
8950,registration,2023-01-01 18:24:32,A,iOS
9927,click,2023-01-01 12:02:21,A,iOS
7986,click,2023-01-01 15:49:14,A,iOS
7244,registration,2023-01-01 00:57:58,A,iOS
1454,click,2023-01-01 14:39:04,A,Android
9862,click,2023-01-01 13:13:31,B,Android
3867,view,2023-01-01 22:42:25,B,Android
7380,registration,2023-01-01 05:10:37,A,iOS
4307,view,2023-01-01 08:22:20,B,iOS
4384,view,2023-01-01 13:12:09,A,Android
2991,click,2023-01-01 10:13:22,B,iOS
9439,click,2023-01-01 00:07:16,B,iOS
3276,purchase,2023-01-01 17:08:29,B,Android
3116,click,2023-01-01 16:02:16,B,iOS
3824,click,2023-01-01 16:28:46,B,Android
8438,click,2023-01-01 11:02:12,B,iOS
2387,click,2023-01-01 20:57:24,B,Android
5355,view,2023-01-01 03:01:20,B,iOS
1166,purchase,2023-01-01 03:45:55,B,Android
4165,click,2023-01-01 20:11:00,B,iOS
5790,purchase,2023-01-01 05:40:16,A,Android
8716,view,2023-01-01 13:19:18,A,iOS
8168,click,2023-01-01 23:13:13,B,Android
5561,purchase,2023-01-01 10:11:38,A,iOS
9389,click,2023-01-01 22:58:47,B,Android
5266,registration,2023-01-01 02:01:31,A,iOS
7105,click,2023-01-01 09:54:24,B,Android
4747,purchase,2023-01-01 02:24:10,B,Android
8596,view,2023-01-01 03:48:38,A,iOS
59,view,2023-01-01 22:32:53,A,Android
2014,registration,2023-01-01 07:53:48,B,iOS
5174,purchase,2023-01-01 11:15:06,B,iOS
4285,view,2023-01-01 08:56:54,B,Android
1466,view,2023-01-01 18:24:48,B,iOS
2963,registration,2023-01-01 11:25:57,A,Android
3539,purchase,2023-01-01 23:16:35,A,Android
3154,click,2023-01-01 16:15:19,B,Android
9451,click,2023-01-01 17:52:22,A,Android
9776,view,2023-01-01 13:29:17,A,Android
8495,click,2023-01-01 16:17:56,B,iOS
9424,purchase,2023-01-01 16:35:11,A,Android
9932,registration,2023-01-01 15:46:27,B,Android
8254,registration,2023-01-01 23:09:25,A,iOS
6150,view,2023-01-01 14:41:56,B,iOS
4554,click,2023-01-01 22:22:37,B,iOS
8073,purchase,2023-01-01 08:12:35,A,iOS
1540,view,2023-01-01 12:25:54,A,iOS
4616,click,2023-01-01 23:33:09,A,iOS
5574,view,2023-01-01 10:22:27,A,Android
6543,view,2023-01-01 17:11:15,A,iOS
5736,click,2023-01-01 14:26:43,B,Android
2601,registration,2023-01-01 03:08:08,B,Android
764,view,2023-01-01 20:58:03,B,Android
2487,registration,2023-01-01 02:53:29,B,iOS
7217,click,2023-01-01 12:07:52,B,iOS
7084,purchase,2023-01-01 06:56:38,B,iOS
7976,click,2023-01-01 00:16:04,A,iOS
3493,view,2023-01-01 01:46:26,A,iOS
3027,registration,2023-01-01 17:09:25,B,Android
4322,click,2023-01-01 21:25:00,A,Android
6542,view,2023-01-01 15:44:50,B,Android
2552,purchase,2023-01-01 13:06:45,A,Android
1229,registration,2023-01-01 19:33:48,B,iOS
3600,registration,2023-01-01 13:58:49,A,iOS
8534,registration,2023-01-01 08:25:33,B,iOS
8286,registration,2023-01-01 11:33:50,A,iOS
9742,click,2023-01-01 05:13:43,A,Android
2996,view,2023-01-01 21:11:54,A,Android
6201,click,2023-01-01 21:33:30,B,Android
7467,registration,2023-01-01 04:18:20,B,iOS
8842,view,2023-01-01 08:54:55,A,iOS
6470,registration,2023-01-01 22:47:51,A,Android
3713,view,2023-01-01 12:44:50,B,Android
9019,click,2023-01-01 17:29:15,B,iOS
6650,purchase,2023-01-01 10:49:22,A,Android
3544,click,2023-01-01 16:07:28,A,iOS
8202,view,2023-01-01 13:57:24,B,Android
5637,click,2023-01-01 17:40:01,A,Android
9166,view,2023-01-01 19:48:06,B,iOS
9038,view,2023-01-01 19:58:11,A,iOS
7643,view,2023-01-01 13:50:19,A,iOS
7322,view,2023-01-01 04:34:14,B,Android
1304,view,2023-01-01 11:24:53,B,iOS
4040,registration,2023-01-01 07:24:32,B,iOS
1301,click,2023-01-01 19:04:57,B,Android
6806,click,2023-01-01 19:38:31,A,iOS
266,click,2023-01-01 17:52:45,A,Android
3547,view,2023-01-01 15:02:11,A,iOS
6547,purchase,2023-01-01 09:21:37,B,iOS
3277,click,2023-01-01 05:10:02,A,iOS
4961,registration,2023-01-01 08:38:07,A,Android
7668,registration,2023-01-01 08:35:10,A,Android
8508,click,2023-01-01 05:27:57,A,iOS
7915,view,2023-01-01 16:25:33,A,iOS
2941,click,2023-01-01 00:16:46,B,iOS
9876,registration,2023-01-01 03:47:14,B,iOS
296,click,2023-01-01 04:56:31,A,iOS
8842,view,2023-01-01 05:37:30,A,iOS
1235,registration,2023-01-01 13:56:54,A,Android
5927,view,2023-01-01 02:00:08,A,iOS
5629,click,2023-01-01 04:51:40,A,iOS
5716,click,2023-01-01 06:45:11,B,iOS
6294,registration,2023-01-01 14:36:28,B,iOS
7533,registration,2023-01-01 00:48:43,B,iOS
1141,registration,2023-01-01 04:29:28,B,iOS
7239,registration,2023-01-01 11:19:39,B,Android
2507,view,2023-01-01 03:25:18,A,iOS
6042,view,2023-01-01 23:21:26,B,iOS
6272,click,2023-01-01 21:08:35,B,iOS
8414,view,2023-01-01 08:09:20,A,Android
7089,click,2023-01-01 16:08:53,A,Android
9165,view,2023-01-01 10:15:29,B,Android
3288,view,2023-01-01 09:41:21,A,iOS
7902,view,2023-01-01 19:13:34,A,iOS
8769,click,2023-01-01 12:13:45,B,iOS
1153,purchase,2023-01-01 23:43:16,B,Android
1800,registration,2023-01-01 05:15:29,A,iOS
9528,view,2023-01-01 02:22:26,B,iOS
2262,purchase,2023-01-01 08:37:46,B,iOS
8214,purchase,2023-01-01 23:37:10,A,iOS
3346,purchase,2023-01-01 08:42:04,A,iOS
2520,view,2023-01-01 16:49:28,B,Android
9170,click,2023-01-01 03:12:45,B,iOS
2228,click,2023-01-01 17:02:16,B,Android
7363,view,2023-01-01 15:35:10,B,Android
5813,purchase,2023-01-01 03:33:21,B,iOS
9851,registration,2023-01-01 16:04:32,B,Android
1391,click,2023-01-01 06:31:32,B,Android
1428,purchase,2023-01-01 05:40:46,A,iOS
2956,click,2023-01-01 09:41:21,A,Android
7955,registration,2023-01-01 14:57:22,A,iOS
7271,registration,2023-01-01 00:37:58,A,iOS
9122,click,2023-01-01 01:11:52,A,iOS
4349,click,2023-01-01 04:57:28,B,iOS
5938,registration,2023-01-01 18:02:40,A,iOS
1952,registration,2023-01-01 17:13:36,B,iOS
6637,click,2023-01-01 01:22:27,B,iOS
1849,view,2023-01-01 20:43:28,B,Android
6316,click,2023-01-01 18:30:45,B,Android
8664,click,2023-01-01 16:53:12,A,iOS
5519,purchase,2023-01-01 06:19:40,B,iOS
6295,view,2023-01-01 17:38:32,A,Android
1559,registration,2023-01-01 15:40:47,A,Android
5631,click,2023-01-01 18:32:02,B,Android
344,click,2023-01-01 18:04:37,B,iOS
6900,registration,2023-01-01 20:53:24,B,Android
3385,click,2023-01-01 02:48:48,A,iOS
7225,view,2023-01-01 13:14:32,B,iOS
8192,click,2023-01-01 16:08:55,B,iOS
8115,view,2023-01-01 03:36:30,A,Android
5493,click,2023-01-01 10:00:15,A,Android
3509,click,2023-01-01 02:26:59,B,Android
8406,view,2023-01-01 02:23:14,B,iOS
995,view,2023-01-01 03:04:35,B,iOS
903,view,2023-01-01 08:45:57,A,Android
2962,click,2023-01-01 23:57:18,B,iOS
3932,click,2023-01-01 23:24:28,B,iOS
6900,click,2023-01-01 02:59:34,B,Android
7149,view,2023-01-01 17:14:57,A,Android
1424,registration,2023-01-01 22:00:58,A,iOS
3160,click,2023-01-01 09:45:13,B,Android
5488,click,2023-01-01 17:14:43,B,Android
7170,purchase,2023-01-01 23:33:49,A,iOS
4677,click,2023-01-01 11:41:09,B,Android
981,view,2023-01-01 07:05:27,A,iOS
3499,view,2023-01-01 12:49:37,A,iOS
901,click,2023-01-01 11:56:18,A,iOS
1045,click,2023-01-01 01:25:32,B,Android
9711,registration,2023-01-01 05:02:48,B,iOS
1200,view,2023-01-01 09:46:11,B,iOS
491,purchase,2023-01-01 22:00:10,A,Android
8736,view,2023-01-01 03:04:21,B,iOS
5601,view,2023-01-01 02:57:15,A,iOS
4924,registration,2023-01-01 06:02:23,B,Android
4008,view,2023-01-01 18:06:08,B,Android
302,view,2023-01-01 20:14:24,A,Android
9074,registration,2023-01-01 06:32:10,B,Android
7544,click,2023-01-01 14:31:35,B,Android
7568,registration,2023-01-01 10:22:48,B,Android
7530,click,2023-01-01 09:13:44,B,iOS
344,registration,2023-01-01 03:29:52,B,iOS
3325,click,2023-01-01 14:09:30,B,iOS
335,click,2023-01-01 03:43:09,B,Android
2006,click,2023-01-01 14:52:30,B,Android
4880,click,2023-01-01 22:55:43,A,iOS
3945,click,2023-01-01 11:17:13,B,iOS
1633,click,2023-01-01 17:57:26,B,Android
2344,click,2023-01-01 08:44:06,A,Android
9285,click,2023-01-01 22:19:47,A,Android
1618,view,2023-01-01 06:50:41,B,iOS
9686,click,2023-01-01 04:32:40,A,Android
4859,click,2023-01-01 14:49:17,B,Android
4543,view,2023-01-01 08:03:48,A,iOS
9637,click,2023-01-01 20:22:39,B,iOS
6404,purchase,2023-01-01 06:41:41,A,Android
3669,view,2023-01-01 11:48:56,A,Android
4331,registration,2023-01-01 23:41:29,B,Android
8052,click,2023-01-01 02:42:25,A,iOS
567,click,2023-01-01 17:07:17,A,Android
3487,click,2023-01-01 16:57:03,B,Android
8207,purchase,2023-01-01 02:21:54,A,iOS
3220,click,2023-01-01 11:01:58,A,iOS
6345,view,2023-01-01 12:32:43,B,iOS
8,registration,2023-01-01 00:24:50,A,Android
4334,registration,2023-01-01 07:36:02,A,Android
4101,click,2023-01-01 07:27:28,A,Android
878,purchase,2023-01-01 12:20:04,A,iOS
4358,click,2023-01-01 02:35:03,A,Android
9840,view,2023-01-01 08:55:34,B,iOS
4264,registration,2023-01-01 06:55:11,A,Android
4476,click,2023-01-01 07:27:57,A,Android
5824,view,2023-01-01 09:41:13,B,iOS
9560,view,2023-01-01 21:49:27,A,iOS
5268,registration,2023-01-01 19:04:21,B,Android
4903,click,2023-01-01 06:40:15,A,Android
8157,view,2023-01-01 03:52:04,A,Android
863,click,2023-01-01 18:13:33,B,Android
5553,registration,2023-01-01 16:34:39,B,iOS
4725,view,2023-01-01 06:59:05,A,iOS
9484,click,2023-01-01 04:40:20,B,iOS
3921,click,2023-01-01 02:29:01,A,iOS
7791,click,2023-01-01 00:56:40,A,Android
9362,click,2023-01-01 18:56:19,A,Android
7599,view,2023-01-01 21:05:39,A,Android
2787,click,2023-01-01 02:19:11,B,iOS
5792,registration,2023-01-01 08:09:18,A,iOS
8955,registration,2023-01-01 16:59:43,B,iOS
8031,registration,2023-01-01 07:54:50,A,iOS
4958,view,2023-01-01 20:40:36,B,iOS
1523,view,2023-01-01 15:03:18,B,iOS
4257,view,2023-01-01 06:22:41,B,Android
8984,click,2023-01-01 12:28:20,B,Android
4374,registration,2023-01-01 01:21:32,B,iOS
6231,click,2023-01-01 22:41:14,A,Android
2382,click,2023-01-01 14:44:56,A,iOS
1588,click,2023-01-01 08:24:12,B,Android
2004,registration,2023-01-01 07:49:35,B,Android
1821,click,2023-01-01 07:06:29,B,Android
9143,registration,2023-01-01 12:32:27,A,Android
7529,click,2023-01-01 14:27:49,B,Android
398,click,2023-01-01 22:15:53,B,Android
8402,purchase,2023-01-01 02:28:40,B,iOS
9159,view,2023-01-01 16:22:06,B,Android
2312,view,2023-01-01 17:02:06,A,Android
6794,view,2023-01-01 14:24:17,B,iOS
4554,registration,2023-01-01 07:32:37,B,iOS
3880,click,2023-01-01 13:14:24,B,Android
6772,view,2023-01-01 14:41:57,B,Android
9725,purchase,2023-01-01 12:22:30,B,iOS
8835,registration,2023-01-01 21:36:59,B,Android
9263,view,2023-01-01 10:05:29,B,Android
6266,registration,2023-01-01 15:00:09,B,Android
3014,view,2023-01-01 11:49:07,A,iOS
1270,click,2023-01-01 12:56:00,A,iOS
1741,view,2023-01-01 08:22:52,A,Android
8848,click,2023-01-01 07:50:05,B,iOS
622,registration,2023-01-01 03:58:30,B,iOS
4415,registration,2023-01-01 20:45:25,A,Android
2189,view,2023-01-01 00:18:57,B,iOS
5434,purchase,2023-01-01 00:37:31,B,Android
536,view,2023-01-01 05:38:23,B,iOS
8578,view,2023-01-01 07:22:27,B,iOS
3243,click,2023-01-01 20:34:05,A,Android
6277,purchase,2023-01-01 05:08:32,B,Android
137,view,2023-01-01 08:54:28,A,Android
8074,click,2023-01-01 16:50:37,B,iOS
6827,click,2023-01-01 12:33:16,B,iOS
1105,click,2023-01-01 05:12:27,B,Android
9961,purchase,2023-01-01 08:01:01,B,iOS
6330,click,2023-01-01 20:22:39,A,iOS
279,view,2023-01-01 23:35:48,B,Android
3422,registration,2023-01-01 19:40:35,A,iOS
9744,click,2023-01-01 02:34:04,A,Android
791,view,2023-01-01 01:18:05,B,iOS
5667,view,2023-01-01 20:07:11,A,Android
683,view,2023-01-01 00:51:34,B,Android
9436,click,2023-01-01 00:47:39,A,Android
405,purchase,2023-01-01 05:02:01,B,Android
5385,view,2023-01-01 17:09:08,A,iOS
8401,view,2023-01-01 08:24:32,A,iOS
7243,click,2023-01-01 11:56:37,A,Android
4288,click,2023-01-01 01:26:06,A,Android
347,registration,2023-01-01 17:08:37,B,Android
3619,click,2023-01-01 01:51:57,B,iOS
1683,view,2023-01-01 04:47:24,A,iOS
6218,click,2023-01-01 20:18:46,A,Android
1676,view,2023-01-01 15:36:40,B,Android
8228,click,2023-01-01 22:44:39,B,Android
8141,purchase,2023-01-01 17:27:54,A,iOS
515,click,2023-01-01 12:27:17,A,iOS
9121,click,2023-01-01 09:21:51,A,Android
9316,view,2023-01-01 15:15:00,A,iOS
573,click,2023-01-01 04:34:31,B,Android
9481,click,2023-01-01 12:36:28,B,Android
5448,click,2023-01-01 05:02:52,B,iOS
6282,click,2023-01-01 12:31:28,B,iOS
5407,purchase,2023-01-01 01:08:00,B,Android
3597,purchase,2023-01-01 21:18:29,B,iOS
1491,click,2023-01-01 17:12:43,B,iOS
5423,registration,2023-01-01 14:12:01,B,Android
9651,view,2023-01-01 21:04:19,B,Android
9316,registration,2023-01-01 12:07:46,A,iOS
8169,click,2023-01-01 09:49:04,B,Android
4891,click,2023-01-01 08:29:03,A,Android
9,click,2023-01-01 11:44:45,A,iOS
2615,click,2023-01-01 19:41:00,A,iOS
7498,click,2023-01-01 08:05:24,B,iOS
1664,click,2023-01-01 11:48:41,A,iOS
2071,click,2023-01-01 21:57:54,A,iOS
2437,click,2023-01-01 07:00:54,A,iOS
7140,click,2023-01-01 12:49:57,A,Android
5920,view,2023-01-01 17:38:15,A,iOS
2702,view,2023-01-01 04:45:57,B,iOS
5444,view,2023-01-01 22:10:19,A,Android
7359,view,2023-01-01 23:03:08,B,Android
9925,click,2023-01-01 00:52:02,B,iOS
8383,view,2023-01-01 15:52:12,B,iOS
7648,click,2023-01-01 01:01:27,A,Android
2503,click,2023-01-01 00:44:12,B,Android
7094,registration,2023-01-01 14:43:46,A,iOS
5566,click,2023-01-01 12:30:56,B,iOS
1588,purchase,2023-01-01 12:16:08,B,Android
7659,registration,2023-01-01 07:26:51,B,iOS
9974,view,2023-01-01 02:25:42,B,iOS
3804,view,2023-01-02 04:32:29,B,Android
2565,registration,2023-01-02 15:59:22,A,Android
3276,click,2023-01-02 05:26:59,B,Android
5739,registration,2023-01-02 15:19:40,A,iOS
6985,view,2023-01-02 06:57:44,A,iOS
6947,click,2023-01-02 10:28:41,A,iOS
5584,click,2023-01-02 16:58:06,B,iOS
3982,view,2023-01-02 00:07:41,B,Android
6644,registration,2023-01-02 17:15:28,A,Android
9678,click,2023-01-02 16:24:10,B,Android
6635,registration,2023-01-02 05:45:27,B,Android
1168,click,2023-01-02 23:28:45,B,Android
7742,click,2023-01-02 00:43:26,A,iOS
8543,click,2023-01-02 20:19:34,B,Android
7667,view,2023-01-02 19:22:08,B,iOS
851,click,2023-01-02 19:18:44,B,iOS
5270,click,2023-01-02 03:34:37,B,Android
7042,click,2023-01-02 11:23:04,B,Android
9847,view,2023-01-02 15:45:00,B,iOS
50,click,2023-01-02 06:21:09,A,Android
731,registration,2023-01-02 00:32:41,A,Android
7049,purchase,2023-01-02 03:23:53,A,Android
7308,click,2023-01-02 21:21:50,A,iOS
6371,view,2023-01-02 18:05:15,A,Android
5736,view,2023-01-02 23:46:19,B,Android
286,purchase,2023-01-02 11:23:28,A,iOS
8297,view,2023-01-02 15:14:29,B,Android
4552,registration,2023-01-02 17:48:08,A,Android
2268,click,2023-01-02 00:07:20,A,Android
8621,click,2023-01-02 14:44:27,B,iOS
1526,view,2023-01-02 11:40:31,B,Android
8994,click,2023-01-02 03:47:38,A,iOS
4956,registration,2023-01-02 08:18:08,B,iOS
4906,view,2023-01-02 03:22:16,B,Android
5932,click,2023-01-02 01:15:29,B,Android
1495,view,2023-01-02 00:55:24,A,iOS
6858,view,2023-01-02 01:23:27,A,Android
1383,click,2023-01-02 13:47:22,B,Android
7327,registration,2023-01-02 12:32:00,B,Android
1569,view,2023-01-02 22:49:40,B,Android
9377,click,2023-01-02 06:20:33,A,Android
4977,click,2023-01-02 10:31:04,A,Android
4193,view,2023-01-02 05:03:50,A,iOS
2478,view,2023-01-02 22:29:11,B,Android
4431,view,2023-01-02 16:56:12,A,Android
6520,click,2023-01-02 21:12:28,A,Android
970,view,2023-01-02 05:56:52,B,iOS
965,click,2023-01-02 10:25:38,A,iOS
1924,purchase,2023-01-02 08:43:32,A,Android
9411,purchase,2023-01-02 21:58:54,B,iOS
9277,click,2023-01-02 23:37:39,B,Android
3717,registration,2023-01-02 21:26:04,A,Android
9462,click,2023-01-02 18:04:48,A,Android
5164,click,2023-01-02 07:45:40,B,Android
677,registration,2023-01-02 10:52:09,B,iOS
7039,click,2023-01-02 15:19:08,B,iOS
3865,click,2023-01-02 00:05:51,A,iOS
9278,click,2023-01-02 06:31:08,A,iOS
5669,click,2023-01-02 19:46:56,A,iOS
3807,registration,2023-01-02 19:24:32,B,iOS
8063,click,2023-01-02 17:45:26,B,iOS
7952,view,2023-01-02 12:05:54,A,iOS
1172,click,2023-01-02 10:44:50,B,iOS
3900,view,2023-01-02 01:40:09,A,Android
3600,click,2023-01-02 11:42:51,A,iOS
7650,purchase,2023-01-02 19:33:10,B,Android
2372,purchase,2023-01-02 01:38:04,B,Android
9296,purchase,2023-01-02 11:00:03,A,Android
7343,click,2023-01-02 10:56:54,A,Android
4668,click,2023-01-02 04:07:15,B,iOS
7217,view,2023-01-02 04:23:59,B,iOS
7182,click,2023-01-02 22:23:45,B,iOS
7298,click,2023-01-02 06:29:19,A,Android
8671,purchase,2023-01-02 02:14:41,B,iOS
5245,view,2023-01-02 16:30:03,B,Android
7376,view,2023-01-02 10:36:23,B,Android
978,registration,2023-01-02 16:04:45,A,iOS
7568,click,2023-01-02 21:43:58,B,Android
1604,view,2023-01-02 22:23:23,B,iOS
5802,click,2023-01-02 20:22:54,B,Android
9637,click,2023-01-02 03:37:09,B,iOS
6632,purchase,2023-01-02 12:49:02,B,iOS
7836,view,2023-01-02 04:48:04,A,iOS
7018,registration,2023-01-02 14:47:03,B,Android
4226,purchase,2023-01-02 22:48:24,A,iOS
902,click,2023-01-02 10:18:13,A,iOS
8787,purchase,2023-01-02 11:49:22,A,Android
1273,view,2023-01-02 00:04:57,B,Android
9833,purchase,2023-01-02 14:12:40,B,Android
1607,click,2023-01-02 03:59:41,A,iOS
2536,registration,2023-01-02 04:29:10,A,Android
4450,click,2023-01-02 03:10:03,A,Android
8649,registration,2023-01-02 19:02:20,A,Android
1545,click,2023-01-02 16:02:16,A,Android
7545,registration,2023-01-02 07:55:02,A,iOS
6795,purchase,2023-01-02 12:11:18,A,Android
4515,registration,2023-01-02 09:52:23,B,iOS
5187,click,2023-01-02 19:16:00,B,Android
4633,registration,2023-01-02 12:16:41,A,Android
1265,purchase,2023-01-02 05:58:47,A,iOS
2921,view,2023-01-02 13:14:36,A,iOS
5557,click,2023-01-02 05:02:55,A,Android
4912,view,2023-01-02 09:34:55,B,Android
567,view,2023-01-02 04:05:36,A,Android
332,registration,2023-01-02 04:48:56,A,Android
2746,click,2023-01-02 19:28:38,B,Android
4581,registration,2023-01-02 06:01:51,B,Android
4891,click,2023-01-02 18:04:02,A,Android
99,click,2023-01-02 00:13:01,B,Android
7751,click,2023-01-02 06:28:12,A,iOS
1301,click,2023-01-02 02:52:44,B,Android
1015,registration,2023-01-02 06:59:30,A,Android
5240,click,2023-01-02 14:12:31,B,iOS
3687,purchase,2023-01-02 04:31:07,A,Android
2542,registration,2023-01-02 00:31:28,A,Android
974,click,2023-01-02 23:35:05,A,iOS
7230,view,2023-01-02 13:04:29,B,Android
3657,click,2023-01-02 22:39:53,A,iOS
331,view,2023-01-02 20:20:45,A,Android
2659,purchase,2023-01-02 17:01:31,B,iOS
7970,registration,2023-01-02 04:53:21,A,Android
1434,purchase,2023-01-02 17:02:51,B,Android
5500,click,2023-01-02 08:45:11,A,iOS
8004,click,2023-01-02 12:54:41,A,Android
2231,view,2023-01-02 21:03:09,A,Android
1109,view,2023-01-02 16:54:39,B,Android
3711,click,2023-01-02 18:51:35,A,iOS
5946,click,2023-01-02 05:49:16,A,iOS
2984,click,2023-01-02 12:26:53,B,iOS
6372,view,2023-01-02 09:22:21,A,Android
867,click,2023-01-02 18:48:16,A,Android
1750,click,2023-01-02 15:09:28,A,Android
701,purchase,2023-01-02 15:25:49,B,iOS
3829,click,2023-01-02 23:23:33,A,Android
3091,click,2023-01-02 13:25:32,B,iOS
5941,purchase,2023-01-02 06:41:56,B,Android
6396,view,2023-01-02 13:07:57,A,iOS
9700,view,2023-01-02 03:13:09,B,Android
7615,view,2023-01-02 17:54:40,B,Android
9031,view,2023-01-02 10:02:31,B,iOS
6192,click,2023-01-02 23:00:16,B,iOS
4151,click,2023-01-02 01:14:29,B,iOS
7245,click,2023-01-02 15:01:33,A,Android
8913,registration,2023-01-02 07:17:42,B,iOS
3177,click,2023-01-02 07:49:33,B,Android
9127,click,2023-01-02 17:32:26,B,Android
1767,click,2023-01-02 21:19:35,A,iOS
9515,view,2023-01-02 16:53:32,B,iOS
2137,click,2023-01-02 11:09:05,B,Android
878,view,2023-01-02 00:45:45,A,iOS
5679,click,2023-01-02 19:58:56,A,Android
1639,click,2023-01-02 09:25:05,A,Android
5170,registration,2023-01-02 18:10:47,B,Android
4367,view,2023-01-02 08:53:53,B,Android
4712,registration,2023-01-02 22:01:21,B,iOS
7340,view,2023-01-02 03:41:30,B,Android
2660,click,2023-01-02 06:35:18,B,iOS
229,view,2023-01-02 10:47:05,B,Android
4869,purchase,2023-01-02 00:05:38,A,iOS
4031,view,2023-01-02 10:03:36,A,iOS
3143,view,2023-01-02 18:46:44,A,iOS
8187,registration,2023-01-02 10:11:29,A,iOS
3648,registration,2023-01-02 02:35:49,A,Android
6385,registration,2023-01-02 18:59:04,B,iOS
2554,click,2023-01-02 22:28:55,B,iOS
643,registration,2023-01-02 17:40:03,A,iOS
2488,registration,2023-01-02 12:16:06,B,Android
9519,click,2023-01-02 16:47:32,B,iOS
411,view,2023-01-02 13:09:17,A,Android
1036,view,2023-01-02 19:52:19,A,iOS
1601,click,2023-01-02 20:58:18,A,iOS
7912,view,2023-01-02 08:39:22,A,iOS
7769,click,2023-01-02 12:20:30,A,Android
9674,purchase,2023-01-02 00:53:22,A,iOS
4023,purchase,2023-01-02 08:31:12,A,Android
6081,click,2023-01-02 07:12:47,B,Android
7926,click,2023-01-02 22:49:30,A,Android
1248,view,2023-01-02 12:38:35,B,iOS
5460,view,2023-01-02 09:02:07,A,iOS
5631,click,2023-01-02 08:49:48,B,Android
9411,view,2023-01-02 17:15:59,B,iOS
5251,click,2023-01-02 00:53:27,A,iOS
9942,click,2023-01-02 01:08:36,B,iOS
2917,registration,2023-01-02 14:57:47,A,Android
5218,view,2023-01-02 12:20:58,B,Android
4832,view,2023-01-02 07:04:03,A,iOS
5124,view,2023-01-02 12:44:54,B,Android
5370,view,2023-01-02 16:15:34,A,Android
5850,view,2023-01-02 15:15:07,B,iOS
573,view,2023-01-02 11:00:45,B,Android
1831,registration,2023-01-02 14:57:12,A,iOS
6843,view,2023-01-02 09:26:06,B,Android
7096,registration,2023-01-02 10:38:30,B,Android
6385,purchase,2023-01-02 12:24:37,B,iOS
1341,view,2023-01-02 06:42:48,A,iOS
9730,registration,2023-01-02 11:10:28,B,Android
990,view,2023-01-02 00:53:59,A,iOS
5627,click,2023-01-02 16:51:08,A,iOS
2077,purchase,2023-01-02 18:05:21,B,iOS
8266,view,2023-01-02 22:11:36,B,iOS
2482,click,2023-01-02 04:24:52,A,Android
7236,click,2023-01-02 05:15:09,B,iOS
4709,registration,2023-01-02 06:55:13,B,iOS
3690,view,2023-01-02 14:43:37,B,iOS
3197,view,2023-01-02 09:01:44,B,Android
1939,registration,2023-01-02 20:54:51,B,Android
2148,view,2023-01-02 13:21:20,B,Android
6282,view,2023-01-02 12:37:00,B,iOS
1129,purchase,2023-01-02 03:21:26,A,Android
1963,view,2023-01-02 15:58:25,B,Android
2208,registration,2023-01-02 19:19:55,A,Android
8738,click,2023-01-02 23:06:03,B,Android
4340,click,2023-01-02 07:59:01,B,Android
6373,click,2023-01-02 10:58:23,A,Android
8572,click,2023-01-02 07:14:47,A,iOS
3582,click,2023-01-02 06:03:55,B,iOS
8151,view,2023-01-02 07:10:07,B,Android
7084,registration,2023-01-02 07:12:06,B,iOS
3124,view,2023-01-02 18:13:34,B,Android
4006,click,2023-01-02 20:19:59,A,iOS
780,view,2023-01-02 19:20:26,A,iOS
7822,purchase,2023-01-02 17:20:46,A,iOS
6178,view,2023-01-02 13:05:52,A,iOS
4979,click,2023-01-02 03:48:40,A,Android
983,click,2023-01-02 12:51:17,B,Android
5627,view,2023-01-02 08:30:52,A,iOS
9280,click,2023-01-02 16:24:07,A,iOS
5629,purchase,2023-01-02 10:46:52,A,iOS
8325,view,2023-01-02 04:38:41,B,Android
8823,click,2023-01-02 21:04:18,A,iOS
242,registration,2023-01-02 19:13:15,A,iOS
2342,view,2023-01-02 18:31:52,A,iOS
1500,click,2023-01-02 07:47:24,B,Android
9406,click,2023-01-02 01:12:39,A,Android
1249,view,2023-01-02 01:38:04,B,Android
3541,view,2023-01-02 18:08:06,B,Android
1714,click,2023-01-02 00:29:31,A,Android
3465,click,2023-01-02 13:33:09,B,iOS
1322,registration,2023-01-02 23:47:02,B,Android
9638,click,2023-01-02 16:14:12,B,iOS
8477,purchase,2023-01-02 05:47:23,B,Android
9779,click,2023-01-02 01:23:04,B,Android
9350,click,2023-01-02 01:47:10,B,iOS
3029,click,2023-01-02 21:33:34,B,Android
3957,click,2023-01-02 05:11:41,B,Android
8564,view,2023-01-02 17:04:56,A,iOS
7268,view,2023-01-02 22:27:33,B,iOS
6579,view,2023-01-02 03:36:02,A,Android
8024,click,2023-01-02 20:43:53,B,Android
2511,view,2023-01-02 23:48:07,B,Android
3978,click,2023-01-02 07:44:47,B,iOS
3899,click,2023-01-02 16:02:27,A,Android
5608,registration,2023-01-02 05:23:05,A,iOS
342,click,2023-01-02 07:30:31,B,Android
1932,click,2023-01-02 04:59:19,B,iOS
9833,click,2023-01-02 18:02:14,B,Android
9506,registration,2023-01-02 07:30:07,B,iOS
1633,purchase,2023-01-02 13:47:24,B,Android
4371,view,2023-01-02 23:20:45,A,iOS
8579,click,2023-01-02 12:21:22,B,Android
1970,registration,2023-01-02 01:59:21,B,iOS
1565,registration,2023-01-02 11:08:47,A,Android
8279,registration,2023-01-02 06:41:50,A,iOS
1230,view,2023-01-02 23:15:37,B,iOS
182,click,2023-01-02 17:15:11,B,iOS
780,view,2023-01-02 09:09:45,A,iOS
8939,click,2023-01-02 18:44:28,B,iOS
9838,view,2023-01-02 20:15:16,A,iOS
8668,click,2023-01-02 10:40:57,A,iOS
8748,view,2023-01-02 02:03:10,A,Android
9795,view,2023-01-02 21:56:01,B,iOS
97,click,2023-01-02 19:49:54,A,Android
1121,view,2023-01-02 03:21:33,A,iOS
9671,registration,2023-01-02 10:04:17,B,Android
5125,registration,2023-01-02 14:51:52,B,Android
9830,click,2023-01-02 09:51:50,A,iOS
3625,view,2023-01-02 23:43:49,A,Android
2927,click,2023-01-02 00:05:51,A,iOS
7660,view,2023-01-02 15:27:39,A,iOS
4523,purchase,2023-01-02 00:04:45,A,Android
4087,view,2023-01-02 13:40:13,A,Android
3938,view,2023-01-02 19:30:38,A,iOS
5992,registration,2023-01-02 08:47:32,B,Android
3677,click,2023-01-02 19:42:25,A,Android
3646,view,2023-01-02 01:01:31,A,iOS
3965,click,2023-01-02 18:05:26,A,iOS
5168,registration,2023-01-02 16:03:10,A,iOS
6173,registration,2023-01-02 23:58:59,A,Android
9325,view,2023-01-02 00:35:35,B,iOS
1038,registration,2023-01-02 05:19:50,A,Android
2236,view,2023-01-02 19:58:11,A,iOS
1083,view,2023-01-02 04:30:48,B,iOS
1801,click,2023-01-02 03:47:57,B,Android
8609,registration,2023-01-02 05:14:02,B,iOS
5971,purchase,2023-01-02 21:28:36,B,Android
4697,purchase,2023-01-02 13:10:35,B,iOS
715,view,2023-01-02 02:50:26,A,iOS
4573,view,2023-01-02 19:07:52,A,iOS
7189,click,2023-01-02 03:39:55,B,iOS
3435,registration,2023-01-02 21:46:34,A,iOS
6182,purchase,2023-01-02 06:00:51,A,Android
6938,click,2023-01-02 15:34:21,A,iOS
9584,click,2023-01-02 10:09:37,B,iOS
2110,click,2023-01-02 11:05:48,A,Android
8438,click,2023-01-02 11:31:15,B,iOS
2277,view,2023-01-02 22:28:51,A,Android
1698,view,2023-01-02 11:38:11,B,iOS
7955,click,2023-01-02 03:37:28,A,iOS
4611,view,2023-01-02 14:16:58,A,iOS
2627,click,2023-01-02 13:44:27,A,iOS
6187,click,2023-01-02 14:34:34,A,Android
4416,click,2023-01-02 22:09:52,B,Android
8797,registration,2023-01-02 13:36:27,A,Android
6096,view,2023-01-02 23:06:05,B,Android
825,view,2023-01-02 20:04:05,A,iOS
8581,click,2023-01-02 18:20:12,A,iOS
9049,click,2023-01-02 02:59:40,A,iOS
8068,registration,2023-01-02 00:25:08,A,Android
4237,click,2023-01-02 10:02:34,B,iOS
1200,click,2023-01-02 06:38:36,B,iOS
1922,registration,2023-01-02 11:44:26,A,Android
5074,registration,2023-01-02 09:02:27,A,iOS
1833,purchase,2023-01-02 10:02:03,B,Android
4960,registration,2023-01-02 08:12:55,B,iOS
84,purchase,2023-01-02 13:12:35,A,Android
445,view,2023-01-02 02:09:28,B,Android
8641,click,2023-01-02 22:01:17,A,iOS
3398,view,2023-01-02 08:33:50,A,Android
2243,view,2023-01-02 08:07:13,A,Android
3376,click,2023-01-02 16:21:11,A,Android
1829,view,2023-01-02 08:35:00,B,iOS
2445,click,2023-01-02 07:25:37,B,iOS
8021,click,2023-01-02 16:50:06,A,Android
9006,view,2023-01-02 04:17:53,A,Android
3956,registration,2023-01-02 20:32:13,A,iOS
1689,click,2023-01-02 21:51:21,A,iOS
7252,registration,2023-01-02 02:56:22,A,iOS
3461,click,2023-01-02 07:17:41,A,iOS
6684,view,2023-01-02 04:10:43,B,iOS
7098,registration,2023-01-02 06:01:20,A,Android
6131,view,2023-01-02 07:19:17,A,iOS
1168,view,2023-01-02 03:38:05,B,Android
1768,click,2023-01-02 06:04:08,B,Android
6060,registration,2023-01-02 19:18:39,A,Android
4577,registration,2023-01-02 00:05:32,B,iOS
9717,view,2023-01-02 06:16:21,A,iOS
2298,registration,2023-01-02 21:04:51,B,iOS
2679,click,2023-01-02 11:35:27,B,Android
5479,click,2023-01-02 16:19:17,B,iOS
7943,view,2023-01-02 22:59:28,A,iOS
8996,click,2023-01-02 14:27:23,B,iOS
2197,view,2023-01-02 21:31:12,A,Android
6204,click,2023-01-02 22:58:03,B,iOS
8703,registration,2023-01-02 14:10:15,B,Android
4509,view,2023-01-02 03:46:37,A,iOS
2262,click,2023-01-02 18:04:13,B,iOS
8622,registration,2023-01-02 17:02:14,A,iOS
8017,view,2023-01-02 16:56:35,B,iOS
2317,click,2023-01-02 19:46:39,B,Android
2658,click,2023-01-02 02:39:32,B,iOS
1732,click,2023-01-02 16:53:44,A,Android
5099,click,2023-01-02 22:52:57,B,Android
3137,purchase,2023-01-02 10:50:37,A,iOS
9508,view,2023-01-02 23:51:41,B,iOS
2419,registration,2023-01-02 22:10:21,B,Android
6261,purchase,2023-01-02 05:58:31,A,iOS
3738,view,2023-01-02 23:34:00,A,iOS
4273,click,2023-01-02 00:28:47,B,iOS
656,click,2023-01-02 07:52:09,B,Android
9087,click,2023-01-02 22:35:10,A,Android
6980,purchase,2023-01-02 00:16:27,B,Android
9170,click,2023-01-02 02:28:12,B,iOS
8960,click,2023-01-02 19:38:48,A,Android
1832,click,2023-01-02 04:59:07,B,iOS
3469,view,2023-01-02 17:46:58,B,Android
9488,click,2023-01-02 08:41:29,B,Android
1488,click,2023-01-02 07:12:13,A,Android
6413,view,2023-01-02 16:30:03,B,Android
8454,purchase,2023-01-02 23:15:41,A,Android
7779,registration,2023-01-02 01:53:28,A,iOS
5392,click,2023-01-02 04:17:39,B,Android
4338,click,2023-01-02 01:58:08,A,Android
1383,registration,2023-01-02 20:14:01,B,Android
3361,click,2023-01-02 21:43:36,A,iOS
7224,click,2023-01-02 08:13:05,B,iOS
2832,view,2023-01-02 02:39:02,B,iOS
8793,view,2023-01-02 21:02:51,B,Android
3935,purchase,2023-01-02 18:44:44,B,Android
2289,click,2023-01-02 17:30:11,B,Android
5436,purchase,2023-01-02 12:54:32,B,Android
6211,view,2023-01-02 19:46:14,A,iOS
3874,click,2023-01-02 00:38:11,A,Android
4381,click,2023-01-02 05:54:05,A,iOS
541,click,2023-01-02 17:04:14,A,Android
5624,view,2023-01-02 07:14:08,B,Android
844,view,2023-01-02 12:20:40,A,iOS
4917,purchase,2023-01-02 10:22:58,A,Android
707,registration,2023-01-02 08:12:15,B,iOS
2275,view,2023-01-02 10:50:11,A,Android
4892,click,2023-01-02 06:06:40,B,Android
1034,registration,2023-01-02 12:55:23,A,iOS
6902,purchase,2023-01-02 10:48:41,B,iOS
2546,view,2023-01-02 23:42:57,A,iOS
7160,click,2023-01-02 02:35:41,B,iOS
4631,click,2023-01-02 07:15:06,B,iOS
1570,view,2023-01-02 06:07:40,B,Android
4804,registration,2023-01-02 10:05:17,A,iOS
661,purchase,2023-01-02 04:48:25,B,Android
8538,click,2023-01-02 08:36:21,B,iOS
2289,click,2023-01-02 06:37:03,B,Android
7771,purchase,2023-01-02 23:22:01,B,iOS
1523,registration,2023-01-02 18:41:35,B,iOS
4672,click,2023-01-02 18:54:46,B,Android
1049,registration,2023-01-02 02:33:47,A,iOS
3243,click,2023-01-02 10:34:52,A,Android
2383,click,2023-01-02 07:02:41,A,Android
7361,registration,2023-01-02 08:29:34,A,iOS
6832,view,2023-01-02 18:11:28,B,iOS
6170,view,2023-01-02 23:59:30,B,Android
2771,click,2023-01-02 16:33:22,A,Android
2839,view,2023-01-02 01:25:40,A,iOS
4374,click,2023-01-02 08:35:34,B,iOS
5189,view,2023-01-02 02:30:08,B,iOS
5948,view,2023-01-02 09:23:35,A,iOS
532,click,2023-01-02 17:49:42,B,Android
4782,registration,2023-01-02 07:50:45,A,iOS
3245,registration,2023-01-02 12:02:10,B,Android
8396,registration,2023-01-02 22:58:04,A,Android
8919,purchase,2023-01-02 09:21:16,A,Android
8152,view,2023-01-02 13:34:31,A,iOS
7033,registration,2023-01-02 04:12:08,A,iOS
5297,registration,2023-01-02 11:45:17,A,iOS
359,click,2023-01-02 03:29:38,B,Android
7976,view,2023-01-02 11:51:04,A,iOS
7054,click,2023-01-02 10:08:33,A,iOS
3466,click,2023-01-02 19:01:49,A,Android
5404,click,2023-01-02 14:06:26,A,iOS
4645,registration,2023-01-02 10:26:08,A,iOS
1674,registration,2023-01-02 13:54:36,B,iOS
5240,view,2023-01-02 14:45:47,B,iOS
6643,click,2023-01-02 12:08:41,B,iOS
558,purchase,2023-01-02 08:06:25,B,Android
5056,view,2023-01-02 12:11:41,B,iOS
8841,click,2023-01-02 04:45:07,A,Android
8170,view,2023-01-02 03:02:31,B,Android
2372,view,2023-01-02 09:36:10,B,Android
2364,registration,2023-01-02 07:14:27,A,Android
1515,registration,2023-01-02 02:56:03,A,iOS
6941,view,2023-01-02 07:06:19,A,iOS
9302,registration,2023-01-02 17:01:24,B,iOS
8612,view,2023-01-02 12:42:16,A,Android
1787,view,2023-01-02 11:18:08,A,iOS
8098,purchase,2023-01-02 08:40:24,B,Android
5688,click,2023-01-02 10:28:31,A,iOS
1219,registration,2023-01-02 08:56:48,A,Android
4480,purchase,2023-01-02 21:20:31,A,iOS
9578,view,2023-01-02 12:04:11,B,Android
2258,click,2023-01-02 10:26:59,B,iOS
2492,click,2023-01-02 11:55:22,A,iOS
8549,registration,2023-01-02 02:31:37,B,Android
1533,view,2023-01-02 11:19:31,B,Android
6307,click,2023-01-02 00:35:14,B,Android
8612,click,2023-01-02 18:07:14,A,Android
286,registration,2023-01-02 15:13:58,A,iOS
9985,click,2023-01-02 02:11:41,B,iOS
9592,registration,2023-01-02 02:55:35,A,Android
4630,purchase,2023-01-02 03:13:21,B,Android
4591,purchase,2023-01-02 23:27:44,A,Android
3818,click,2023-01-02 06:27:56,A,iOS
9153,registration,2023-01-02 08:29:24,B,Android
5446,registration,2023-01-02 15:32:37,A,iOS
6091,click,2023-01-02 03:19:38,A,Android
6154,view,2023-01-02 03:59:26,B,iOS
8410,registration,2023-01-02 15:19:20,B,iOS
8030,registration,2023-01-02 00:00:36,B,Android
8487,view,2023-01-02 08:33:13,B,Android
7152,click,2023-01-02 06:36:18,B,Android
4652,click,2023-01-02 09:58:31,A,iOS
2775,click,2023-01-02 04:42:28,B,Android
7661,purchase,2023-01-02 21:00:19,A,iOS
3292,registration,2023-01-02 16:49:19,A,Android
8125,registration,2023-01-02 05:02:39,B,iOS
7501,purchase,2023-01-02 18:24:42,A,Android
9174,click,2023-01-02 22:01:24,A,iOS
7172,click,2023-01-02 08:16:26,B,iOS
4180,registration,2023-01-02 08:46:33,A,Android
8972,view,2023-01-02 21:15:02,A,Android
990,view,2023-01-02 09:24:30,A,iOS
48,click,2023-01-02 18:22:38,B,Android
201,view,2023-01-02 01:04:56,A,Android
2324,purchase,2023-01-02 02:28:47,A,Android
6730,registration,2023-01-02 07:35:06,B,iOS
4666,view,2023-01-02 03:41:23,A,iOS
2511,click,2023-01-02 08:52:17,B,Android
8513,purchase,2023-01-02 05:57:03,A,Android
2464,click,2023-01-02 02:01:21,A,Android
1589,view,2023-01-02 20:26:17,B,Android
7875,purchase,2023-01-02 04:17:31,B,Android
8733,click,2023-01-02 13:57:53,B,Android
4061,view,2023-01-02 03:18:55,B,iOS
6852,click,2023-01-02 20:57:43,B,Android
8856,purchase,2023-01-02 12:33:35,B,Android
3536,registration,2023-01-02 01:19:20,B,iOS
7796,click,2023-01-02 22:13:22,B,iOS
4240,click,2023-01-02 12:26:38,A,iOS
9898,registration,2023-01-02 05:59:50,B,iOS
4528,registration,2023-01-02 15:15:04,B,iOS
4626,view,2023-01-02 22:41:27,B,Android
655,registration,2023-01-02 19:25:56,B,iOS
1450,click,2023-01-02 21:03:16,B,Android
4209,view,2023-01-02 03:25:33,B,Android
6795,click,2023-01-02 08:04:28,A,Android
1648,view,2023-01-02 05:03:24,A,Android
50,click,2023-01-02 15:28:31,A,Android
4475,click,2023-01-02 00:12:34,A,iOS
2655,click,2023-01-02 00:48:10,A,Android
2003,click,2023-01-02 10:11:28,B,iOS
4196,view,2023-01-02 05:55:35,B,iOS
6401,click,2023-01-02 06:30:55,B,Android
9480,registration,2023-01-02 06:29:36,A,iOS
2603,click,2023-01-02 07:00:13,A,iOS
9731,click,2023-01-02 15:33:19,B,iOS
4815,view,2023-01-02 23:16:27,B,Android
3319,purchase,2023-01-02 12:13:43,B,iOS
2478,view,2023-01-02 21:38:06,B,Android
2949,purchase,2023-01-02 17:04:34,B,iOS
2877,registration,2023-01-02 05:28:08,A,Android
274,click,2023-01-02 00:39:47,B,Android
7216,click,2023-01-02 06:52:35,B,Android
6084,view,2023-01-02 04:42:30,B,Android
3905,view,2023-01-02 17:25:34,B,iOS
744,view,2023-01-02 09:54:10,A,Android
6972,view,2023-01-02 22:52:49,A,Android
4615,click,2023-01-02 13:21:38,A,iOS
3529,click,2023-01-02 09:27:24,A,Android
9908,click,2023-01-02 03:23:32,B,Android
7578,click,2023-01-02 14:21:11,A,iOS
7946,click,2023-01-02 16:28:05,A,Android
8776,view,2023-01-02 02:54:10,A,iOS
9325,view,2023-01-02 01:46:43,B,iOS
9600,view,2023-01-02 10:58:59,A,Android
911,click,2023-01-02 16:45:21,B,iOS
6208,purchase,2023-01-02 03:50:23,A,Android
9431,view,2023-01-02 18:35:39,A,iOS
1923,click,2023-01-02 01:18:24,B,iOS
5528,purchase,2023-01-02 04:16:38,B,iOS
7183,view,2023-01-02 02:47:26,B,iOS
421,click,2023-01-02 16:32:21,B,Android
5247,view,2023-01-02 10:18:33,A,Android
4231,view,2023-01-02 00:00:00,A,iOS
2987,registration,2023-01-02 21:19:24,A,Android
354,view,2023-01-02 05:11:01,A,iOS
6613,click,2023-01-02 18:53:15,B,Android
4802,registration,2023-01-02 19:48:00,A,Android
9983,view,2023-01-02 03:11:05,A,Android
4358,registration,2023-01-02 22:13:04,A,Android
5631,click,2023-01-02 17:37:16,B,Android
6436,click,2023-01-02 09:04:10,B,Android
2083,click,2023-01-02 04:17:55,A,iOS
2321,registration,2023-01-02 23:19:19,A,iOS
760,click,2023-01-02 07:42:06,A,Android
6734,click,2023-01-02 19:41:00,B,iOS
4420,purchase,2023-01-02 18:28:28,B,iOS
2197,registration,2023-01-02 04:51:29,A,Android
3565,click,2023-01-02 02:36:22,B,Android
2454,purchase,2023-01-02 12:22:08,A,iOS
6833,click,2023-01-02 05:29:55,B,Android
3891,view,2023-01-02 01:16:11,A,iOS
2284,click,2023-01-02 13:35:31,B,Android
4815,purchase,2023-01-02 07:16:28,B,Android
3093,click,2023-01-02 21:03:36,A,iOS
6189,registration,2023-01-02 14:45:03,B,iOS
3544,click,2023-01-02 19:43:04,A,iOS
7913,click,2023-01-02 18:37:20,A,Android
1565,view,2023-01-02 06:36:43,A,Android
4954,registration,2023-01-02 16:03:32,B,Android
37,click,2023-01-02 18:30:49,A,Android
43,click,2023-01-02 12:36:07,A,iOS
2810,click,2023-01-02 11:17:48,A,Android
1035,click,2023-01-02 10:22:54,A,Android
2516,view,2023-01-02 02:11:47,B,iOS
4610,view,2023-01-02 08:05:12,B,iOS
7707,purchase,2023-01-02 02:42:18,B,iOS
1116,view,2023-01-02 16:04:35,A,iOS
2320,click,2023-01-02 14:33:17,B,iOS
7934,click,2023-01-02 05:25:36,B,iOS
24,view,2023-01-02 11:05:35,B,Android
7550,view,2023-01-02 19:59:20,B,iOS
845,registration,2023-01-02 01:54:27,A,iOS
7434,click,2023-01-02 14:47:19,A,Android
4395,view,2023-01-02 15:25:45,A,Android
9699,view,2023-01-02 04:15:02,A,iOS
7744,view,2023-01-02 15:03:20,B,iOS
6483,registration,2023-01-02 02:20:23,B,Android
5513,view,2023-01-02 04:08:36,A,Android
1620,click,2023-01-02 03:48:27,A,iOS
6708,click,2023-01-02 14:25:03,B,iOS
4193,click,2023-01-02 13:40:46,A,iOS
9609,registration,2023-01-02 18:16:48,A,iOS
9372,click,2023-01-02 17:16:46,B,iOS
8168,click,2023-01-02 22:00:18,B,Android
8178,registration,2023-01-02 10:40:47,A,iOS
1043,click,2023-01-02 10:58:58,B,iOS
3360,purchase,2023-01-02 13:57:13,A,Android
9645,click,2023-01-02 09:55:46,B,Android
5493,click,2023-01-02 15:23:04,A,Android
7057,click,2023-01-02 00:18:15,A,iOS
7461,click,2023-01-02 05:34:35,B,Android
34,click,2023-01-02 12:07:05,A,Android
882,click,2023-01-02 18:39:15,B,Android
4517,view,2023-01-02 00:49:27,B,Android
1280,view,2023-01-02 01:22:55,A,iOS
2297,registration,2023-01-02 00:24:20,A,Android
483,click,2023-01-02 13:37:19,B,iOS
8149,click,2023-01-02 21:35:34,A,Android
5650,click,2023-01-02 12:52:35,A,Android
5213,registration,2023-01-02 16:31:50,A,iOS
6480,click,2023-01-02 13:16:07,B,Android
2226,purchase,2023-01-02 19:47:17,B,Android
411,view,2023-01-02 10:30:28,A,Android
3150,click,2023-01-02 00:50:26,B,Android
9450,view,2023-01-02 23:39:31,A,Android
8563,click,2023-01-02 17:41:47,B,Android
4312,view,2023-01-02 20:30:59,A,Android
8215,click,2023-01-02 00:54:20,B,iOS
8121,click,2023-01-02 04:06:26,A,Android
1892,click,2023-01-02 10:52:33,B,iOS
7969,click,2023-01-02 08:40:32,A,iOS
9051,registration,2023-01-02 00:57:11,B,Android
4216,click,2023-01-02 20:24:35,B,Android
8724,registration,2023-01-02 16:09:53,B,iOS
824,purchase,2023-01-02 08:00:21,A,iOS
5517,view,2023-01-02 14:42:11,B,Android
2257,click,2023-01-02 16:06:09,B,Android
5051,registration,2023-01-02 20:14:24,A,Android
1332,view,2023-01-02 18:40:19,B,Android
7862,view,2023-01-02 02:26:42,B,iOS
9341,view,2023-01-02 22:34:57,B,iOS
1270,click,2023-01-02 00:58:25,A,iOS
6095,click,2023-01-02 23:09:22,A,Android
7294,view,2023-01-02 20:51:50,B,iOS
1177,view,2023-01-02 02:13:25,B,Android
327,view,2023-01-02 07:53:10,A,Android
7085,registration,2023-01-02 16:33:44,A,Android
8,click,2023-01-02 22:47:40,A,Android
8469,registration,2023-01-02 03:40:23,B,Android
8355,registration,2023-01-02 18:11:18,B,Android
5025,click,2023-01-02 00:16:15,B,iOS
5372,view,2023-01-02 10:41:30,A,Android
5942,registration,2023-01-02 18:41:00,A,Android
2902,click,2023-01-02 10:56:50,B,Android
2352,click,2023-01-02 01:03:32,B,iOS
5964,click,2023-01-02 14:18:25,A,iOS
6234,click,2023-01-02 04:21:24,B,Android
8268,view,2023-01-02 03:39:41,A,iOS
2484,click,2023-01-02 09:03:02,A,iOS
7792,click,2023-01-02 22:15:05,A,Android
1567,click,2023-01-02 15:47:09,B,Android
4734,view,2023-01-02 14:47:51,B,Android
1582,click,2023-01-02 16:18:02,B,iOS
2718,click,2023-01-02 06:28:51,A,Android
3080,view,2023-01-02 22:54:06,B,iOS
6719,view,2023-01-02 05:59:44,B,iOS
7247,view,2023-01-02 07:55:04,B,iOS
2022,click,2023-01-02 14:10:32,B,Android
4966,click,2023-01-02 13:14:34,A,iOS
7937,click,2023-01-02 23:34:48,A,iOS
9924,click,2023-01-02 09:23:50,A,Android
4385,view,2023-01-02 09:28:19,B,iOS
6410,click,2023-01-02 18:19:53,B,iOS
3001,view,2023-01-02 17:03:05,A,iOS
8564,click,2023-01-02 12:04:09,A,iOS
7434,purchase,2023-01-02 22:30:56,A,Android
9324,view,2023-01-02 17:51:42,A,iOS
7967,registration,2023-01-02 15:43:31,B,Android
7602,view,2023-01-02 20:56:55,B,iOS
4897,view,2023-01-02 01:56:35,A,iOS
8592,registration,2023-01-02 14:06:41,B,Android
1957,registration,2023-01-02 00:48:11,B,iOS
7052,purchase,2023-01-02 20:58:31,B,Android
2405,registration,2023-01-02 05:05:40,B,Android
4643,view,2023-01-02 03:40:34,A,iOS
2355,click,2023-01-02 21:53:27,B,iOS
6226,click,2023-01-02 13:54:54,A,Android
7560,click,2023-01-02 07:28:48,A,iOS
9971,purchase,2023-01-02 08:34:15,B,iOS
2953,click,2023-01-02 01:42:28,B,Android
2899,click,2023-01-02 11:34:28,B,Android
5032,click,2023-01-02 02:34:36,A,Android
7177,view,2023-01-02 17:49:39,B,Android
3043,registration,2023-01-02 06:37:33,B,Android
4671,registration,2023-01-02 02:35:29,B,iOS
8956,view,2023-01-02 17:32:16,B,iOS
6420,registration,2023-01-02 00:46:33,B,iOS
519,click,2023-01-02 11:44:31,A,iOS
3592,registration,2023-01-02 18:56:39,A,Android
1191,click,2023-01-02 20:18:50,A,iOS
6374,registration,2023-01-02 05:21:28,A,iOS
3679,view,2023-01-02 06:18:38,A,Android
283,view,2023-01-02 08:18:00,B,Android
9463,purchase,2023-01-02 10:17:50,A,Android
2983,view,2023-01-02 20:58:44,A,iOS
9955,registration,2023-01-02 05:08:27,B,iOS
5701,registration,2023-01-02 06:17:34,A,Android
5257,click,2023-01-02 19:37:35,B,iOS
3460,view,2023-01-02 10:38:50,B,Android
5627,click,2023-01-02 00:01:34,A,iOS
5484,view,2023-01-02 04:56:53,A,iOS
1050,view,2023-01-02 08:01:44,A,iOS
7052,view,2023-01-02 22:59:24,B,Android
6747,click,2023-01-02 10:11:29,B,Android
9314,view,2023-01-02 03:26:23,B,Android
1352,click,2023-01-02 09:03:41,B,Android
3706,purchase,2023-01-02 17:07:52,B,iOS
6086,view,2023-01-03 11:52:35,B,iOS
8046,click,2023-01-03 18:04:42,B,iOS
6848,click,2023-01-03 14:11:08,A,iOS
7127,registration,2023-01-03 07:41:54,B,iOS
628,view,2023-01-03 10:37:56,A,Android
4207,click,2023-01-03 07:02:12,B,iOS
8919,purchase,2023-01-03 22:51:15,A,Android
818,view,2023-01-03 00:16:59,A,iOS
4037,view,2023-01-03 11:32:56,A,Android
2338,registration,2023-01-03 18:48:47,B,Android
9111,purchase,2023-01-03 05:43:44,B,iOS
3734,click,2023-01-03 09:07:09,B,Android
3795,view,2023-01-03 05:14:57,A,Android
4293,click,2023-01-03 03:14:39,A,iOS
2604,click,2023-01-03 00:26:32,B,iOS
2767,registration,2023-01-03 04:25:57,A,iOS
2623,click,2023-01-03 00:02:19,A,iOS
8364,view,2023-01-03 09:01:03,A,Android
1069,click,2023-01-03 21:33:35,A,Android
3754,click,2023-01-03 07:19:44,B,Android
4719,click,2023-01-03 20:12:18,A,iOS
6493,registration,2023-01-03 13:21:01,A,iOS
2845,view,2023-01-03 07:46:19,A,Android
1377,purchase,2023-01-03 02:53:49,A,iOS
7289,registration,2023-01-03 21:46:12,B,iOS
7785,click,2023-01-03 00:43:50,A,Android
2491,click,2023-01-03 11:50:57,A,iOS
4195,view,2023-01-03 13:53:17,A,iOS
844,purchase,2023-01-03 13:53:10,A,iOS
9882,purchase,2023-01-03 18:14:25,B,iOS
6549,registration,2023-01-03 22:04:55,B,iOS
1088,click,2023-01-03 23:07:22,B,iOS
3410,purchase,2023-01-03 18:42:37,A,iOS
7878,purchase,2023-01-03 07:23:52,B,Android
7873,purchase,2023-01-03 03:46:05,A,Android
4467,registration,2023-01-03 19:58:36,B,iOS
1301,purchase,2023-01-03 18:27:54,B,Android
6340,view,2023-01-03 09:12:01,A,Android
2113,click,2023-01-03 02:26:00,B,iOS
5908,click,2023-01-03 11:02:08,A,Android
2109,click,2023-01-03 18:29:21,B,Android
3046,click,2023-01-03 06:48:54,A,iOS
3992,purchase,2023-01-03 10:18:36,B,Android
5406,click,2023-01-03 10:54:54,B,iOS
2450,click,2023-01-03 01:42:17,A,Android
4469,click,2023-01-03 01:25:40,A,iOS
4650,view,2023-01-03 17:25:38,B,Android
1883,view,2023-01-03 00:27:37,A,iOS
5280,registration,2023-01-03 15:55:11,A,Android
7985,registration,2023-01-03 13:30:48,A,iOS
9291,click,2023-01-03 07:20:55,B,iOS
328,click,2023-01-03 23:17:06,B,iOS
8929,click,2023-01-03 12:20:42,A,iOS
2459,registration,2023-01-03 00:40:03,B,iOS
669,click,2023-01-03 23:14:22,B,iOS
5556,click,2023-01-03 12:17:44,A,Android
8038,registration,2023-01-03 23:43:24,A,Android
1254,purchase,2023-01-03 16:05:55,B,iOS
880,click,2023-01-03 22:38:29,B,iOS
6108,click,2023-01-03 16:40:49,A,iOS
6055,view,2023-01-03 06:14:58,A,Android
3459,click,2023-01-03 03:18:17,A,Android
5395,registration,2023-01-03 07:56:01,B,iOS
7656,purchase,2023-01-03 07:17:55,B,iOS
4473,view,2023-01-03 08:28:21,B,Android
3043,view,2023-01-03 07:25:11,B,Android
8349,click,2023-01-03 05:24:34,A,Android
1212,purchase,2023-01-03 21:44:23,A,iOS
1811,click,2023-01-03 12:07:11,B,iOS
346,view,2023-01-03 07:32:53,A,iOS
7112,click,2023-01-03 22:49:43,A,Android
130,click,2023-01-03 06:11:03,A,iOS
8948,click,2023-01-03 03:27:24,A,Android
829,click,2023-01-03 15:34:56,A,iOS
8694,view,2023-01-03 12:53:07,A,Android
8234,click,2023-01-03 18:17:23,B,iOS
9661,registration,2023-01-03 09:18:40,A,iOS
8110,view,2023-01-03 20:27:58,B,Android
947,registration,2023-01-03 15:43:58,A,iOS
809,click,2023-01-03 10:58:05,A,Android
1099,click,2023-01-03 06:08:47,B,Android
6148,view,2023-01-03 12:38:49,A,iOS
9024,registration,2023-01-03 12:01:19,A,Android
269,view,2023-01-03 10:47:29,A,Android
3820,purchase,2023-01-03 16:41:13,B,iOS
9037,purchase,2023-01-03 00:20:17,B,iOS
353,click,2023-01-03 01:35:05,B,Android
5224,registration,2023-01-03 22:32:33,B,Android
9057,click,2023-01-03 23:46:32,A,iOS
822,click,2023-01-03 06:45:53,B,iOS
1790,click,2023-01-03 14:35:29,B,Android
9842,click,2023-01-03 18:31:29,B,iOS
2143,registration,2023-01-03 12:01:13,B,iOS
7364,view,2023-01-03 00:11:03,A,Android
6662,click,2023-01-03 11:40:31,A,Android
696,view,2023-01-03 12:47:52,A,iOS
5657,purchase,2023-01-03 07:10:04,A,Android
2070,click,2023-01-03 12:00:30,B,iOS
4568,registration,2023-01-03 09:17:22,B,Android
7118,click,2023-01-03 01:15:12,A,Android
4335,view,2023-01-03 11:48:16,A,Android
9932,click,2023-01-03 14:12:22,B,Android
2131,click,2023-01-03 15:12:19,A,Android
9395,click,2023-01-03 05:47:43,B,Android
8886,click,2023-01-03 15:21:49,A,iOS
5633,click,2023-01-03 19:32:22,B,Android
4355,click,2023-01-03 14:01:48,B,Android
7397,purchase,2023-01-03 10:11:04,A,Android
6765,view,2023-01-03 07:58:44,A,iOS
3986,click,2023-01-03 23:32:28,A,iOS
3149,view,2023-01-03 09:31:17,A,Android
6820,purchase,2023-01-03 19:07:04,A,iOS
317,view,2023-01-03 11:08:20,A,iOS
577,purchase,2023-01-03 21:35:28,A,Android
9980,click,2023-01-03 19:59:06,A,iOS
4272,click,2023-01-03 23:53:32,B,iOS
7886,click,2023-01-03 12:21:38,A,Android
5507,view,2023-01-03 07:21:55,B,Android
1287,view,2023-01-03 09:32:52,A,Android
5769,click,2023-01-03 18:24:56,A,Android
5005,purchase,2023-01-03 15:32:34,A,Android
9645,purchase,2023-01-03 13:07:24,B,Android
8814,click,2023-01-03 14:25:43,A,iOS
1877,click,2023-01-03 15:29:15,A,Android
3614,view,2023-01-03 05:36:39,B,iOS
4365,click,2023-01-03 05:47:18,A,Android
1984,registration,2023-01-03 11:55:47,A,iOS
2567,view,2023-01-03 03:48:44,B,Android
6230,view,2023-01-03 16:12:22,A,iOS
2136,view,2023-01-03 05:54:32,B,Android
1872,view,2023-01-03 16:24:31,A,iOS
3894,view,2023-01-03 01:40:28,A,iOS
1585,click,2023-01-03 12:23:19,A,iOS
7278,registration,2023-01-03 18:20:06,A,iOS
4111,registration,2023-01-03 07:51:58,A,iOS
2431,click,2023-01-03 01:04:37,A,iOS
8285,registration,2023-01-03 03:54:12,B,Android
6719,click,2023-01-03 12:51:43,B,iOS
5221,purchase,2023-01-03 14:43:50,B,iOS
2321,registration,2023-01-03 05:36:06,A,iOS
5461,view,2023-01-03 12:03:38,B,Android
8036,view,2023-01-03 10:40:34,A,iOS
4279,view,2023-01-03 21:00:28,A,iOS
4149,view,2023-01-03 19:08:55,A,Android
2193,click,2023-01-03 07:25:27,A,Android
7632,registration,2023-01-03 02:48:13,A,iOS
7074,view,2023-01-03 14:23:17,B,Android
8396,click,2023-01-03 20:38:10,A,Android
9990,purchase,2023-01-03 05:57:38,B,iOS
7398,click,2023-01-03 23:25:53,A,Android
9390,click,2023-01-03 08:43:56,B,iOS
1455,registration,2023-01-03 15:48:48,A,iOS
6859,click,2023-01-03 01:56:14,B,Android
8078,click,2023-01-03 23:21:37,B,iOS
4174,registration,2023-01-03 15:35:47,A,Android
7884,purchase,2023-01-03 12:00:12,B,Android
9668,view,2023-01-03 01:51:52,B,iOS
2273,view,2023-01-03 19:16:26,B,Android
1846,view,2023-01-03 01:15:14,B,iOS
1888,registration,2023-01-03 18:31:33,A,iOS
9429,view,2023-01-03 06:15:56,B,iOS
4048,purchase,2023-01-03 10:43:43,A,iOS
9980,registration,2023-01-03 03:03:52,A,iOS
5354,registration,2023-01-03 14:15:00,A,iOS
4969,click,2023-01-03 03:46:49,B,iOS
6341,view,2023-01-03 18:12:59,A,Android
1814,purchase,2023-01-03 14:47:37,B,Android
7398,click,2023-01-03 04:24:53,A,Android
5375,view,2023-01-03 20:27:41,B,Android
5497,purchase,2023-01-03 17:53:54,B,Android
6137,registration,2023-01-03 18:07:52,A,Android
6868,registration,2023-01-03 02:40:40,B,iOS
2084,registration,2023-01-03 11:10:26,B,iOS
1869,click,2023-01-03 08:13:26,B,iOS
8949,purchase,2023-01-03 06:05:44,B,iOS
2440,purchase,2023-01-03 08:55:44,A,iOS
5072,view,2023-01-03 02:28:51,A,iOS
8085,view,2023-01-03 13:07:47,A,iOS
7776,click,2023-01-03 19:10:38,B,Android
1846,purchase,2023-01-03 09:40:32,B,iOS
1601,view,2023-01-03 10:42:30,A,iOS
1157,purchase,2023-01-03 00:04:20,A,Android
6336,click,2023-01-03 06:29:06,A,iOS
3397,click,2023-01-03 12:00:12,A,iOS
4971,click,2023-01-03 19:00:08,A,Android
7686,view,2023-01-03 20:13:30,A,Android
5274,purchase,2023-01-03 09:50:16,B,iOS
2052,click,2023-01-03 23:14:31,A,iOS
9556,click,2023-01-03 07:18:11,B,Android
2144,purchase,2023-01-03 01:34:34,A,iOS
7931,view,2023-01-03 07:36:43,A,Android
1164,click,2023-01-03 04:05:23,B,iOS
1286,registration,2023-01-03 23:36:12,B,iOS
5976,view,2023-01-03 17:39:30,A,iOS
3969,purchase,2023-01-03 02:48:17,B,iOS
8841,view,2023-01-03 09:58:24,A,Android
6061,click,2023-01-03 04:14:53,B,iOS
3349,view,2023-01-03 01:32:26,B,iOS
9884,view,2023-01-03 18:09:13,A,Android
9026,registration,2023-01-03 14:24:33,A,Android
6283,click,2023-01-03 12:23:11,B,iOS
1478,click,2023-01-03 21:04:06,A,iOS
2874,view,2023-01-03 13:01:13,B,Android
5989,click,2023-01-03 07:54:20,A,iOS
9362,view,2023-01-03 02:48:00,A,Android
5430,click,2023-01-03 06:43:59,A,iOS
4023,click,2023-01-03 18:50:01,A,Android
9600,registration,2023-01-03 01:59:22,A,Android
3551,view,2023-01-03 22:04:47,B,Android
8290,view,2023-01-03 12:06:44,A,iOS
7088,view,2023-01-03 22:30:41,B,iOS
1727,view,2023-01-03 14:17:50,B,iOS
1375,view,2023-01-03 09:24:14,A,Android
8421,registration,2023-01-03 19:17:45,B,Android
2106,view,2023-01-03 01:37:58,A,iOS
5758,view,2023-01-03 12:17:37,A,iOS
209,click,2023-01-03 23:45:18,A,Android
1674,click,2023-01-03 10:32:00,B,iOS
7746,click,2023-01-03 04:57:08,A,Android
1172,click,2023-01-03 19:53:31,B,iOS
3921,click,2023-01-03 11:01:13,A,iOS
7160,click,2023-01-03 17:43:19,B,iOS
484,click,2023-01-03 10:50:27,B,iOS
4300,click,2023-01-03 13:36:54,A,iOS
7480,click,2023-01-03 00:38:23,A,iOS
8670,purchase,2023-01-03 18:01:52,A,Android
6148,view,2023-01-03 00:20:30,A,iOS
2651,view,2023-01-03 13:02:48,A,iOS
9958,registration,2023-01-03 18:05:45,B,Android
1785,click,2023-01-03 14:16:46,A,iOS
9494,click,2023-01-03 04:43:50,A,Android
6749,click,2023-01-03 11:52:07,B,Android
7615,registration,2023-01-03 04:56:19,B,Android
9866,view,2023-01-03 12:30:44,B,iOS
3343,purchase,2023-01-03 14:55:33,A,Android
8101,click,2023-01-03 17:38:38,B,Android
4452,view,2023-01-03 09:17:47,A,Android
9150,view,2023-01-03 05:44:55,A,iOS
6843,view,2023-01-03 01:53:49,B,Android
4864,click,2023-01-03 20:46:45,A,Android
1328,click,2023-01-03 16:04:38,B,Android
8849,registration,2023-01-03 07:22:09,A,iOS
2220,view,2023-01-03 22:28:52,A,iOS
9031,registration,2023-01-03 03:07:32,B,iOS
5226,registration,2023-01-03 06:15:26,B,iOS
6312,view,2023-01-03 17:49:06,A,Android
1410,click,2023-01-03 22:19:12,B,Android
7996,click,2023-01-03 15:22:40,A,Android
1346,view,2023-01-03 01:25:54,A,iOS
1959,registration,2023-01-03 10:49:25,A,Android
9189,click,2023-01-03 11:20:27,A,iOS
4087,click,2023-01-03 15:10:25,A,Android
9352,click,2023-01-03 04:06:17,A,Android
4297,view,2023-01-03 23:08:26,B,Android
5554,purchase,2023-01-03 01:23:56,A,Android
8365,click,2023-01-03 21:13:23,B,Android
7026,registration,2023-01-03 20:06:49,B,iOS
7281,registration,2023-01-03 05:44:14,B,iOS
7824,view,2023-01-03 08:06:57,B,iOS
8327,click,2023-01-03 17:37:55,A,iOS
6055,view,2023-01-03 04:43:40,A,Android
1413,view,2023-01-03 01:08:52,A,iOS
7691,click,2023-01-03 23:23:09,B,iOS
932,view,2023-01-03 16:41:19,A,iOS
5251,click,2023-01-03 17:57:10,A,iOS
7980,registration,2023-01-03 11:09:00,A,Android
1034,purchase,2023-01-03 02:37:15,A,iOS
9549,purchase,2023-01-03 13:50:40,A,Android
61,registration,2023-01-03 00:44:51,A,iOS
5762,purchase,2023-01-03 19:02:34,A,Android
5832,view,2023-01-03 17:23:10,B,Android
2191,purchase,2023-01-03 08:41:27,A,Android
8544,click,2023-01-03 12:31:20,B,Android
5809,view,2023-01-03 07:11:18,A,iOS
4339,click,2023-01-03 01:29:33,B,Android
3415,view,2023-01-03 08:00:09,A,Android
5498,click,2023-01-03 20:33:50,A,iOS
3125,click,2023-01-03 09:53:19,A,Android
980,registration,2023-01-03 11:19:04,A,Android
7199,click,2023-01-03 15:47:58,B,iOS
7065,click,2023-01-03 14:22:29,A,iOS
4629,registration,2023-01-03 10:25:04,A,Android
8479,view,2023-01-03 19:15:52,B,Android
247,click,2023-01-03 00:02:33,A,Android
8083,view,2023-01-03 14:43:56,B,Android
7079,registration,2023-01-03 17:23:16,B,iOS
741,view,2023-01-03 19:26:14,A,iOS
3020,registration,2023-01-03 16:49:00,B,iOS
83,purchase,2023-01-03 01:56:34,B,iOS
8523,view,2023-01-03 01:31:14,A,Android
6567,purchase,2023-01-03 05:42:08,A,Android
5387,click,2023-01-03 14:50:23,B,iOS
9457,click,2023-01-03 21:53:49,A,Android
1315,view,2023-01-03 04:08:11,A,Android
6606,view,2023-01-03 21:19:48,B,iOS
1111,click,2023-01-03 13:59:48,B,iOS
2231,click,2023-01-03 02:34:46,A,Android
1493,view,2023-01-03 06:13:22,A,Android
1239,click,2023-01-03 01:44:22,A,Android
4550,registration,2023-01-03 20:58:49,B,Android
6995,click,2023-01-03 19:51:17,B,iOS
8579,click,2023-01-03 13:15:30,B,Android
7993,registration,2023-01-03 22:00:59,A,Android
8355,view,2023-01-03 18:35:34,B,Android
2655,click,2023-01-03 03:12:02,A,Android
8994,purchase,2023-01-03 20:06:27,A,iOS
3713,click,2023-01-03 07:35:06,B,Android
2278,registration,2023-01-03 01:26:25,A,Android
3720,registration,2023-01-03 20:59:11,B,iOS
3145,purchase,2023-01-03 16:57:51,B,Android
8572,click,2023-01-03 05:45:15,A,iOS
508,purchase,2023-01-03 14:49:08,A,Android
3264,click,2023-01-03 01:32:17,A,iOS
8309,view,2023-01-03 08:38:08,B,iOS
4901,purchase,2023-01-03 03:00:19,B,iOS
2056,purchase,2023-01-03 17:37:51,B,Android
7236,view,2023-01-03 15:31:20,B,iOS
9986,click,2023-01-03 01:41:53,A,iOS
513,purchase,2023-01-03 10:09:47,A,Android
2435,click,2023-01-03 23:51:25,A,iOS
7577,view,2023-01-03 08:28:09,B,iOS
8308,click,2023-01-03 20:49:42,B,Android
958,view,2023-01-03 20:40:29,B,iOS
9977,click,2023-01-03 07:09:59,B,iOS
7672,registration,2023-01-03 05:30:44,B,Android
4450,click,2023-01-03 17:43:29,A,Android
149,view,2023-01-03 01:49:44,A,iOS
3029,view,2023-01-03 12:39:40,B,Android
8991,click,2023-01-03 19:51:28,B,Android
1871,view,2023-01-03 08:40:16,B,Android
5800,registration,2023-01-03 00:53:08,A,iOS
7351,view,2023-01-03 02:54:31,B,iOS
560,view,2023-01-03 22:15:12,B,iOS
4685,view,2023-01-03 21:42:16,A,Android
9936,click,2023-01-03 23:31:44,B,Android
2441,click,2023-01-03 14:07:31,A,Android
9088,purchase,2023-01-03 06:10:08,A,Android
8365,registration,2023-01-03 07:40:32,B,Android
8628,view,2023-01-03 08:21:21,B,Android
2562,view,2023-01-03 08:47:30,A,Android
1630,view,2023-01-03 21:18:57,B,iOS
6315,view,2023-01-03 14:14:58,A,Android
559,view,2023-01-03 13:12:04,B,iOS
5764,click,2023-01-03 03:22:12,B,Android
9251,click,2023-01-03 12:26:22,B,iOS
1045,view,2023-01-03 15:10:31,B,Android
9840,click,2023-01-03 05:56:49,B,iOS
3882,click,2023-01-03 01:31:36,B,iOS
296,registration,2023-01-03 03:57:27,A,iOS
2956,click,2023-01-03 22:38:32,A,Android
140,click,2023-01-03 09:51:33,A,Android
2620,view,2023-01-03 17:50:17,B,iOS
4463,click,2023-01-03 20:25:31,A,iOS
1089,registration,2023-01-03 06:28:39,A,iOS
3479,registration,2023-01-03 17:04:32,B,Android
2483,view,2023-01-03 03:06:17,A,Android
1929,purchase,2023-01-03 02:44:44,B,iOS
7467,purchase,2023-01-03 00:03:40,B,iOS
9890,purchase,2023-01-03 07:49:29,B,iOS
3178,click,2023-01-03 07:43:30,B,Android
7661,view,2023-01-03 14:43:56,A,iOS
3532,view,2023-01-03 15:59:12,A,Android
646,click,2023-01-03 06:56:49,A,iOS
319,purchase,2023-01-03 13:09:12,B,Android
9967,view,2023-01-03 20:56:05,B,iOS
6334,click,2023-01-03 12:30:07,A,Android
2834,click,2023-01-03 11:46:58,A,iOS
3002,click,2023-01-03 05:47:09,B,Android
7749,purchase,2023-01-03 22:37:39,B,iOS
2165,view,2023-01-03 04:44:31,A,Android
6348,click,2023-01-03 02:34:49,B,iOS
5702,click,2023-01-03 08:28:32,B,Android
1462,view,2023-01-03 01:08:57,B,Android
8160,click,2023-01-03 19:31:09,B,Android
4432,click,2023-01-03 03:16:23,B,iOS
9442,click,2023-01-03 23:16:52,B,iOS
4490,view,2023-01-03 07:46:13,B,iOS
7288,view,2023-01-03 20:41:35,B,iOS
6849,click,2023-01-03 02:57:05,B,iOS
5889,click,2023-01-03 14:28:44,B,iOS
5012,click,2023-01-03 13:20:20,A,Android
8023,purchase,2023-01-03 10:46:23,A,iOS
6456,click,2023-01-03 21:54:03,B,Android
1145,click,2023-01-03 12:44:35,A,Android
5377,view,2023-01-03 06:52:55,A,Android
9890,purchase,2023-01-03 21:53:51,B,iOS
6872,click,2023-01-03 03:46:32,B,Android
1324,view,2023-01-03 03:15:43,B,iOS
9549,registration,2023-01-03 08:05:25,A,Android
7824,click,2023-01-03 11:43:53,B,iOS
9440,click,2023-01-03 15:51:11,B,Android
1641,registration,2023-01-03 12:15:24,A,iOS
5677,view,2023-01-03 01:22:44,A,Android
7096,view,2023-01-03 17:42:40,B,Android
4339,view,2023-01-03 09:59:02,B,Android
2061,click,2023-01-03 15:06:28,A,iOS
4032,click,2023-01-03 06:23:36,A,Android
6537,view,2023-01-03 17:15:17,A,iOS
8063,view,2023-01-03 13:50:06,B,iOS
583,view,2023-01-03 16:31:57,B,Android
6831,click,2023-01-03 09:01:24,B,iOS
7689,view,2023-01-03 10:44:21,A,Android
17,click,2023-01-03 08:18:22,B,iOS
869,click,2023-01-03 00:47:18,A,iOS
7897,registration,2023-01-03 20:55:42,B,iOS
9341,view,2023-01-03 05:11:24,B,iOS
59,view,2023-01-03 13:24:31,A,Android
9078,click,2023-01-03 21:24:24,A,iOS
9985,registration,2023-01-03 05:41:11,B,iOS
425,click,2023-01-03 05:42:16,A,iOS
6664,view,2023-01-03 12:21:48,B,iOS
9122,click,2023-01-03 22:02:40,A,iOS
6100,registration,2023-01-03 09:45:02,B,Android
8777,purchase,2023-01-03 21:54:30,A,iOS
1492,view,2023-01-03 10:08:15,A,iOS
233,purchase,2023-01-03 06:35:08,B,Android
7160,click,2023-01-03 10:20:55,B,iOS
9881,registration,2023-01-03 23:22:09,A,iOS
3572,click,2023-01-03 03:02:40,B,Android
6820,click,2023-01-03 02:05:49,A,iOS
5764,view,2023-01-03 12:36:41,B,Android
4376,click,2023-01-03 20:52:22,A,Android
2874,registration,2023-01-03 09:11:58,B,Android
8020,view,2023-01-03 12:31:13,B,Android
6792,click,2023-01-03 10:17:32,B,Android
3006,view,2023-01-03 03:50:43,B,iOS
9523,click,2023-01-03 00:10:44,B,iOS
7180,registration,2023-01-03 22:20:16,B,iOS
1062,purchase,2023-01-03 16:31:05,A,iOS
4894,click,2023-01-03 19:09:21,A,Android
4445,click,2023-01-03 21:02:17,B,Android
2673,registration,2023-01-03 06:19:02,A,Android
3221,view,2023-01-03 15:26:38,A,Android
2935,click,2023-01-03 19:29:52,A,Android
2876,registration,2023-01-03 13:07:58,B,Android
3028,view,2023-01-03 03:07:30,A,Android
1002,click,2023-01-03 02:04:57,B,iOS
1619,view,2023-01-03 14:28:38,B,iOS
8830,click,2023-01-03 11:28:46,A,iOS
8365,click,2023-01-03 17:19:55,B,Android
7192,click,2023-01-03 17:46:37,A,Android
8960,purchase,2023-01-03 03:36:51,A,Android
6662,purchase,2023-01-03 03:32:15,A,Android
51,registration,2023-01-03 19:25:11,A,Android
6798,view,2023-01-03 12:28:20,B,iOS
9378,purchase,2023-01-03 21:12:02,A,iOS
3332,purchase,2023-01-03 13:33:41,A,iOS
299,registration,2023-01-03 00:38:55,B,Android
7686,registration,2023-01-03 05:43:29,A,Android
9922,purchase,2023-01-03 08:34:02,B,Android
8926,view,2023-01-03 18:33:29,A,Android
4449,purchase,2023-01-03 10:41:39,A,iOS
1936,registration,2023-01-03 04:57:21,A,Android
2861,registration,2023-01-03 08:38:57,B,Android
4161,purchase,2023-01-03 01:37:41,B,Android
9387,click,2023-01-03 08:55:24,B,Android
7091,click,2023-01-03 03:13:49,A,iOS
8252,click,2023-01-03 06:12:58,B,Android
2376,view,2023-01-03 01:12:30,A,iOS
5650,view,2023-01-03 02:23:56,A,Android
6137,view,2023-01-03 07:47:43,A,Android
9646,view,2023-01-03 19:22:50,A,iOS
1753,view,2023-01-03 05:20:12,B,iOS
2111,purchase,2023-01-03 16:47:23,B,Android
1029,click,2023-01-03 02:57:26,B,iOS
4980,view,2023-01-03 08:51:17,B,iOS
2634,click,2023-01-03 09:46:33,B,iOS
2647,click,2023-01-03 19:40:41,A,iOS
8411,purchase,2023-01-03 03:59:42,A,Android
4819,purchase,2023-01-03 01:27:05,B,Android
8397,purchase,2023-01-03 03:59:08,B,Android
6448,click,2023-01-03 01:57:37,A,iOS
1872,click,2023-01-03 03:46:53,A,iOS
3497,view,2023-01-03 06:57:24,B,iOS
5119,view,2023-01-03 19:02:43,B,Android
4183,view,2023-01-03 22:38:35,B,Android
9366,registration,2023-01-03 01:40:20,B,Android
4519,purchase,2023-01-03 06:07:47,B,Android
7661,registration,2023-01-03 12:34:19,A,iOS
5819,registration,2023-01-03 19:52:14,A,iOS
503,click,2023-01-03 12:30:21,A,iOS
4342,registration,2023-01-03 19:03:12,B,iOS
8339,registration,2023-01-03 00:00:45,B,Android
7573,purchase,2023-01-03 11:49:24,A,Android
7730,view,2023-01-03 04:31:51,B,Android
1336,view,2023-01-03 04:13:07,B,Android
3620,click,2023-01-03 09:30:00,B,iOS
1048,click,2023-01-03 08:51:58,B,Android
8457,view,2023-01-03 14:29:58,B,Android
7172,click,2023-01-03 07:20:45,B,iOS
7503,click,2023-01-03 02:21:50,B,iOS
2311,click,2023-01-03 23:18:53,B,Android
6518,view,2023-01-03 19:33:36,B,Android
6056,click,2023-01-03 20:23:36,B,iOS
4349,registration,2023-01-03 12:43:23,B,iOS
7404,click,2023-01-03 17:50:50,A,iOS
5937,registration,2023-01-03 10:52:34,A,iOS
9205,click,2023-01-03 12:27:41,B,Android
7827,click,2023-01-03 04:37:30,B,Android
4982,view,2023-01-03 01:46:26,B,iOS
7107,purchase,2023-01-03 09:40:37,B,iOS
9220,view,2023-01-03 09:36:34,B,Android
7203,registration,2023-01-03 10:16:23,B,iOS
5543,click,2023-01-03 16:03:18,A,iOS
3221,view,2023-01-03 03:33:21,A,Android
726,click,2023-01-03 04:31:48,A,Android
1798,view,2023-01-03 02:53:05,A,Android
2143,purchase,2023-01-03 22:07:25,B,iOS
9576,view,2023-01-03 21:56:12,A,Android
9096,click,2023-01-03 14:19:05,A,iOS
5804,click,2023-01-03 05:32:04,B,Android
495,registration,2023-01-03 00:04:01,B,iOS
2023,view,2023-01-03 06:58:28,B,Android
1592,registration,2023-01-03 10:59:53,B,Android
7770,registration,2023-01-03 13:09:52,A,Android
8310,view,2023-01-03 21:23:10,B,iOS
7731,view,2023-01-03 02:14:33,B,Android
5522,view,2023-01-03 06:00:37,A,Android
4214,click,2023-01-03 03:09:56,A,iOS
6646,view,2023-01-03 19:00:32,A,iOS
8740,click,2023-01-03 20:09:32,A,Android
6921,click,2023-01-03 23:11:49,A,iOS
9008,purchase,2023-01-03 04:04:31,A,iOS
1653,view,2023-01-03 07:06:19,A,iOS
2034,purchase,2023-01-03 21:24:53,B,Android
164,purchase,2023-01-03 00:30:12,A,Android
8804,click,2023-01-03 08:27:43,A,iOS
651,click,2023-01-03 15:24:33,B,Android
497,click,2023-01-03 02:57:04,B,iOS
5025,registration,2023-01-03 17:08:12,B,iOS
8183,purchase,2023-01-03 01:30:25,A,iOS
9013,view,2023-01-03 04:28:31,B,Android
1002,click,2023-01-03 14:11:44,B,iOS
5065,registration,2023-01-03 12:24:37,B,iOS
4030,click,2023-01-03 19:24:27,B,iOS
7062,click,2023-01-03 01:47:46,B,iOS
5179,purchase,2023-01-03 16:09:41,B,iOS
8005,click,2023-01-03 20:22:55,A,Android
9600,registration,2023-01-03 10:51:42,A,Android
8687,click,2023-01-03 01:52:18,B,Android
9146,registration,2023-01-03 00:15:59,B,iOS
4819,view,2023-01-03 16:24:48,B,Android
1782,click,2023-01-03 06:09:51,B,Android
3701,view,2023-01-03 21:23:16,A,iOS
2378,view,2023-01-03 19:37:15,A,Android
3315,view,2023-01-03 07:08:54,B,iOS
8729,click,2023-01-03 09:48:24,B,Android
4657,purchase,2023-01-03 05:22:11,B,iOS
2747,click,2023-01-03 22:40:11,A,iOS
4035,purchase,2023-01-03 04:19:46,B,Android
3182,view,2023-01-03 10:09:37,A,iOS
1952,click,2023-01-03 06:49:47,B,iOS
8660,purchase,2023-01-03 13:19:10,B,iOS
4407,view,2023-01-03 16:36:02,A,Android
6100,click,2023-01-03 17:20:56,B,Android
7789,view,2023-01-03 02:36:42,B,iOS
455,registration,2023-01-03 14:43:02,B,Android
7147,view,2023-01-03 19:27:11,B,Android
217,view,2023-01-03 22:49:30,B,Android
7937,view,2023-01-03 05:44:06,A,iOS
808,view,2023-01-03 05:19:12,A,iOS
503,purchase,2023-01-03 11:05:15,A,iOS
1826,click,2023-01-03 19:48:08,B,iOS
4763,click,2023-01-03 02:25:24,B,Android
1225,click,2023-01-03 04:09:03,B,iOS
8133,click,2023-01-03 04:20:03,B,Android
4459,registration,2023-01-03 09:22:26,A,Android
5737,purchase,2023-01-03 02:55:03,B,Android
4926,click,2023-01-03 23:40:56,A,Android
4484,view,2023-01-03 23:47:15,A,iOS
2112,click,2023-01-03 00:43:46,B,iOS
370,view,2023-01-03 06:31:19,B,iOS
4297,view,2023-01-03 16:25:06,B,Android
2390,click,2023-01-03 14:13:45,A,Android
3418,view,2023-01-03 06:36:12,A,iOS
7432,view,2023-01-03 11:46:00,B,Android
255,view,2023-01-03 19:20:47,B,iOS
3274,click,2023-01-03 06:38:15,A,Android
2068,view,2023-01-03 11:20:46,B,iOS
5297,click,2023-01-03 01:25:30,A,iOS
2417,registration,2023-01-03 00:23:01,B,iOS
9705,click,2023-01-03 05:03:40,B,iOS
3783,registration,2023-01-03 06:18:02,B,Android
7931,registration,2023-01-03 08:32:53,A,Android
8533,view,2023-01-03 08:25:28,A,iOS
6103,view,2023-01-03 07:56:41,A,iOS
1316,view,2023-01-03 21:37:52,A,Android
3063,purchase,2023-01-03 10:04:36,A,Android
2067,click,2023-01-03 21:45:27,A,Android
3239,click,2023-01-03 19:45:03,B,Android
1717,click,2023-01-03 14:07:45,A,iOS
6661,view,2023-01-03 13:23:04,B,iOS
7411,click,2023-01-03 05:23:51,A,Android
7009,click,2023-01-03 03:29:22,A,Android
2897,click,2023-01-03 16:26:08,A,iOS
5184,click,2023-01-03 08:02:36,A,iOS
6053,view,2023-01-03 06:47:10,B,iOS
5291,registration,2023-01-03 17:56:06,B,Android
6252,view,2023-01-03 03:52:24,A,iOS
4963,click,2023-01-03 06:27:36,A,Android
1942,view,2023-01-03 05:32:49,B,Android
573,registration,2023-01-03 23:17:32,B,Android
5190,click,2023-01-03 10:49:43,B,Android
5566,registration,2023-01-03 02:15:56,B,iOS
2124,click,2023-01-03 01:01:54,A,Android
4887,purchase,2023-01-03 01:37:45,A,Android
196,click,2023-01-03 13:34:01,A,iOS
4272,click,2023-01-03 23:44:34,B,iOS
497,view,2023-01-03 00:49:41,B,iOS
9381,click,2023-01-03 15:16:34,A,iOS
4049,view,2023-01-03 11:55:22,B,Android
978,registration,2023-01-03 11:20:21,A,iOS
4556,purchase,2023-01-03 09:47:07,A,iOS
3464,purchase,2023-01-03 21:27:16,A,Android
778,click,2023-01-03 06:32:43,A,iOS
5163,view,2023-01-03 05:18:58,A,iOS
8461,view,2023-01-03 10:38:23,B,Android
2927,registration,2023-01-03 03:46:08,A,iOS
6210,registration,2023-01-03 13:48:01,B,iOS
3835,click,2023-01-03 02:47:13,A,iOS
3900,purchase,2023-01-03 13:50:52,A,Android
1684,view,2023-01-03 00:55:38,B,iOS
3542,view,2023-01-03 17:15:30,A,iOS
9612,click,2023-01-03 02:19:55,B,Android
1860,view,2023-01-03 17:44:05,B,Android
9244,view,2023-01-03 21:13:49,B,Android
4240,registration,2023-01-03 12:07:41,A,iOS
5661,purchase,2023-01-03 12:56:57,B,iOS
1799,click,2023-01-03 20:34:54,A,Android
7189,view,2023-01-03 13:02:21,B,iOS
5821,view,2023-01-03 02:46:31,B,Android
6453,click,2023-01-03 02:47:32,A,Android
7713,click,2023-01-03 20:41:57,B,Android
1510,view,2023-01-03 11:43:29,B,Android
6326,click,2023-01-03 01:15:08,B,Android
2305,view,2023-01-03 13:22:09,A,Android
3738,registration,2023-01-03 07:07:49,A,iOS
1261,view,2023-01-03 05:12:07,B,Android
6809,registration,2023-01-03 16:22:55,A,Android
8997,click,2023-01-03 11:57:34,B,Android
6200,view,2023-01-03 03:21:17,A,Android
2503,purchase,2023-01-03 04:20:11,B,Android
7731,purchase,2023-01-03 12:38:13,B,Android
9599,click,2023-01-03 05:02:42,B,iOS
3888,click,2023-01-03 21:20:07,B,Android
2055,click,2023-01-03 17:29:40,A,iOS
7677,registration,2023-01-03 16:29:54,A,iOS
5687,click,2023-01-03 06:37:08,B,iOS
6843,view,2023-01-03 00:36:24,B,Android
2555,view,2023-01-03 03:35:49,A,iOS
1098,click,2023-01-03 00:50:40,B,Android
837,click,2023-01-03 21:56:16,A,Android
5778,purchase,2023-01-03 14:52:24,A,iOS
2101,registration,2023-01-03 07:47:24,A,iOS
7044,view,2023-01-03 19:04:10,B,iOS
5754,view,2023-01-03 01:47:25,A,iOS
5572,click,2023-01-03 03:40:18,A,Android
3630,view,2023-01-03 19:44:50,A,Android
6652,click,2023-01-03 16:11:12,A,Android
4600,view,2023-01-03 12:40:06,B,Android
6409,purchase,2023-01-03 11:11:18,A,Android
7235,registration,2023-01-03 03:48:52,B,Android
3582,registration,2023-01-03 22:37:41,B,iOS
2346,registration,2023-01-03 09:14:27,B,Android
327,click,2023-01-03 18:54:18,A,Android
3829,click,2023-01-03 07:57:49,A,Android
4227,registration,2023-01-03 22:01:35,B,iOS
8062,registration,2023-01-03 13:55:47,A,Android
8721,view,2023-01-03 11:21:46,A,Android
4984,click,2023-01-03 03:29:52,A,Android
8470,view,2023-01-03 21:24:35,A,iOS
2379,view,2023-01-03 07:01:51,A,Android
6842,purchase,2023-01-03 05:44:42,A,iOS
7054,registration,2023-01-03 04:24:19,A,iOS
3320,click,2023-01-03 15:31:58,A,iOS
247,registration,2023-01-03 18:50:08,A,Android
7034,click,2023-01-03 05:12:26,B,iOS
4173,view,2023-01-03 16:35:57,A,Android
1569,registration,2023-01-03 16:32:01,B,Android
6495,click,2023-01-03 14:08:49,A,Android
5823,registration,2023-01-03 15:53:16,B,Android
7691,click,2023-01-03 12:44:53,B,iOS
7716,click,2023-01-03 15:04:42,B,iOS
3212,registration,2023-01-03 17:43:36,A,iOS
945,view,2023-01-03 23:02:56,A,iOS
9738,view,2023-01-03 04:37:53,B,iOS
708,view,2023-01-03 13:26:26,A,Android
9693,click,2023-01-03 09:29:22,A,iOS
8458,click,2023-01-03 16:14:29,A,Android
4004,click,2023-01-03 11:08:12,A,Android
4583,purchase,2023-01-03 19:58:22,A,Android
5538,registration,2023-01-03 05:13:10,B,iOS
5372,click,2023-01-03 21:13:41,A,Android
4565,view,2023-01-03 20:49:44,A,Android
1219,view,2023-01-03 07:17:21,A,Android
1405,view,2023-01-03 19:55:08,B,Android
4733,click,2023-01-03 13:35:24,A,Android
4752,registration,2023-01-03 15:31:46,B,iOS
672,click,2023-01-03 16:52:46,A,iOS
8989,registration,2023-01-03 14:31:02,A,iOS
5760,click,2023-01-03 16:04:15,A,Android
9550,click,2023-01-03 03:16:02,A,iOS
8999,view,2023-01-03 15:17:39,A,Android
3230,registration,2023-01-03 18:34:49,B,iOS
7877,view,2023-01-03 09:48:15,B,iOS
572,purchase,2023-01-03 11:16:16,B,iOS
9170,click,2023-01-03 16:56:41,B,iOS
680,click,2023-01-03 16:02:27,B,iOS
1650,registration,2023-01-03 08:46:16,B,iOS
2714,registration,2023-01-03 02:54:41,B,iOS
1425,registration,2023-01-03 06:14:48,A,Android
2882,click,2023-01-03 02:10:49,A,iOS
2410,click,2023-01-03 00:50:03,B,iOS
4032,registration,2023-01-03 23:58:12,A,Android
2573,click,2023-01-03 11:39:33,A,iOS
7727,click,2023-01-03 15:07:59,A,iOS
8816,registration,2023-01-03 07:07:46,B,iOS
90,click,2023-01-03 13:43:59,A,iOS
6659,click,2023-01-03 10:34:59,B,iOS
1625,click,2023-01-03 14:59:28,B,iOS
385,view,2023-01-03 15:07:59,A,Android
1019,click,2023-01-03 11:39:49,B,Android
7622,click,2023-01-03 10:27:07,B,Android
9813,view,2023-01-03 19:47:14,A,iOS
8347,purchase,2023-01-03 02:05:59,A,Android
8069,click,2023-01-04 16:38:13,B,iOS
9997,view,2023-01-04 07:27:54,B,iOS
6938,click,2023-01-04 04:36:30,A,iOS
60,click,2023-01-04 17:54:48,B,Android
5383,click,2023-01-04 10:19:02,A,Android
3872,view,2023-01-04 22:16:51,B,iOS
8515,view,2023-01-04 22:41:43,A,iOS
8811,view,2023-01-04 09:28:13,A,iOS
6156,view,2023-01-04 04:00:06,B,Android
2548,purchase,2023-01-04 16:29:58,A,iOS
594,view,2023-01-04 08:01:02,B,iOS
8902,registration,2023-01-04 00:03:04,A,iOS
9264,click,2023-01-04 21:26:53,B,iOS
44,view,2023-01-04 05:06:42,B,Android
2950,registration,2023-01-04 22:30:23,B,iOS
4727,view,2023-01-04 18:05:44,A,iOS
4396,registration,2023-01-04 02:31:06,B,Android
4366,click,2023-01-04 14:34:23,B,iOS
3780,click,2023-01-04 23:10:44,A,iOS
1801,registration,2023-01-04 00:19:30,B,Android
2755,click,2023-01-04 14:18:45,B,Android
3436,click,2023-01-04 11:32:23,B,Android
2829,registration,2023-01-04 17:44:33,A,Android
9394,click,2023-01-04 04:30:55,B,iOS
2570,click,2023-01-04 17:29:12,A,iOS
134,view,2023-01-04 01:04:21,B,Android
5542,click,2023-01-04 07:45:34,B,iOS
3250,view,2023-01-04 13:13:51,B,Android
5400,click,2023-01-04 03:28:49,B,iOS
9795,click,2023-01-04 02:16:44,B,iOS
6444,purchase,2023-01-04 23:11:57,A,Android
9744,click,2023-01-04 12:45:37,A,Android
9127,registration,2023-01-04 06:41:07,B,Android
1781,purchase,2023-01-04 14:48:30,B,iOS
9216,view,2023-01-04 01:35:02,A,iOS
1605,view,2023-01-04 14:32:02,B,Android
6596,click,2023-01-04 05:31:41,A,iOS
2951,click,2023-01-04 11:08:00,B,Android
2945,click,2023-01-04 16:04:16,A,Android
46,click,2023-01-04 21:58:22,B,Android
5233,purchase,2023-01-04 06:36:39,A,iOS
3203,view,2023-01-04 19:54:00,B,iOS
1403,click,2023-01-04 02:25:45,A,iOS
4945,registration,2023-01-04 19:41:48,B,iOS
6356,view,2023-01-04 18:56:57,A,Android
7760,view,2023-01-04 16:47:05,A,Android
6333,view,2023-01-04 12:09:31,A,Android
613,click,2023-01-04 07:09:02,A,Android
6630,click,2023-01-04 05:01:42,B,Android
1526,registration,2023-01-04 00:39:37,B,Android
8837,purchase,2023-01-04 18:00:02,A,iOS
4977,purchase,2023-01-04 06:57:26,A,Android
4663,purchase,2023-01-04 11:45:13,B,Android
8617,registration,2023-01-04 03:04:14,B,Android
8216,registration,2023-01-04 04:12:03,A,Android
1553,registration,2023-01-04 02:32:13,B,iOS
9054,view,2023-01-04 01:06:58,A,iOS
5560,purchase,2023-01-04 19:31:02,A,iOS
3276,click,2023-01-04 05:58:57,B,Android
9334,click,2023-01-04 08:59:45,B,iOS
9794,registration,2023-01-04 13:38:48,B,iOS
626,registration,2023-01-04 23:05:20,B,iOS
2786,view,2023-01-04 00:41:36,A,iOS
6803,registration,2023-01-04 14:47:44,A,iOS
6416,registration,2023-01-04 17:44:40,B,iOS
4807,click,2023-01-04 21:12:00,A,iOS
1360,registration,2023-01-04 08:01:59,A,iOS
3342,registration,2023-01-04 07:04:46,B,iOS
2135,click,2023-01-04 14:44:02,A,Android
1752,view,2023-01-04 15:39:32,B,Android
7280,click,2023-01-04 17:17:52,A,iOS
4984,click,2023-01-04 17:17:22,A,Android
4221,click,2023-01-04 12:17:48,B,Android
6422,registration,2023-01-04 13:32:33,B,iOS
1110,view,2023-01-04 16:06:22,B,iOS
8456,view,2023-01-04 22:03:08,A,Android
6394,view,2023-01-04 13:56:56,A,Android
6363,view,2023-01-04 20:38:03,A,Android
2511,click,2023-01-04 20:47:24,B,Android
2018,click,2023-01-04 05:35:32,B,Android
8267,view,2023-01-04 05:23:43,B,Android
3882,click,2023-01-04 01:15:44,B,iOS
7742,registration,2023-01-04 07:03:34,A,iOS
6869,click,2023-01-04 05:21:28,B,Android
8706,registration,2023-01-04 07:45:50,A,iOS
7905,view,2023-01-04 10:07:35,B,iOS
5501,click,2023-01-04 23:07:11,A,Android
8566,click,2023-01-04 02:24:39,B,iOS
1178,click,2023-01-04 06:11:08,A,Android
8647,purchase,2023-01-04 16:55:20,A,iOS
6384,registration,2023-01-04 09:52:34,B,Android
2088,purchase,2023-01-04 23:42:32,B,iOS
9885,registration,2023-01-04 16:46:36,B,Android
5380,click,2023-01-04 11:30:34,B,iOS
8234,purchase,2023-01-04 16:13:13,B,iOS
4105,click,2023-01-04 07:30:03,A,Android
3742,registration,2023-01-04 11:56:28,B,Android
9807,purchase,2023-01-04 16:49:38,B,iOS
4370,view,2023-01-04 13:51:04,B,Android
6873,click,2023-01-04 01:13:55,B,Android
4799,registration,2023-01-04 21:20:11,B,Android
3083,view,2023-01-04 21:55:38,A,iOS
1170,registration,2023-01-04 07:54:47,B,iOS
7341,registration,2023-01-04 22:43:52,A,iOS
8535,registration,2023-01-04 18:56:52,A,Android
6503,registration,2023-01-04 23:11:09,A,iOS
6691,click,2023-01-04 09:13:23,B,iOS
5555,click,2023-01-04 01:56:38,B,iOS
5485,view,2023-01-04 16:32:23,A,iOS
979,registration,2023-01-04 00:45:54,A,iOS
2919,click,2023-01-04 13:09:15,A,Android
2257,click,2023-01-04 13:48:49,B,Android
1071,purchase,2023-01-04 03:59:34,B,iOS
97,purchase,2023-01-04 10:32:26,A,Android
2078,view,2023-01-04 05:12:08,A,iOS
1551,click,2023-01-04 11:29:03,B,iOS
4080,click,2023-01-04 03:45:41,A,iOS
563,registration,2023-01-04 06:00:51,A,Android
2252,view,2023-01-04 11:07:50,A,Android
4133,view,2023-01-04 10:19:33,A,iOS
7170,view,2023-01-04 12:38:41,A,iOS
4883,click,2023-01-04 01:09:24,A,Android
2000,click,2023-01-04 22:14:55,B,iOS
3548,registration,2023-01-04 21:19:54,A,iOS
6752,click,2023-01-04 10:27:51,B,Android
4355,click,2023-01-04 20:06:28,B,Android
9477,click,2023-01-04 21:36:27,B,iOS
7845,click,2023-01-04 22:40:41,B,iOS
4907,click,2023-01-04 22:16:36,B,Android
9357,click,2023-01-04 15:33:57,B,iOS
8171,click,2023-01-04 19:10:49,B,Android
9085,view,2023-01-04 07:43:13,B,iOS
9096,purchase,2023-01-04 17:03:17,A,iOS
7210,view,2023-01-04 04:06:34,A,Android
4805,view,2023-01-04 11:36:14,A,Android
1693,view,2023-01-04 06:48:37,B,iOS
6282,view,2023-01-04 04:55:12,B,iOS
9867,registration,2023-01-04 20:16:22,A,iOS
8313,view,2023-01-04 10:00:33,A,Android
6557,click,2023-01-04 20:20:30,B,Android
4518,view,2023-01-04 12:18:30,A,Android
5031,registration,2023-01-04 03:35:00,B,iOS
4929,purchase,2023-01-04 03:07:26,B,iOS
8380,click,2023-01-04 06:08:40,A,Android
6678,purchase,2023-01-04 15:11:35,B,iOS
7243,registration,2023-01-04 10:07:06,A,Android
5006,view,2023-01-04 05:12:31,A,iOS
6707,purchase,2023-01-04 00:29:51,B,iOS
2970,registration,2023-01-04 13:52:45,B,Android
2896,click,2023-01-04 14:02:12,B,Android
1592,view,2023-01-04 16:25:46,B,Android
395,click,2023-01-04 04:43:55,B,Android
2916,registration,2023-01-04 12:13:33,A,iOS
5704,view,2023-01-04 22:10:19,A,Android
2582,click,2023-01-04 04:34:30,B,Android
6254,registration,2023-01-04 14:34:30,A,iOS
6291,view,2023-01-04 03:20:10,B,iOS
4075,click,2023-01-04 14:22:19,A,Android
9676,click,2023-01-04 09:20:40,A,iOS
9848,view,2023-01-04 05:52:10,A,Android
9,purchase,2023-01-04 13:04:34,A,iOS
8222,click,2023-01-04 23:51:17,A,iOS
6103,purchase,2023-01-04 23:06:16,A,iOS
6016,purchase,2023-01-04 15:02:47,B,iOS
5417,purchase,2023-01-04 18:45:49,B,Android
8209,registration,2023-01-04 11:58:49,B,Android
1621,click,2023-01-04 00:54:05,B,iOS
829,click,2023-01-04 01:13:03,A,iOS
6996,click,2023-01-04 03:40:51,B,iOS
5594,view,2023-01-04 05:27:22,B,Android
4414,purchase,2023-01-04 04:20:00,A,iOS
6076,registration,2023-01-04 20:35:53,A,Android
954,view,2023-01-04 19:12:52,A,iOS
3113,view,2023-01-04 07:05:43,A,iOS
7695,click,2023-01-04 19:35:39,A,iOS
9623,view,2023-01-04 05:26:42,A,Android
6711,view,2023-01-04 20:49:02,B,iOS
9523,view,2023-01-04 04:08:50,B,iOS
8155,click,2023-01-04 20:09:04,A,iOS
6918,purchase,2023-01-04 11:37:22,B,iOS
7747,view,2023-01-04 17:50:00,B,iOS
6396,registration,2023-01-04 17:29:30,A,iOS
2573,purchase,2023-01-04 05:48:09,A,iOS
1114,click,2023-01-04 19:51:36,B,Android
1650,click,2023-01-04 10:59:23,B,iOS
4324,registration,2023-01-04 10:25:18,B,Android
231,click,2023-01-04 00:45:52,A,Android
7495,view,2023-01-04 00:54:53,B,Android
3759,registration,2023-01-04 23:48:37,A,iOS
4229,view,2023-01-04 17:37:30,A,iOS
4506,registration,2023-01-04 17:49:11,B,Android
4632,view,2023-01-04 11:16:03,A,Android
9617,click,2023-01-04 03:17:36,B,Android
3540,purchase,2023-01-04 06:03:03,A,Android
6807,click,2023-01-04 16:58:21,A,Android
5371,view,2023-01-04 15:13:54,B,iOS
4979,click,2023-01-04 01:39:38,A,Android
7575,purchase,2023-01-04 08:31:31,A,Android
2208,view,2023-01-04 01:18:54,A,Android
5070,click,2023-01-04 08:35:49,A,iOS
4637,view,2023-01-04 10:33:10,B,iOS
2648,view,2023-01-04 14:40:56,B,iOS
5204,click,2023-01-04 06:03:22,A,iOS
5124,registration,2023-01-04 13:42:10,B,Android
7130,purchase,2023-01-04 21:21:12,B,Android
4441,click,2023-01-04 15:56:06,B,Android
782,registration,2023-01-04 21:40:10,A,iOS
3414,click,2023-01-04 22:49:30,B,Android
1016,click,2023-01-04 05:45:13,A,Android
1579,click,2023-01-04 09:36:57,B,iOS
2899,click,2023-01-04 04:50:28,B,Android
7661,click,2023-01-04 22:48:56,A,iOS
3440,click,2023-01-04 02:22:46,A,iOS
1486,view,2023-01-04 21:01:50,A,iOS
5650,view,2023-01-04 20:11:53,A,Android
3526,click,2023-01-04 06:19:07,A,iOS
3766,registration,2023-01-04 01:20:58,B,iOS
5401,view,2023-01-04 11:29:05,B,Android
1371,view,2023-01-04 13:33:35,B,iOS
1647,registration,2023-01-04 08:03:37,B,Android
1938,click,2023-01-04 20:36:58,B,iOS
3910,click,2023-01-04 04:23:39,A,Android
1059,click,2023-01-04 02:27:30,A,iOS
2464,click,2023-01-04 07:32:35,A,Android
8266,click,2023-01-04 06:21:02,B,iOS
2898,view,2023-01-04 07:45:55,B,iOS
4206,click,2023-01-04 11:54:48,A,Android
3115,registration,2023-01-04 17:23:55,B,Android
1439,click,2023-01-04 02:47:57,A,iOS
9125,click,2023-01-04 06:18:44,B,iOS
3699,purchase,2023-01-04 00:11:06,A,iOS
4268,view,2023-01-04 11:30:27,A,iOS
9951,click,2023-01-04 18:47:40,A,iOS
9618,registration,2023-01-04 07:43:52,B,Android
9099,registration,2023-01-04 09:56:23,A,iOS
4812,view,2023-01-04 08:35:34,A,iOS
6100,view,2023-01-04 08:45:34,B,Android
6116,purchase,2023-01-04 16:49:58,A,Android
8760,purchase,2023-01-04 08:07:31,B,Android
5151,click,2023-01-04 19:13:48,B,Android
9464,click,2023-01-04 10:35:53,A,iOS
5856,click,2023-01-04 00:34:34,B,iOS
6415,registration,2023-01-04 09:10:45,A,iOS
8207,click,2023-01-04 00:55:14,A,iOS
9182,view,2023-01-04 01:26:13,A,iOS
6353,click,2023-01-04 09:29:09,B,iOS
7129,click,2023-01-04 12:08:40,B,Android
1328,click,2023-01-04 14:23:14,B,Android
8183,view,2023-01-04 08:21:55,A,iOS
6589,view,2023-01-04 07:48:55,B,Android
6871,registration,2023-01-04 19:36:24,A,iOS
3478,purchase,2023-01-04 08:22:34,B,iOS
57,view,2023-01-04 17:53:01,B,Android
4858,view,2023-01-04 17:54:51,A,iOS
1802,click,2023-01-04 04:43:44,A,Android
828,click,2023-01-04 11:44:42,B,Android
2488,registration,2023-01-04 00:21:17,B,Android
4018,view,2023-01-04 15:02:30,A,Android
9106,registration,2023-01-04 11:18:37,A,iOS
9818,view,2023-01-04 00:10:38,B,iOS
5402,click,2023-01-04 11:33:11,B,iOS
9065,view,2023-01-04 07:31:24,A,Android
8512,click,2023-01-04 13:27:26,B,iOS
8071,registration,2023-01-04 11:47:03,A,Android
1563,view,2023-01-04 01:32:59,B,iOS
1772,click,2023-01-04 02:45:51,A,Android
6270,click,2023-01-04 15:04:42,B,iOS
8095,view,2023-01-04 12:24:38,A,iOS
1542,purchase,2023-01-04 12:14:12,B,iOS
8062,view,2023-01-04 22:32:08,A,Android
7203,registration,2023-01-04 12:42:56,B,iOS
6608,registration,2023-01-04 15:16:02,A,Android
4071,click,2023-01-04 18:29:48,A,Android
1054,click,2023-01-04 21:22:49,B,Android
1852,click,2023-01-04 21:34:41,B,Android
702,click,2023-01-04 12:43:45,B,iOS
4308,purchase,2023-01-04 05:55:05,A,Android
3432,registration,2023-01-04 08:37:06,A,Android
8402,click,2023-01-04 11:05:55,B,iOS
97,click,2023-01-04 10:12:38,A,Android
432,click,2023-01-04 15:40:49,B,iOS
6921,view,2023-01-04 09:04:05,A,iOS
4076,view,2023-01-04 16:10:32,B,iOS
962,registration,2023-01-04 16:16:52,A,Android
8358,view,2023-01-04 18:17:54,B,iOS
7063,registration,2023-01-04 17:01:22,B,iOS
416,click,2023-01-04 17:35:38,A,Android
5633,view,2023-01-04 07:26:35,B,Android
5931,purchase,2023-01-04 22:26:27,A,iOS
7710,view,2023-01-04 16:11:59,A,Android
5648,click,2023-01-04 04:08:48,B,iOS
1787,view,2023-01-04 03:51:12,A,iOS
6117,registration,2023-01-04 16:42:04,A,Android
240,click,2023-01-04 17:11:10,A,iOS
2952,registration,2023-01-04 04:31:14,B,iOS
4712,click,2023-01-04 18:10:09,B,iOS
7722,click,2023-01-04 08:26:16,A,Android
9487,click,2023-01-04 04:27:42,B,iOS
598,view,2023-01-04 03:54:22,A,iOS
9996,view,2023-01-04 05:31:42,B,Android
2614,view,2023-01-04 06:37:40,B,iOS
7898,purchase,2023-01-04 09:39:22,A,Android
8873,registration,2023-01-04 18:20:51,B,iOS
2390,click,2023-01-04 12:48:00,A,Android
196,click,2023-01-04 08:41:37,A,iOS
6650,registration,2023-01-04 06:57:20,A,Android
1989,view,2023-01-04 22:36:36,A,iOS
6192,registration,2023-01-04 11:59:52,B,iOS
4620,view,2023-01-04 22:45:31,B,iOS
9017,click,2023-01-04 17:09:00,B,iOS
8943,registration,2023-01-04 14:56:43,A,Android
250,registration,2023-01-04 01:49:59,B,Android
3346,click,2023-01-04 13:43:33,A,iOS
3046,view,2023-01-04 15:38:36,A,iOS
9506,click,2023-01-04 02:29:50,B,iOS
9125,registration,2023-01-04 20:38:31,B,iOS
6052,registration,2023-01-04 13:30:43,A,iOS
9882,registration,2023-01-04 21:28:07,B,iOS
4683,registration,2023-01-04 22:08:04,B,iOS
8823,click,2023-01-04 11:28:41,A,iOS
7978,registration,2023-01-04 20:45:40,A,iOS
3570,registration,2023-01-04 04:47:25,B,Android
2100,view,2023-01-04 17:19:00,A,iOS
3324,registration,2023-01-04 07:23:56,A,iOS
5604,registration,2023-01-04 08:40:03,B,Android
6675,click,2023-01-04 01:22:32,A,iOS
2339,view,2023-01-04 02:29:42,A,Android
1107,click,2023-01-04 05:05:15,B,iOS
5689,view,2023-01-04 22:42:35,B,Android
9882,click,2023-01-04 18:37:09,B,iOS
2278,click,2023-01-04 19:36:30,A,Android
2872,registration,2023-01-04 16:43:23,B,iOS
4032,registration,2023-01-04 22:16:22,A,Android
91,click,2023-01-04 13:14:39,A,Android
4077,view,2023-01-04 08:56:38,B,iOS
2141,registration,2023-01-04 04:33:58,A,Android
7372,purchase,2023-01-04 00:03:40,B,iOS
1179,click,2023-01-04 02:20:44,A,iOS
888,view,2023-01-04 21:19:17,A,iOS
7327,registration,2023-01-04 10:28:33,B,Android
7041,click,2023-01-04 22:26:42,B,iOS
9749,view,2023-01-04 17:12:42,A,Android
7502,view,2023-01-04 22:59:09,A,Android
448,registration,2023-01-04 15:43:52,B,Android
2270,click,2023-01-04 05:59:13,B,Android
4185,registration,2023-01-04 17:49:35,B,Android
3347,registration,2023-01-04 04:04:01,A,Android
9083,view,2023-01-04 17:38:33,B,iOS
2849,click,2023-01-04 17:13:44,B,Android
7861,click,2023-01-04 07:47:13,A,Android
4888,click,2023-01-04 05:50:22,A,Android
4364,click,2023-01-04 04:02:23,A,Android
7203,click,2023-01-04 12:19:07,B,iOS
7788,registration,2023-01-04 02:30:04,B,iOS
5246,click,2023-01-04 05:49:31,B,Android
252,purchase,2023-01-04 15:15:53,A,Android
3862,click,2023-01-04 12:45:16,A,iOS
4787,click,2023-01-04 22:31:06,A,Android
818,registration,2023-01-04 18:14:03,A,iOS
2221,purchase,2023-01-04 17:27:43,A,Android
9044,view,2023-01-04 10:55:21,B,iOS
7662,click,2023-01-04 07:36:02,A,Android
1787,registration,2023-01-04 16:12:58,A,iOS
159,registration,2023-01-04 15:35:42,B,iOS
2378,click,2023-01-04 06:34:25,A,Android
9683,click,2023-01-04 21:32:50,B,Android
9381,purchase,2023-01-04 22:53:26,A,iOS
1735,click,2023-01-04 14:15:00,A,iOS
6733,view,2023-01-04 05:42:42,A,Android
323,view,2023-01-04 23:31:52,A,Android
4530,view,2023-01-04 03:00:12,B,iOS
7761,purchase,2023-01-04 03:54:20,A,iOS
3671,view,2023-01-04 08:48:00,A,Android
1634,click,2023-01-04 19:21:14,B,Android
660,purchase,2023-01-04 16:17:02,B,iOS
8771,view,2023-01-04 09:46:59,B,iOS
5627,click,2023-01-04 02:31:05,A,iOS
4132,click,2023-01-04 17:24:30,A,Android
4505,purchase,2023-01-04 11:55:34,B,Android
8638,view,2023-01-04 06:31:58,B,Android
5482,click,2023-01-04 02:39:07,A,Android
2711,click,2023-01-04 11:38:14,B,iOS
5633,click,2023-01-04 23:38:26,B,Android
4048,purchase,2023-01-04 05:00:42,A,iOS
1377,click,2023-01-04 00:31:07,A,iOS
668,click,2023-01-04 06:12:30,A,Android
2642,registration,2023-01-04 07:27:11,B,Android
1622,registration,2023-01-04 19:29:52,B,Android
6039,view,2023-01-04 16:52:15,B,Android
7251,click,2023-01-04 19:40:43,A,Android
2394,click,2023-01-04 08:16:16,B,Android
6066,purchase,2023-01-04 02:00:43,B,Android
1996,view,2023-01-04 06:28:19,A,Android
8396,view,2023-01-04 02:40:54,A,Android
388,click,2023-01-04 16:28:24,B,Android
814,registration,2023-01-04 08:43:44,A,iOS
5490,view,2023-01-04 10:19:21,B,Android
391,purchase,2023-01-04 01:41:50,B,iOS
938,click,2023-01-04 20:10:20,B,Android
6562,click,2023-01-04 20:20:23,B,iOS
6276,click,2023-01-04 06:43:31,B,iOS
8508,click,2023-01-04 16:33:47,A,iOS
740,view,2023-01-04 02:51:11,A,Android
1926,click,2023-01-04 21:28:22,A,Android
3068,view,2023-01-04 07:13:13,A,iOS
1700,click,2023-01-04 17:58:53,B,Android
3417,purchase,2023-01-04 17:32:01,B,Android
8632,registration,2023-01-04 09:51:17,B,iOS
4163,registration,2023-01-04 19:32:27,A,iOS
5656,click,2023-01-04 06:11:42,A,Android
3965,click,2023-01-04 14:56:37,A,iOS
7868,click,2023-01-04 19:19:00,B,iOS
9098,purchase,2023-01-04 08:44:41,B,Android
3890,registration,2023-01-04 11:05:16,A,Android
805,click,2023-01-04 10:55:29,A,Android
8397,click,2023-01-04 20:33:50,B,Android
9266,click,2023-01-04 04:16:54,B,iOS
6970,view,2023-01-04 20:34:47,A,iOS
3056,registration,2023-01-04 09:32:14,B,Android
9104,click,2023-01-04 01:46:55,A,Android
9746,click,2023-01-04 12:22:37,B,Android
846,registration,2023-01-04 08:35:02,B,Android
6239,view,2023-01-04 06:58:03,A,iOS
8232,click,2023-01-04 20:06:18,A,Android
1746,view,2023-01-04 18:08:41,A,Android
2905,click,2023-01-04 14:39:08,B,iOS
4268,view,2023-01-04 20:07:43,A,iOS
7590,click,2023-01-04 23:06:32,B,Android
8903,registration,2023-01-04 18:16:10,B,Android
8467,view,2023-01-04 17:34:58,B,iOS
5207,view,2023-01-04 18:07:45,A,iOS
9702,click,2023-01-04 08:43:43,B,Android
9522,click,2023-01-04 06:19:05,B,iOS
7334,view,2023-01-04 16:58:53,A,Android
131,click,2023-01-04 12:35:53,A,iOS
9053,click,2023-01-04 02:28:54,A,Android
1417,view,2023-01-04 18:52:20,A,iOS
5168,click,2023-01-04 20:19:52,A,iOS
9200,view,2023-01-04 07:58:38,A,Android
9464,click,2023-01-04 05:17:15,A,iOS
9971,registration,2023-01-04 09:35:01,B,iOS
33,click,2023-01-04 18:27:46,B,iOS
561,view,2023-01-04 08:49:29,B,Android
2368,click,2023-01-04 13:19:39,A,Android
3456,view,2023-01-04 12:20:18,B,iOS
7261,click,2023-01-04 10:55:51,A,Android
3479,click,2023-01-04 18:50:43,B,Android
7535,registration,2023-01-04 00:20:10,A,iOS
372,registration,2023-01-04 03:53:07,B,iOS
5596,purchase,2023-01-04 11:08:41,A,iOS
1775,purchase,2023-01-04 07:54:37,A,iOS
8722,view,2023-01-04 07:20:21,A,Android
5314,click,2023-01-04 09:42:09,B,iOS
2668,click,2023-01-04 08:56:22,A,iOS
9431,view,2023-01-04 03:18:15,A,iOS
8333,view,2023-01-04 11:30:50,B,Android
9861,click,2023-01-04 08:22:32,B,Android
1006,click,2023-01-04 12:59:49,B,iOS
3388,click,2023-01-04 03:17:28,B,iOS
6999,view,2023-01-04 17:16:16,A,Android
7804,click,2023-01-04 01:56:23,B,Android
9157,view,2023-01-04 14:04:53,A,iOS
925,click,2023-01-04 08:14:37,B,iOS
3903,view,2023-01-04 13:07:05,A,iOS
3376,click,2023-01-04 08:07:10,A,Android
4574,click,2023-01-04 06:57:16,A,Android
9350,click,2023-01-04 14:57:21,B,iOS
5373,click,2023-01-04 13:29:04,A,Android
3548,view,2023-01-04 09:22:44,A,iOS
7665,purchase,2023-01-04 06:49:38,A,Android
3190,click,2023-01-04 02:58:12,A,iOS
1923,click,2023-01-04 17:59:03,B,iOS
7724,click,2023-01-04 05:08:41,A,iOS
5310,click,2023-01-04 05:56:03,B,iOS
270,view,2023-01-04 02:10:58,B,iOS
1245,purchase,2023-01-04 01:30:51,B,iOS
533,click,2023-01-04 22:00:23,B,iOS
4130,registration,2023-01-04 04:50:57,B,Android
3006,view,2023-01-04 17:27:30,B,iOS
2137,click,2023-01-04 03:13:51,B,Android
3697,click,2023-01-04 11:23:50,A,iOS
1780,purchase,2023-01-04 22:34:16,B,iOS
4696,click,2023-01-04 22:36:58,A,iOS
2399,click,2023-01-04 00:19:24,A,Android
3323,purchase,2023-01-04 17:32:25,B,iOS
6448,click,2023-01-04 00:32:11,A,iOS
928,registration,2023-01-04 19:44:36,B,Android
1841,view,2023-01-04 05:54:29,B,iOS
5728,view,2023-01-04 23:22:57,A,iOS
7373,click,2023-01-04 18:01:47,A,iOS
7874,view,2023-01-04 05:12:49,A,Android
3860,click,2023-01-04 11:56:21,A,iOS
406,click,2023-01-04 14:34:43,B,iOS
9553,registration,2023-01-04 22:26:47,A,Android
266,click,2023-01-04 23:28:37,A,Android
1563,purchase,2023-01-04 01:50:27,B,iOS
4508,registration,2023-01-04 17:44:14,A,Android
1958,view,2023-01-04 06:15:00,B,iOS
1429,view,2023-01-04 20:55:19,A,iOS
9892,view,2023-01-04 08:11:52,B,Android
1364,view,2023-01-04 18:18:14,B,iOS
6064,click,2023-01-04 19:31:05,B,iOS
9955,registration,2023-01-04 22:18:57,B,iOS
4192,view,2023-01-04 10:00:07,A,Android
1281,registration,2023-01-04 13:45:26,B,iOS
2927,registration,2023-01-04 00:00:42,A,iOS
6251,view,2023-01-04 02:16:04,B,iOS
7218,view,2023-01-04 06:00:26,A,iOS
8167,click,2023-01-04 13:37:01,B,iOS
5118,click,2023-01-04 19:52:58,B,iOS
5011,registration,2023-01-04 06:07:32,A,iOS
4354,click,2023-01-04 20:14:35,B,iOS
8320,view,2023-01-04 13:41:37,A,Android
8582,registration,2023-01-04 08:33:43,B,Android
4425,registration,2023-01-04 21:31:10,A,iOS
5291,registration,2023-01-04 05:08:44,B,Android
4766,purchase,2023-01-04 06:49:45,B,iOS
6637,view,2023-01-04 03:11:06,B,iOS
131,purchase,2023-01-04 13:24:24,A,iOS
9049,click,2023-01-04 22:50:15,A,iOS
6280,click,2023-01-04 20:25:25,A,iOS
8869,view,2023-01-04 10:59:05,A,iOS
7365,click,2023-01-04 10:13:06,A,iOS
5108,view,2023-01-04 14:17:39,A,iOS
6375,click,2023-01-04 01:05:17,A,Android
9459,view,2023-01-04 06:59:55,A,iOS
1626,view,2023-01-04 14:31:52,B,Android
6086,click,2023-01-04 18:50:34,B,iOS
6115,registration,2023-01-04 08:49:33,A,Android
4121,registration,2023-01-04 22:54:04,A,iOS
8374,view,2023-01-04 17:33:18,B,Android
2303,view,2023-01-04 18:18:42,A,Android
3785,click,2023-01-04 10:17:58,A,Android
9630,click,2023-01-04 20:08:24,A,Android
2603,click,2023-01-04 16:47:44,A,iOS
5000,view,2023-01-04 22:28:23,B,iOS
6893,click,2023-01-04 12:29:35,B,Android
1823,click,2023-01-04 19:33:18,A,Android
4808,purchase,2023-01-04 18:03:12,B,Android
9346,purchase,2023-01-04 10:33:57,A,Android
18,click,2023-01-04 17:22:41,B,Android
5678,view,2023-01-04 19:27:27,A,Android
4575,view,2023-01-04 04:47:45,A,Android
7559,purchase,2023-01-04 09:59:44,A,Android
1218,registration,2023-01-04 20:56:17,A,iOS
898,view,2023-01-04 02:15:31,A,Android
7176,view,2023-01-04 23:05:22,B,iOS
1673,view,2023-01-04 12:53:08,A,iOS
4015,purchase,2023-01-04 00:18:14,B,iOS
8513,registration,2023-01-04 03:18:48,A,Android
7858,registration,2023-01-04 19:34:33,A,Android
4961,click,2023-01-04 07:24:17,A,Android
1983,click,2023-01-04 01:09:58,A,iOS
371,view,2023-01-04 10:04:12,B,iOS
2618,click,2023-01-04 13:57:54,A,iOS
3613,registration,2023-01-04 11:18:14,B,iOS
9125,view,2023-01-04 16:13:43,B,iOS
2065,registration,2023-01-04 11:11:33,B,Android
7217,click,2023-01-04 16:48:17,B,iOS
3530,view,2023-01-04 09:58:56,A,iOS
3657,view,2023-01-04 08:27:10,A,iOS
6938,view,2023-01-04 11:24:13,A,iOS
6496,click,2023-01-04 20:07:37,B,iOS
4511,click,2023-01-04 18:13:17,A,iOS
8605,view,2023-01-04 04:31:53,A,Android
5076,view,2023-01-04 06:12:53,B,Android
9248,view,2023-01-04 15:04:39,A,iOS
5379,purchase,2023-01-04 13:00:30,B,Android
6282,registration,2023-01-04 20:15:11,B,iOS
7934,view,2023-01-04 06:45:54,B,iOS
9959,click,2023-01-04 19:33:58,A,iOS
5899,view,2023-01-04 08:22:24,B,Android
2476,view,2023-01-04 09:21:51,A,iOS
8005,click,2023-01-04 06:22:12,A,Android
4683,purchase,2023-01-04 04:03:22,B,iOS
2370,purchase,2023-01-04 16:16:24,A,Android
9738,view,2023-01-04 05:44:17,B,iOS
962,click,2023-01-04 21:10:55,A,Android
3314,click,2023-01-04 08:05:43,A,Android
7585,click,2023-01-04 01:21:51,A,iOS
9970,view,2023-01-04 17:24:01,A,Android
2660,click,2023-01-04 08:17:00,B,iOS
3620,click,2023-01-04 20:30:08,B,iOS
7712,click,2023-01-04 19:26:23,B,Android
6842,click,2023-01-04 20:07:05,A,iOS
2425,click,2023-01-04 12:19:59,B,iOS
8183,view,2023-01-04 08:09:20,A,iOS
9142,view,2023-01-04 21:04:18,B,iOS
4767,purchase,2023-01-04 03:57:52,B,iOS
5480,registration,2023-01-04 07:04:31,A,iOS
2731,purchase,2023-01-04 02:30:22,B,Android
5737,purchase,2023-01-04 11:20:27,B,Android
1372,view,2023-01-04 23:12:09,A,iOS
4964,view,2023-01-04 12:24:38,A,Android
4775,purchase,2023-01-04 21:33:10,A,Android
967,view,2023-01-04 20:30:05,A,Android
5697,click,2023-01-04 14:55:29,B,Android
4469,purchase,2023-01-04 13:22:49,A,iOS
5642,click,2023-01-04 22:45:39,B,Android
3441,click,2023-01-04 19:32:49,B,iOS
4432,click,2023-01-04 22:30:56,B,iOS
2569,view,2023-01-04 10:35:55,A,iOS
517,click,2023-01-04 12:54:43,B,iOS
6341,view,2023-01-04 10:45:31,A,Android
4745,purchase,2023-01-04 17:11:46,B,iOS
4747,view,2023-01-04 09:29:48,B,Android
4361,view,2023-01-04 03:57:28,A,iOS
5098,registration,2023-01-04 14:37:42,A,Android
9828,click,2023-01-04 01:22:19,A,iOS
8283,click,2023-01-04 21:34:20,B,iOS
3146,click,2023-01-04 22:41:06,B,iOS
4689,view,2023-01-04 21:12:27,B,iOS
9129,click,2023-01-04 22:53:31,B,iOS
7038,click,2023-01-04 05:05:22,A,Android
2887,purchase,2023-01-04 07:44:43,B,Android
8119,registration,2023-01-04 03:36:13,B,iOS
765,click,2023-01-04 22:19:55,A,Android
5124,registration,2023-01-04 21:09:40,B,Android
6561,click,2023-01-04 11:48:09,B,iOS
4557,view,2023-01-04 13:16:33,B,Android
9111,click,2023-01-04 07:59:18,B,iOS
7758,view,2023-01-04 21:19:21,B,Android
4255,click,2023-01-04 05:58:15,A,iOS
7491,click,2023-01-04 03:15:57,A,Android
8984,registration,2023-01-04 10:49:36,B,Android
9898,click,2023-01-04 11:48:54,B,iOS
6264,click,2023-01-04 02:26:23,B,Android
6008,click,2023-01-04 18:52:38,A,Android
5284,view,2023-01-04 23:13:55,B,Android
6350,view,2023-01-04 09:20:10,B,Android
5903,purchase,2023-01-04 17:44:24,B,Android
7387,view,2023-01-04 20:00:39,B,iOS
1660,click,2023-01-04 06:50:16,B,iOS
6355,view,2023-01-04 20:13:31,B,Android
4658,registration,2023-01-04 05:35:23,A,Android
3235,view,2023-01-04 06:32:04,B,iOS
2833,view,2023-01-04 16:37:37,B,iOS
3264,click,2023-01-04 08:47:20,A,iOS
8320,click,2023-01-04 05:34:11,A,Android
9146,click,2023-01-04 22:33:20,B,iOS
9804,click,2023-01-04 18:05:43,B,Android
5623,view,2023-01-04 19:18:30,B,Android
9055,click,2023-01-04 04:53:52,A,Android
4902,registration,2023-01-04 01:34:59,A,Android
8423,registration,2023-01-04 15:27:37,B,iOS
6168,click,2023-01-04 08:11:42,B,Android
5285,view,2023-01-04 19:32:26,A,iOS
7898,purchase,2023-01-04 21:13:09,A,Android
3404,click,2023-01-04 10:21:44,A,iOS
1583,click,2023-01-04 04:09:01,A,Android
4569,view,2023-01-04 21:44:20,A,iOS
9233,registration,2023-01-04 12:13:12,A,iOS
958,view,2023-01-04 13:46:02,B,iOS
3592,click,2023-01-04 16:43:10,A,Android
3063,click,2023-01-04 08:28:36,A,Android
1050,view,2023-01-04 19:15:53,A,iOS
3635,purchase,2023-01-04 21:16:29,A,iOS
7671,view,2023-01-04 05:35:49,B,Android
9338,click,2023-01-04 11:08:47,A,iOS
3112,registration,2023-01-04 18:26:01,B,Android
5384,registration,2023-01-04 15:36:01,B,Android
5119,view,2023-01-04 02:12:37,B,Android
7369,view,2023-01-04 14:47:45,A,iOS
919,purchase,2023-01-04 00:14:33,B,Android
7344,view,2023-01-04 06:15:51,B,Android
594,view,2023-01-04 06:28:41,B,iOS
5494,purchase,2023-01-04 17:26:14,A,Android
2238,click,2023-01-04 13:26:46,B,Android
7115,click,2023-01-04 08:56:59,B,Android
2950,purchase,2023-01-04 05:35:16,B,iOS
8072,view,2023-01-04 08:48:40,B,Android
3172,registration,2023-01-04 11:40:19,A,Android
2742,click,2023-01-04 05:23:51,B,iOS
1116,registration,2023-01-04 15:03:38,A,iOS
8374,registration,2023-01-04 18:13:19,B,Android
2961,click,2023-01-04 21:52:56,A,Android
5093,purchase,2023-01-04 00:55:44,A,Android
7103,purchase,2023-01-04 08:26:54,A,Android
4519,click,2023-01-04 19:45:38,B,Android
2414,click,2023-01-04 00:49:13,B,iOS
2511,click,2023-01-04 00:02:29,B,Android
3364,view,2023-01-04 03:02:39,B,iOS
2442,click,2023-01-04 00:32:11,B,iOS
2977,click,2023-01-04 22:37:19,B,Android
9938,click,2023-01-04 14:21:36,A,iOS
7917,view,2023-01-04 16:27:51,B,iOS
2645,view,2023-01-04 10:47:37,A,Android
4739,view,2023-01-04 20:12:24,A,Android
7251,click,2023-01-04 02:16:53,A,Android
9761,view,2023-01-04 15:23:34,B,Android
1468,registration,2023-01-04 01:48:27,B,Android
2380,view,2023-01-04 20:28:44,B,iOS
9330,click,2023-01-04 07:10:08,A,iOS
8860,click,2023-01-04 17:34:36,B,iOS
3262,purchase,2023-01-04 09:37:36,B,Android
8566,click,2023-01-04 13:33:09,B,iOS
4437,purchase,2023-01-04 12:20:12,A,iOS
5902,click,2023-01-04 07:34:58,B,iOS
2874,purchase,2023-01-04 07:50:48,B,Android
6336,click,2023-01-04 21:04:39,A,iOS
1244,click,2023-01-04 00:22:33,A,iOS
4626,click,2023-01-04 14:41:59,B,Android
7768,view,2023-01-04 09:15:38,B,Android
8047,registration,2023-01-04 07:25:02,A,iOS
6094,registration,2023-01-04 23:22:35,A,iOS
683,click,2023-01-04 04:09:32,B,Android
1962,view,2023-01-04 19:54:44,A,iOS
3034,view,2023-01-04 13:47:32,A,Android
520,view,2023-01-04 19:49:33,A,Android
5856,click,2023-01-04 02:43:29,B,iOS
760,registration,2023-01-04 09:52:01,A,Android
2944,view,2023-01-04 18:33:25,B,iOS
1691,click,2023-01-04 11:13:24,B,Android
1699,click,2023-01-04 21:59:40,A,Android
9308,purchase,2023-01-04 17:49:49,A,Android
5595,registration,2023-01-04 15:10:39,A,Android
6120,view,2023-01-04 18:57:21,A,Android
4283,click,2023-01-04 15:38:25,A,iOS
2581,view,2023-01-04 06:11:56,B,Android
3220,click,2023-01-05 14:54:48,A,iOS
5480,registration,2023-01-05 09:28:11,A,iOS
1715,view,2023-01-05 03:25:04,B,iOS
9721,view,2023-01-05 06:33:40,A,Android
8118,click,2023-01-05 04:20:52,A,iOS
2734,view,2023-01-05 19:05:26,B,Android
3193,view,2023-01-05 02:15:21,B,iOS
5031,view,2023-01-05 20:47:04,B,iOS
7883,click,2023-01-05 09:28:15,A,Android
5895,purchase,2023-01-05 17:05:05,A,Android
9172,click,2023-01-05 15:10:55,B,Android
4813,view,2023-01-05 04:27:10,A,Android
7742,click,2023-01-05 15:58:00,A,iOS
6466,view,2023-01-05 14:58:25,A,Android
5802,click,2023-01-05 21:50:03,B,Android
7257,view,2023-01-05 14:36:09,A,Android
3840,registration,2023-01-05 12:37:03,A,Android
5807,view,2023-01-05 10:30:16,B,Android
9890,click,2023-01-05 23:54:34,B,iOS
2417,purchase,2023-01-05 10:15:46,B,iOS
3386,purchase,2023-01-05 01:46:10,B,iOS
8958,view,2023-01-05 00:58:06,B,iOS
3215,click,2023-01-05 21:59:17,B,Android
9346,view,2023-01-05 16:29:23,A,Android
5064,view,2023-01-05 12:12:51,B,Android
9520,click,2023-01-05 17:57:16,A,Android
147,registration,2023-01-05 03:25:14,A,iOS
1752,purchase,2023-01-05 13:30:53,B,Android
9590,registration,2023-01-05 16:45:49,B,iOS
2371,click,2023-01-05 19:34:14,A,Android
3807,click,2023-01-05 09:54:08,B,iOS
5705,view,2023-01-05 04:34:26,B,Android
9773,click,2023-01-05 00:36:27,B,Android
5116,view,2023-01-05 00:04:21,A,iOS
2244,registration,2023-01-05 02:34:48,A,Android
5460,click,2023-01-05 05:23:08,A,iOS
9093,view,2023-01-05 12:52:00,B,Android
4321,purchase,2023-01-05 15:02:00,B,Android
5800,view,2023-01-05 19:28:14,A,iOS
1232,click,2023-01-05 11:23:33,A,iOS
8786,click,2023-01-05 19:19:17,A,Android
7965,view,2023-01-05 07:37:18,A,Android
4682,click,2023-01-05 07:04:48,A,Android
1267,registration,2023-01-05 19:35:24,A,iOS
9620,view,2023-01-05 12:51:48,B,Android
6461,view,2023-01-05 17:38:05,A,Android
1446,click,2023-01-05 16:43:36,A,iOS
7242,click,2023-01-05 23:01:32,A,Android
3852,click,2023-01-05 05:30:21,B,iOS
1669,registration,2023-01-05 00:28:24,A,Android
6786,view,2023-01-05 11:36:44,A,iOS
1096,registration,2023-01-05 02:54:48,A,iOS
9874,view,2023-01-05 08:34:11,B,Android
9375,registration,2023-01-05 08:22:59,A,iOS
4220,view,2023-01-05 13:20:36,B,iOS
1464,view,2023-01-05 10:29:29,B,Android
6110,view,2023-01-05 19:03:12,B,iOS
1886,click,2023-01-05 14:55:57,B,iOS
5798,registration,2023-01-05 05:40:39,B,Android
628,click,2023-01-05 08:29:38,A,Android
4139,view,2023-01-05 04:50:12,B,Android
7333,click,2023-01-05 03:54:04,A,Android
7639,view,2023-01-05 22:52:57,A,iOS
3875,view,2023-01-05 09:26:48,A,Android
5831,view,2023-01-05 02:06:37,A,Android
780,view,2023-01-05 19:21:36,A,iOS
5143,registration,2023-01-05 11:42:16,B,Android
1954,registration,2023-01-05 03:26:42,B,Android
5336,click,2023-01-05 19:48:53,B,iOS
7680,click,2023-01-05 16:41:36,A,Android
2779,purchase,2023-01-05 09:19:43,B,iOS
9243,view,2023-01-05 00:35:06,A,Android
5847,view,2023-01-05 18:39:46,A,iOS
7164,purchase,2023-01-05 06:29:54,A,iOS
30,registration,2023-01-05 09:52:14,B,iOS
5448,purchase,2023-01-05 11:07:08,B,iOS
1722,click,2023-01-05 08:41:46,B,iOS
7297,click,2023-01-05 08:11:08,A,iOS
856,view,2023-01-05 15:43:10,B,Android
7384,click,2023-01-05 11:53:08,A,Android
3877,registration,2023-01-05 00:06:45,A,iOS
8274,click,2023-01-05 11:11:55,A,iOS
9875,click,2023-01-05 02:07:37,B,Android
6302,view,2023-01-05 01:22:21,A,iOS
9099,registration,2023-01-05 06:57:05,A,iOS
8006,click,2023-01-05 03:47:53,A,iOS
2308,view,2023-01-05 19:53:39,A,iOS
3030,purchase,2023-01-05 08:08:16,B,iOS
8943,click,2023-01-05 02:12:33,A,Android
8074,view,2023-01-05 23:12:53,B,iOS
4781,registration,2023-01-05 15:45:07,B,Android
1989,click,2023-01-05 17:43:35,A,iOS
7545,view,2023-01-05 18:29:45,A,iOS
3121,view,2023-01-05 05:14:22,B,iOS
5576,view,2023-01-05 11:58:22,A,Android
7347,purchase,2023-01-05 13:06:54,B,Android
4327,registration,2023-01-05 07:27:56,B,iOS
283,click,2023-01-05 06:56:45,B,Android
9331,purchase,2023-01-05 14:02:56,A,iOS
4879,click,2023-01-05 22:35:21,A,Android
1251,click,2023-01-05 06:58:54,A,iOS
2469,registration,2023-01-05 14:37:39,A,iOS
8306,view,2023-01-05 23:02:32,A,iOS
7327,registration,2023-01-05 07:42:02,B,Android
4362,click,2023-01-05 02:46:44,B,Android
4216,view,2023-01-05 07:58:20,B,Android
5000,click,2023-01-05 02:55:45,B,iOS
1140,click,2023-01-05 14:54:11,B,iOS
741,view,2023-01-05 12:05:40,A,iOS
9635,view,2023-01-05 17:24:21,B,Android
259,click,2023-01-05 13:17:26,B,Android
1780,view,2023-01-05 16:13:31,B,iOS
5681,click,2023-01-05 17:31:29,B,Android
2486,registration,2023-01-05 05:13:48,B,Android
9275,click,2023-01-05 10:10:14,A,iOS
3479,click,2023-01-05 09:46:34,B,Android
5568,click,2023-01-05 10:14:03,A,Android
3950,click,2023-01-05 06:38:19,A,iOS
1882,registration,2023-01-05 17:43:58,B,iOS
9408,click,2023-01-05 15:00:56,A,Android
4762,purchase,2023-01-05 08:22:31,B,Android
9885,click,2023-01-05 07:09:48,B,Android
4165,view,2023-01-05 02:42:02,B,iOS
8629,click,2023-01-05 11:31:08,B,Android
4565,view,2023-01-05 23:55:57,A,Android
393,click,2023-01-05 08:13:49,A,Android
5064,click,2023-01-05 09:36:18,B,Android
2321,registration,2023-01-05 20:35:26,A,iOS
4804,view,2023-01-05 16:34:16,A,iOS
8435,click,2023-01-05 02:25:09,A,Android
1314,click,2023-01-05 10:12:28,B,iOS
8924,purchase,2023-01-05 12:45:28,A,Android
5767,view,2023-01-05 18:03:03,B,iOS
8687,click,2023-01-05 09:36:02,B,Android
3937,registration,2023-01-05 06:43:56,A,Android
2095,click,2023-01-05 14:17:18,A,Android
2672,click,2023-01-05 03:30:03,B,Android
2943,view,2023-01-05 16:48:16,B,Android
3181,click,2023-01-05 19:13:14,B,iOS
6975,click,2023-01-05 22:20:12,B,Android
7695,click,2023-01-05 09:13:12,A,iOS
572,click,2023-01-05 07:13:09,B,iOS
9827,click,2023-01-05 18:02:57,A,iOS
4293,view,2023-01-05 04:55:11,A,iOS
8473,click,2023-01-05 09:22:31,B,Android
1144,view,2023-01-05 11:15:19,A,iOS
7596,purchase,2023-01-05 17:36:40,B,Android
6534,purchase,2023-01-05 17:18:03,B,iOS
7113,click,2023-01-05 04:38:17,A,iOS
4462,click,2023-01-05 18:40:30,B,iOS
6571,registration,2023-01-05 08:36:46,B,Android
6124,click,2023-01-05 01:02:20,B,iOS
1835,view,2023-01-05 12:37:08,B,Android
4446,registration,2023-01-05 10:14:07,A,iOS
500,view,2023-01-05 20:32:20,B,iOS
9915,view,2023-01-05 00:15:13,A,iOS
5373,click,2023-01-05 13:42:29,A,Android
9850,click,2023-01-05 10:59:53,B,iOS
8282,purchase,2023-01-05 06:48:26,B,Android
9058,view,2023-01-05 15:21:41,B,iOS
234,view,2023-01-05 18:22:51,B,Android
3174,click,2023-01-05 04:43:42,B,iOS
2279,purchase,2023-01-05 17:45:22,A,Android
5254,click,2023-01-05 11:33:46,B,iOS
6507,view,2023-01-05 13:55:31,B,iOS
357,click,2023-01-05 08:31:26,A,Android
6454,purchase,2023-01-05 14:20:26,B,Android
9165,view,2023-01-05 01:40:31,B,Android
5762,click,2023-01-05 10:09:00,A,Android
3043,click,2023-01-05 17:49:02,B,Android
1280,view,2023-01-05 13:35:28,A,iOS
3852,view,2023-01-05 23:19:45,B,iOS
611,purchase,2023-01-05 06:23:39,A,Android
7539,purchase,2023-01-05 18:44:27,A,Android
9567,view,2023-01-05 03:29:50,A,iOS
4584,click,2023-01-05 12:23:19,B,iOS
5170,click,2023-01-05 21:15:33,B,Android
6985,click,2023-01-05 02:37:27,A,iOS
2113,click,2023-01-05 21:25:25,B,iOS
4767,click,2023-01-05 02:49:07,B,iOS
9017,click,2023-01-05 16:32:16,B,iOS
2057,view,2023-01-05 05:59:37,B,Android
1778,purchase,2023-01-05 23:36:03,A,iOS
9626,registration,2023-01-05 09:16:58,B,iOS
6966,view,2023-01-05 20:28:47,A,iOS
9172,view,2023-01-05 20:13:55,B,Android
8194,click,2023-01-05 04:33:09,A,iOS
4210,click,2023-01-05 04:18:15,B,Android
1969,registration,2023-01-05 20:53:36,B,iOS
6991,click,2023-01-05 04:23:42,B,iOS
5859,registration,2023-01-05 16:59:06,A,iOS
5830,registration,2023-01-05 19:18:31,A,iOS
6096,purchase,2023-01-05 05:21:50,B,Android
67,click,2023-01-05 07:12:22,B,Android
7810,purchase,2023-01-05 08:53:05,B,iOS
1206,view,2023-01-05 07:04:18,A,iOS
5100,click,2023-01-05 22:20:25,B,iOS
9541,click,2023-01-05 19:01:06,B,iOS
9120,purchase,2023-01-05 00:44:38,A,iOS
6544,click,2023-01-05 22:21:50,B,iOS
5364,click,2023-01-05 22:23:04,B,Android
1662,click,2023-01-05 10:51:40,A,iOS
3715,view,2023-01-05 00:48:13,B,Android
8412,view,2023-01-05 18:07:11,B,iOS
9697,view,2023-01-05 13:58:02,A,Android
8588,registration,2023-01-05 23:48:19,B,iOS
5557,view,2023-01-05 21:02:37,A,Android
3188,purchase,2023-01-05 17:37:50,A,iOS
2048,view,2023-01-05 14:19:56,B,Android
3536,click,2023-01-05 20:08:24,B,iOS
2830,click,2023-01-05 19:49:48,A,iOS
893,view,2023-01-05 20:51:58,A,iOS
3204,registration,2023-01-05 18:35:47,B,iOS
1437,click,2023-01-05 13:37:02,A,iOS
654,click,2023-01-05 13:12:09,A,iOS
7383,registration,2023-01-05 17:06:58,B,iOS
4778,click,2023-01-05 23:17:51,A,Android
407,registration,2023-01-05 14:34:39,B,iOS
4402,registration,2023-01-05 21:03:01,B,iOS
1592,click,2023-01-05 18:24:02,B,Android
6094,view,2023-01-05 18:29:32,A,iOS
1749,view,2023-01-05 17:31:52,B,Android
2108,click,2023-01-05 00:52:37,B,iOS
7706,registration,2023-01-05 08:00:27,B,iOS
3673,click,2023-01-05 09:43:51,A,Android
1585,click,2023-01-05 10:41:54,A,iOS
1343,click,2023-01-05 07:25:05,A,Android
1516,view,2023-01-05 09:41:29,B,iOS
1291,purchase,2023-01-05 03:55:56,B,iOS
9192,click,2023-01-05 15:06:26,B,iOS
4052,click,2023-01-05 03:06:29,A,iOS
1423,registration,2023-01-05 15:51:50,A,Android
8630,click,2023-01-05 02:12:12,A,iOS
2150,click,2023-01-05 18:41:27,A,Android
8562,view,2023-01-05 00:04:46,A,Android
5064,purchase,2023-01-05 12:03:23,B,Android
6897,click,2023-01-05 04:45:15,A,Android
446,click,2023-01-05 03:11:33,B,iOS
4782,click,2023-01-05 23:45:55,A,iOS
7991,view,2023-01-05 15:43:33,B,iOS
2794,purchase,2023-01-05 22:10:29,A,Android
669,view,2023-01-05 11:54:41,B,iOS
3163,click,2023-01-05 10:28:20,A,Android
3821,registration,2023-01-05 11:47:02,A,iOS
9997,view,2023-01-05 13:44:06,B,iOS
1215,purchase,2023-01-05 03:00:48,A,iOS
1608,view,2023-01-05 05:09:41,B,Android
7749,registration,2023-01-05 23:06:12,B,iOS
266,view,2023-01-05 22:11:41,A,Android
2877,view,2023-01-05 11:35:24,A,Android
2014,view,2023-01-05 06:43:01,B,iOS
253,purchase,2023-01-05 05:35:59,B,Android
8117,click,2023-01-05 21:32:43,A,iOS
1561,purchase,2023-01-05 19:14:31,A,iOS
7498,click,2023-01-05 16:14:48,B,iOS
6950,click,2023-01-05 23:10:54,B,Android
1247,registration,2023-01-05 21:23:45,B,iOS
2346,click,2023-01-05 23:53:06,B,Android
2929,click,2023-01-05 19:36:05,A,iOS
7329,view,2023-01-05 19:16:50,B,iOS
3006,view,2023-01-05 04:51:31,B,iOS
9519,click,2023-01-05 07:00:29,B,iOS
4866,click,2023-01-05 15:57:38,A,iOS
7085,click,2023-01-05 06:15:27,A,Android
2475,click,2023-01-05 00:10:32,B,Android
4827,view,2023-01-05 17:05:08,A,iOS
3838,click,2023-01-05 22:20:31,A,Android
8792,registration,2023-01-05 17:02:35,B,Android
5222,click,2023-01-05 06:20:49,A,Android
6834,registration,2023-01-05 17:01:39,B,Android
5960,registration,2023-01-05 22:02:26,B,iOS
4318,view,2023-01-05 15:16:24,A,Android
9410,registration,2023-01-05 16:08:30,A,Android
3419,registration,2023-01-05 19:10:35,B,iOS
6820,view,2023-01-05 05:55:19,A,iOS
3930,purchase,2023-01-05 15:47:37,B,iOS
7942,click,2023-01-05 13:56:46,B,iOS
1367,view,2023-01-05 10:16:18,B,iOS
26,click,2023-01-05 10:19:47,B,Android
4246,view,2023-01-05 06:11:55,B,iOS
5481,click,2023-01-05 00:49:21,A,iOS
6780,registration,2023-01-05 21:27:20,A,iOS
2506,view,2023-01-05 17:16:08,A,Android
6793,registration,2023-01-05 01:47:21,B,iOS
908,click,2023-01-05 10:03:36,B,Android
1206,click,2023-01-05 13:54:05,A,iOS
6518,registration,2023-01-05 06:58:06,B,Android
1074,registration,2023-01-05 17:38:28,A,iOS
296,view,2023-01-05 06:37:52,A,iOS
7992,registration,2023-01-05 13:34:46,B,iOS
8719,purchase,2023-01-05 10:45:14,A,Android
7858,registration,2023-01-05 16:30:00,A,Android
278,view,2023-01-05 05:58:35,B,iOS
187,purchase,2023-01-05 13:17:00,A,Android
6664,view,2023-01-05 20:27:24,B,iOS
8551,registration,2023-01-05 00:47:05,A,iOS
555,view,2023-01-05 23:18:33,A,iOS
881,view,2023-01-05 22:03:32,B,iOS
2186,registration,2023-01-05 00:30:19,B,Android
724,purchase,2023-01-05 21:13:40,B,Android
5746,click,2023-01-05 09:46:43,A,iOS
8328,registration,2023-01-05 12:51:45,B,iOS
4130,click,2023-01-05 02:51:55,B,Android
9745,registration,2023-01-05 12:30:24,A,iOS
4649,view,2023-01-05 08:24:14,A,iOS
3611,view,2023-01-05 23:51:34,B,iOS
3346,view,2023-01-05 22:49:15,A,iOS
5859,purchase,2023-01-05 11:06:01,A,iOS
6645,view,2023-01-05 13:29:04,A,Android
3001,click,2023-01-05 14:00:34,A,iOS
1857,click,2023-01-05 10:05:16,A,iOS
9257,registration,2023-01-05 08:05:48,A,Android
524,click,2023-01-05 15:12:50,B,Android
150,view,2023-01-05 10:24:47,B,iOS
3980,registration,2023-01-05 19:06:55,B,iOS
6636,purchase,2023-01-05 05:18:45,B,iOS
5141,click,2023-01-05 04:24:27,A,Android
350,view,2023-01-05 22:02:51,B,Android
4526,registration,2023-01-05 07:55:58,A,iOS
7344,purchase,2023-01-05 15:55:47,B,Android
2674,view,2023-01-05 22:30:57,B,iOS
7415,view,2023-01-05 21:09:36,B,Android
3333,view,2023-01-05 04:37:33,B,Android
6097,registration,2023-01-05 15:58:07,A,Android
9273,click,2023-01-05 07:23:09,B,iOS
3861,click,2023-01-05 14:15:39,B,Android
8401,click,2023-01-05 03:28:24,A,iOS
6954,click,2023-01-05 11:09:30,A,Android
4762,click,2023-01-05 08:52:59,B,Android
6679,click,2023-01-05 11:02:02,B,iOS
8188,view,2023-01-05 18:06:34,B,Android
5715,click,2023-01-05 08:35:54,A,Android
9441,view,2023-01-05 20:01:27,B,iOS
8216,click,2023-01-05 22:13:53,A,Android
5310,view,2023-01-05 00:31:57,B,iOS
8910,view,2023-01-05 15:43:23,B,iOS
5849,click,2023-01-05 10:15:11,B,Android
384,registration,2023-01-05 14:50:34,B,iOS
693,view,2023-01-05 02:27:48,B,iOS
4003,view,2023-01-05 03:28:21,B,Android
5326,registration,2023-01-05 18:58:50,B,Android
517,view,2023-01-05 08:35:38,B,iOS
5857,view,2023-01-05 18:14:03,B,Android
7879,registration,2023-01-05 01:19:22,A,Android
2305,view,2023-01-05 10:20:26,A,Android
1685,click,2023-01-05 08:20:58,A,iOS
20,view,2023-01-05 19:57:37,B,Android
11,click,2023-01-05 13:07:59,B,iOS
5276,click,2023-01-05 16:31:05,A,iOS
3007,purchase,2023-01-05 11:14:30,B,iOS
9901,view,2023-01-05 23:02:59,B,Android
8185,click,2023-01-05 18:46:48,B,iOS
8997,purchase,2023-01-05 19:24:04,B,Android
9773,registration,2023-01-05 00:10:57,B,Android
5237,purchase,2023-01-05 05:40:25,A,Android
5553,purchase,2023-01-05 03:12:52,B,iOS
6855,view,2023-01-05 01:22:36,B,Android
6866,click,2023-01-05 14:56:10,B,Android
38,purchase,2023-01-05 13:40:02,A,Android
5194,purchase,2023-01-05 04:00:58,A,iOS
7048,view,2023-01-05 12:11:21,A,Android
9129,view,2023-01-05 23:47:53,B,iOS
5420,view,2023-01-05 13:21:39,B,iOS
1996,registration,2023-01-05 23:24:01,A,Android
2517,click,2023-01-05 05:43:40,A,iOS
8569,click,2023-01-05 11:56:12,B,iOS
6033,click,2023-01-05 07:08:20,A,iOS
5202,click,2023-01-05 19:50:03,A,iOS
6308,click,2023-01-05 08:42:50,A,iOS
9790,click,2023-01-05 17:23:59,A,Android
5997,click,2023-01-05 13:54:55,A,iOS
5590,click,2023-01-05 04:03:24,A,Android
478,click,2023-01-05 14:06:20,A,Android
7901,registration,2023-01-05 08:45:53,A,iOS
3258,registration,2023-01-05 05:20:36,A,iOS
1128,click,2023-01-05 14:31:36,B,iOS
8056,registration,2023-01-05 08:04:06,B,iOS
3943,purchase,2023-01-05 16:56:25,B,iOS
9896,registration,2023-01-05 23:36:30,B,Android
5555,registration,2023-01-05 00:16:07,B,iOS
1034,registration,2023-01-05 08:44:23,A,iOS
9002,view,2023-01-05 15:41:05,B,iOS
6097,registration,2023-01-05 15:10:17,A,Android
7758,purchase,2023-01-05 02:00:55,B,Android
7558,click,2023-01-05 15:51:50,A,Android
7015,view,2023-01-05 00:57:51,A,iOS
4684,click,2023-01-05 13:25:12,B,Android
9723,click,2023-01-05 15:47:22,B,Android
3404,click,2023-01-05 12:19:48,A,iOS
1732,click,2023-01-05 16:19:52,A,Android
8064,registration,2023-01-05 10:59:59,B,iOS
8910,view,2023-01-05 23:57:15,B,iOS
5214,click,2023-01-05 19:07:18,A,Android
2749,view,2023-01-05 21:28:52,B,iOS
3713,click,2023-01-05 16:40:22,B,Android
8998,click,2023-01-05 14:43:43,B,iOS
6485,view,2023-01-05 15:05:29,A,iOS
1229,view,2023-01-05 11:46:24,B,iOS
4592,registration,2023-01-05 00:33:40,A,Android
2766,click,2023-01-05 10:58:47,B,iOS
3905,registration,2023-01-05 12:52:43,B,iOS
3846,purchase,2023-01-05 22:55:15,A,Android
2973,click,2023-01-05 04:59:04,B,Android
7347,click,2023-01-05 03:17:27,B,Android
3770,view,2023-01-05 23:09:57,B,iOS
553,click,2023-01-05 03:43:25,B,Android
6655,view,2023-01-05 11:51:55,A,iOS
1397,view,2023-01-05 17:33:47,A,Android
4517,registration,2023-01-05 23:06:51,B,Android
4536,registration,2023-01-05 16:27:20,B,iOS
1033,registration,2023-01-05 04:08:28,B,iOS
4139,click,2023-01-05 04:12:32,B,Android
3470,purchase,2023-01-05 15:41:47,A,iOS
4740,view,2023-01-05 07:07:12,B,Android
8132,view,2023-01-05 10:07:01,A,Android
6897,registration,2023-01-05 21:01:42,A,Android
8130,click,2023-01-05 18:17:19,A,Android
8675,view,2023-01-05 04:10:40,A,Android
2899,view,2023-01-05 15:23:36,B,Android
114,registration,2023-01-05 07:26:11,B,iOS
2864,view,2023-01-05 00:05:40,B,iOS
1593,view,2023-01-05 19:07:02,B,iOS
8230,click,2023-01-05 23:43:16,A,iOS
2508,view,2023-01-05 12:44:53,A,Android
3985,click,2023-01-05 14:23:47,A,Android
8397,registration,2023-01-05 22:00:14,B,Android
8298,registration,2023-01-05 21:37:09,B,iOS
6975,click,2023-01-05 09:25:57,B,Android
8062,click,2023-01-05 02:20:27,A,Android
4809,view,2023-01-05 02:34:21,A,Android
6431,click,2023-01-05 16:23:21,B,iOS
5400,click,2023-01-05 01:03:02,B,iOS
7704,click,2023-01-05 01:48:39,A,Android
2522,view,2023-01-05 20:13:54,B,iOS
8840,view,2023-01-05 17:06:23,A,Android
5737,click,2023-01-05 02:37:28,B,Android
2263,view,2023-01-05 08:27:41,B,iOS
7801,registration,2023-01-05 10:00:36,A,iOS
5083,view,2023-01-05 09:05:55,A,iOS
4720,click,2023-01-05 14:55:35,B,iOS
6219,view,2023-01-05 17:58:34,A,Android
824,click,2023-01-05 06:42:10,A,iOS
6207,view,2023-01-05 06:43:09,B,Android
1560,view,2023-01-05 20:43:37,B,iOS
3694,view,2023-01-05 01:54:19,B,Android
2421,click,2023-01-05 00:01:27,B,iOS
2347,click,2023-01-05 11:47:45,A,iOS
7415,view,2023-01-05 16:14:10,B,Android
8495,click,2023-01-05 10:34:02,B,iOS
4800,purchase,2023-01-05 11:36:11,A,Android
6196,click,2023-01-05 08:54:10,B,iOS
4767,view,2023-01-05 09:59:33,B,iOS
3961,click,2023-01-05 04:10:51,A,iOS
4549,click,2023-01-05 23:17:03,B,iOS
1465,click,2023-01-05 18:38:01,B,iOS
6404,click,2023-01-05 23:58:14,A,Android
2272,click,2023-01-05 13:28:30,B,iOS
7003,registration,2023-01-05 14:00:09,A,Android
6971,registration,2023-01-05 06:38:13,A,iOS
7466,view,2023-01-05 07:24:04,B,Android
660,view,2023-01-05 19:10:38,B,iOS
3678,view,2023-01-05 20:47:02,A,Android
4410,click,2023-01-05 22:19:21,B,Android
2389,click,2023-01-05 03:07:15,B,Android
5454,purchase,2023-01-05 16:56:05,B,Android
5803,click,2023-01-05 00:44:47,B,iOS
6189,purchase,2023-01-05 18:58:58,B,iOS
2358,view,2023-01-05 08:32:13,B,Android
6150,click,2023-01-05 22:42:49,B,iOS
2011,registration,2023-01-05 00:02:42,A,Android
4057,click,2023-01-05 19:02:40,A,Android
4243,view,2023-01-05 04:39:04,B,iOS
1413,view,2023-01-05 13:28:25,A,iOS
4889,view,2023-01-05 23:25:54,B,iOS
8645,click,2023-01-05 17:28:01,A,iOS
4761,click,2023-01-05 13:10:33,A,Android
8419,view,2023-01-05 19:50:02,A,Android
5320,click,2023-01-05 05:26:34,B,Android
4513,purchase,2023-01-05 16:27:21,B,Android
5173,click,2023-01-05 18:29:30,A,iOS
7286,view,2023-01-05 09:00:58,A,Android
2011,purchase,2023-01-05 05:57:02,A,Android
4240,click,2023-01-05 06:51:42,A,iOS
4591,registration,2023-01-05 00:27:01,A,Android
6324,registration,2023-01-05 11:50:23,A,Android
8979,registration,2023-01-05 17:55:25,A,Android
8770,click,2023-01-05 17:36:17,B,Android
2628,click,2023-01-05 14:22:22,A,iOS
1017,view,2023-01-05 12:28:29,A,iOS
6785,view,2023-01-05 05:17:49,B,iOS
6599,click,2023-01-05 12:01:02,B,iOS
5460,view,2023-01-05 07:16:32,A,iOS
5571,click,2023-01-05 05:17:08,B,Android
7193,view,2023-01-05 19:40:44,A,iOS
6293,view,2023-01-05 17:48:48,A,Android
6622,registration,2023-01-05 09:51:37,A,Android
6177,purchase,2023-01-05 18:46:25,A,iOS
7532,view,2023-01-05 16:01:14,B,Android
4231,view,2023-01-05 03:33:43,A,iOS
8031,purchase,2023-01-05 11:45:06,A,iOS
5628,view,2023-01-05 20:37:18,B,Android
6117,click,2023-01-05 03:16:18,A,Android
5116,registration,2023-01-05 18:45:09,A,iOS
8827,purchase,2023-01-05 23:00:35,A,Android
7824,view,2023-01-05 09:15:14,B,iOS
5685,view,2023-01-05 19:39:00,A,Android
5669,purchase,2023-01-05 21:39:43,A,iOS
7982,view,2023-01-05 02:02:02,A,Android
6261,click,2023-01-05 05:37:50,A,iOS
8295,registration,2023-01-05 21:04:22,B,iOS
196,click,2023-01-05 10:35:08,A,iOS
6154,view,2023-01-05 11:14:49,B,iOS
2463,click,2023-01-05 01:53:14,A,iOS
4123,purchase,2023-01-05 16:17:03,A,Android
3553,click,2023-01-05 18:37:03,B,Android
7534,purchase,2023-01-05 04:58:23,A,Android
6442,view,2023-01-05 03:33:12,A,iOS
8277,view,2023-01-05 03:48:45,B,iOS
2590,view,2023-01-05 07:06:08,A,Android
4049,registration,2023-01-05 14:38:28,B,Android
3618,view,2023-01-05 15:16:26,A,iOS
4207,purchase,2023-01-05 01:30:35,B,iOS
2660,click,2023-01-05 23:01:47,B,iOS
2031,click,2023-01-05 07:04:04,B,Android
1175,click,2023-01-05 06:33:30,B,Android
8011,registration,2023-01-05 19:20:43,B,iOS
5530,click,2023-01-05 09:10:04,B,Android
3304,click,2023-01-05 10:08:19,B,Android
4674,click,2023-01-05 02:13:41,A,iOS
2019,purchase,2023-01-05 08:21:54,A,iOS
9238,view,2023-01-05 13:01:11,B,iOS
6840,view,2023-01-05 21:48:53,A,Android
9630,click,2023-01-05 13:44:49,A,Android
1796,click,2023-01-05 00:31:01,B,iOS
7261,registration,2023-01-05 03:55:45,A,Android
2824,purchase,2023-01-05 08:11:24,B,iOS
6453,purchase,2023-01-05 13:48:06,A,Android
5466,click,2023-01-05 12:58:34,B,Android
9648,purchase,2023-01-05 14:40:25,A,Android
5886,registration,2023-01-05 04:29:53,B,iOS
8922,click,2023-01-05 03:17:44,B,iOS
885,click,2023-01-05 20:21:16,A,iOS
8785,view,2023-01-05 07:37:37,A,Android
8653,registration,2023-01-05 08:01:45,B,iOS
1472,click,2023-01-05 02:53:51,A,Android
7882,click,2023-01-05 23:28:39,A,Android
1647,click,2023-01-05 20:20:10,B,Android
5939,registration,2023-01-05 03:04:12,A,iOS
6629,click,2023-01-05 11:22:57,B,iOS
8515,click,2023-01-05 14:23:18,A,iOS
5376,registration,2023-01-05 13:11:11,A,Android
4097,click,2023-01-05 03:36:53,B,Android
8074,registration,2023-01-05 21:42:39,B,iOS
757,view,2023-01-05 13:25:28,B,Android
1007,view,2023-01-05 06:50:15,A,iOS
8548,view,2023-01-05 21:10:21,A,iOS
4416,registration,2023-01-05 06:21:25,B,Android
9165,registration,2023-01-05 23:51:31,B,Android
3520,click,2023-01-05 20:31:53,B,iOS
7758,purchase,2023-01-05 16:10:09,B,Android
4008,purchase,2023-01-05 05:17:50,B,Android
6598,click,2023-01-05 20:51:46,B,iOS
2705,purchase,2023-01-05 20:46:08,A,Android
8703,click,2023-01-05 02:01:32,B,Android
465,purchase,2023-01-05 03:55:46,B,iOS
430,view,2023-01-05 08:40:59,A,Android
2620,purchase,2023-01-05 10:38:03,B,iOS
2852,registration,2023-01-05 18:19:29,B,iOS
9567,purchase,2023-01-05 19:46:03,A,iOS
5012,view,2023-01-05 17:35:32,A,Android
7636,click,2023-01-05 03:43:16,A,iOS
2738,purchase,2023-01-05 23:44:10,A,Android
5653,view,2023-01-05 06:18:33,A,Android
1293,registration,2023-01-05 01:15:30,A,iOS
2377,registration,2023-01-05 11:10:15,B,Android
4571,view,2023-01-05 12:05:21,A,iOS
2219,view,2023-01-05 00:22:08,B,iOS
2457,view,2023-01-05 23:36:19,B,iOS
6672,view,2023-01-05 15:14:09,A,iOS
4143,click,2023-01-05 02:59:00,A,iOS
7676,registration,2023-01-05 03:24:13,B,Android
5649,purchase,2023-01-05 08:53:16,B,Android
7256,view,2023-01-05 03:55:10,B,iOS
3517,click,2023-01-05 20:18:38,B,iOS
6957,click,2023-01-05 13:27:53,A,iOS
3446,registration,2023-01-05 22:58:08,A,iOS
9224,registration,2023-01-05 03:25:37,A,iOS
4709,view,2023-01-05 22:16:05,B,iOS
7265,view,2023-01-05 18:37:40,B,Android
5645,click,2023-01-05 05:10:38,A,iOS
4057,click,2023-01-05 23:47:51,A,Android
7463,view,2023-01-05 05:36:48,B,iOS
3420,click,2023-01-05 19:43:35,B,Android
607,registration,2023-01-05 09:44:30,A,Android
6128,click,2023-01-05 10:27:59,B,iOS
9835,purchase,2023-01-05 12:54:36,B,Android
3932,click,2023-01-05 01:56:21,B,iOS
6916,registration,2023-01-05 03:55:41,B,iOS
4885,purchase,2023-01-05 00:00:59,B,Android
3249,click,2023-01-05 11:32:17,A,iOS
9978,view,2023-01-05 04:26:11,B,Android
2388,view,2023-01-05 10:05:07,A,iOS
7247,click,2023-01-05 03:09:47,B,iOS
1565,click,2023-01-05 16:38:52,A,Android
6715,view,2023-01-05 12:38:08,B,iOS
7409,view,2023-01-05 01:58:40,B,Android
4953,registration,2023-01-05 19:49:00,B,Android
7461,click,2023-01-05 08:46:11,B,Android
8468,click,2023-01-05 01:12:07,A,iOS
7974,view,2023-01-05 00:42:14,B,Android
918,purchase,2023-01-05 06:35:41,B,iOS
7450,registration,2023-01-05 06:00:00,A,Android
2285,registration,2023-01-05 21:46:38,B,Android
5207,view,2023-01-05 08:02:05,A,iOS
857,click,2023-01-05 21:44:55,B,iOS
9491,view,2023-01-05 15:46:43,A,Android
5932,click,2023-01-05 23:04:50,B,Android
2510,view,2023-01-05 08:51:00,B,Android
777,click,2023-01-05 08:59:09,A,Android
888,click,2023-01-05 11:35:46,A,iOS
5325,click,2023-01-05 07:18:45,B,iOS
3176,view,2023-01-05 14:07:38,B,Android
7074,view,2023-01-05 22:11:21,B,Android
9357,registration,2023-01-05 04:29:22,B,iOS
193,view,2023-01-05 15:04:48,A,Android
6624,purchase,2023-01-05 16:25:32,A,iOS
4489,view,2023-01-05 02:42:51,B,Android
897,view,2023-01-05 12:02:21,A,Android
2299,registration,2023-01-05 21:56:56,A,Android
9787,click,2023-01-05 11:08:31,A,Android
4779,click,2023-01-05 21:10:36,A,Android
2516,click,2023-01-05 22:46:02,B,iOS
4548,click,2023-01-05 08:01:29,B,Android
1713,click,2023-01-05 21:09:47,B,Android
9545,click,2023-01-05 15:08:14,B,Android
5806,purchase,2023-01-05 04:39:56,B,Android
7443,view,2023-01-05 02:14:05,A,iOS
2789,purchase,2023-01-05 16:13:23,A,iOS
9512,click,2023-01-05 16:00:09,A,iOS
8395,click,2023-01-05 11:07:19,B,iOS
5053,view,2023-01-05 04:35:06,A,iOS
7547,click,2023-01-05 07:26:06,A,Android
6495,click,2023-01-05 22:37:00,A,Android
3385,view,2023-01-05 05:29:26,A,iOS
7578,view,2023-01-05 00:45:56,A,iOS
6637,click,2023-01-05 11:33:24,B,iOS
457,click,2023-01-05 21:30:35,A,Android
347,click,2023-01-05 01:08:20,B,Android
2970,purchase,2023-01-05 16:37:10,B,Android
4341,view,2023-01-05 22:35:07,A,iOS
4426,click,2023-01-05 23:10:48,B,Android
173,view,2023-01-05 10:17:14,A,iOS
690,click,2023-01-05 14:56:56,A,iOS
7696,view,2023-01-05 05:09:09,B,iOS
1243,view,2023-01-05 14:43:00,B,iOS
1813,purchase,2023-01-05 03:27:49,B,iOS
4109,registration,2023-01-05 11:33:22,B,iOS
696,click,2023-01-05 09:32:59,A,iOS
5874,view,2023-01-05 21:44:46,A,iOS
2709,click,2023-01-05 04:35:01,B,Android
586,registration,2023-01-05 21:33:45,A,Android
1178,view,2023-01-05 17:07:31,A,Android
780,click,2023-01-05 04:07:36,A,iOS
7229,view,2023-01-05 04:07:18,B,Android
8458,registration,2023-01-05 02:39:45,A,Android
6803,click,2023-01-05 06:14:39,A,iOS
9719,click,2023-01-05 20:10:03,A,iOS
392,view,2023-01-05 16:57:28,B,iOS
5798,click,2023-01-05 02:18:18,B,Android
3974,click,2023-01-05 21:16:32,B,Android
9270,click,2023-01-06 01:29:13,B,Android
858,view,2023-01-06 06:03:53,B,iOS
2164,purchase,2023-01-06 16:45:01,B,iOS
2244,click,2023-01-06 01:01:45,A,Android
6787,click,2023-01-06 17:26:28,A,iOS
5895,registration,2023-01-06 05:13:40,A,Android
9844,click,2023-01-06 09:55:56,A,Android
2251,registration,2023-01-06 15:04:21,B,iOS
5929,click,2023-01-06 07:34:51,B,iOS
3418,click,2023-01-06 21:30:27,A,iOS
8684,view,2023-01-06 14:17:23,B,iOS
6489,view,2023-01-06 08:44:53,B,iOS
1346,view,2023-01-06 03:30:55,A,iOS
5540,click,2023-01-06 17:07:59,B,iOS
6274,registration,2023-01-06 01:54:53,B,Android
1545,view,2023-01-06 02:27:24,A,Android
5824,view,2023-01-06 21:14:39,B,iOS
288,click,2023-01-06 02:23:15,B,iOS
6911,click,2023-01-06 03:11:44,B,Android
4954,click,2023-01-06 11:57:52,B,Android
8113,click,2023-01-06 17:18:54,A,iOS
3108,click,2023-01-06 17:44:18,A,iOS
4735,purchase,2023-01-06 03:53:39,A,iOS
5377,click,2023-01-06 09:43:34,A,Android
4219,view,2023-01-06 16:41:29,A,Android
7634,registration,2023-01-06 16:12:58,A,Android
9684,click,2023-01-06 01:12:27,B,iOS
3679,registration,2023-01-06 19:15:31,A,Android
9908,click,2023-01-06 09:58:19,B,Android
5430,registration,2023-01-06 03:29:55,A,iOS
6303,click,2023-01-06 21:35:46,B,iOS
8909,click,2023-01-06 01:56:15,B,iOS
7252,view,2023-01-06 16:07:41,A,iOS
9065,view,2023-01-06 16:14:11,A,Android
8916,click,2023-01-06 05:11:16,B,iOS
8465,registration,2023-01-06 19:39:11,A,iOS
457,view,2023-01-06 13:19:06,A,Android
6307,registration,2023-01-06 08:12:04,B,Android
6829,registration,2023-01-06 01:08:16,B,Android
5197,registration,2023-01-06 11:38:29,A,iOS
7659,click,2023-01-06 05:35:35,B,iOS
2967,click,2023-01-06 21:10:01,A,iOS
5702,view,2023-01-06 18:39:01,B,Android
7178,purchase,2023-01-06 03:21:21,A,iOS
1424,view,2023-01-06 02:59:53,A,iOS
1401,click,2023-01-06 08:37:19,B,Android
5290,view,2023-01-06 06:17:19,A,iOS
7105,purchase,2023-01-06 06:31:09,B,Android
1697,view,2023-01-06 16:55:02,A,Android
1122,click,2023-01-06 16:18:32,A,Android
3191,click,2023-01-06 12:24:10,B,iOS
7461,click,2023-01-06 18:16:51,B,Android
6825,click,2023-01-06 14:39:21,B,iOS
8287,click,2023-01-06 15:44:38,A,Android
399,click,2023-01-06 00:55:12,B,Android
425,view,2023-01-06 05:12:23,A,iOS
6370,click,2023-01-06 05:02:10,B,iOS
528,view,2023-01-06 12:07:37,B,iOS
8902,view,2023-01-06 00:11:45,A,iOS
3771,click,2023-01-06 16:44:13,B,iOS
2822,click,2023-01-06 17:33:09,B,Android
6797,click,2023-01-06 16:35:25,B,Android
5602,registration,2023-01-06 02:25:46,A,iOS
4228,view,2023-01-06 07:58:08,B,iOS
511,view,2023-01-06 09:27:38,A,Android
93,click,2023-01-06 04:43:49,A,iOS
2457,view,2023-01-06 16:41:15,B,iOS
7249,registration,2023-01-06 19:31:16,B,iOS
2589,registration,2023-01-06 09:43:45,B,Android
2147,click,2023-01-06 21:27:07,B,iOS
9351,view,2023-01-06 00:22:32,B,iOS
2613,click,2023-01-06 16:48:42,B,Android
7275,click,2023-01-06 13:16:42,B,iOS
5288,click,2023-01-06 16:46:58,B,Android
7921,click,2023-01-06 15:06:37,B,Android
1297,click,2023-01-06 05:59:45,B,iOS
54,registration,2023-01-06 23:09:07,A,iOS
2218,view,2023-01-06 10:17:51,B,Android
425,view,2023-01-06 14:21:42,A,iOS
218,view,2023-01-06 14:46:35,A,Android
4051,view,2023-01-06 03:07:07,B,iOS
4068,view,2023-01-06 08:26:26,B,iOS
1688,click,2023-01-06 18:28:17,A,Android
8619,click,2023-01-06 16:32:42,B,iOS
666,click,2023-01-06 16:23:53,B,iOS
4737,registration,2023-01-06 09:31:16,A,Android
4374,click,2023-01-06 22:57:13,B,iOS
8963,click,2023-01-06 00:26:50,B,Android
3718,click,2023-01-06 09:03:26,A,Android
8085,registration,2023-01-06 23:03:00,A,iOS
6705,registration,2023-01-06 04:50:48,B,iOS
6826,click,2023-01-06 22:08:14,B,iOS
3411,click,2023-01-06 04:17:55,A,Android
1492,registration,2023-01-06 09:18:34,A,iOS
8612,click,2023-01-06 18:26:11,A,Android
1339,click,2023-01-06 01:36:28,A,Android
902,purchase,2023-01-06 05:16:34,A,iOS
6590,click,2023-01-06 06:43:24,A,Android
2809,click,2023-01-06 16:19:51,A,iOS
3640,click,2023-01-06 10:59:36,A,Android
1954,click,2023-01-06 05:07:14,B,Android
7160,click,2023-01-06 09:20:56,B,iOS
595,click,2023-01-06 02:52:02,B,iOS
5883,view,2023-01-06 23:10:30,A,iOS
8630,click,2023-01-06 12:51:31,A,iOS
6529,purchase,2023-01-06 04:05:29,B,Android
7806,click,2023-01-06 10:02:00,A,iOS
4810,registration,2023-01-06 07:07:50,B,iOS
9970,purchase,2023-01-06 20:23:22,A,Android
6039,view,2023-01-06 22:22:00,B,Android
1922,click,2023-01-06 01:28:36,A,Android
6219,view,2023-01-06 01:19:10,A,Android
2822,click,2023-01-06 04:07:30,B,Android
8793,registration,2023-01-06 11:42:58,B,Android
7937,view,2023-01-06 03:49:13,A,iOS
4510,view,2023-01-06 05:40:07,A,iOS
256,registration,2023-01-06 14:41:10,B,iOS
1056,view,2023-01-06 07:45:18,A,iOS
6063,view,2023-01-06 09:29:29,A,Android
4960,click,2023-01-06 14:51:47,B,iOS
5040,view,2023-01-06 19:19:00,A,iOS
8698,registration,2023-01-06 03:20:39,A,Android
5808,click,2023-01-06 06:19:09,B,Android
8999,click,2023-01-06 12:59:25,A,Android
2743,registration,2023-01-06 08:45:44,B,Android
9753,click,2023-01-06 15:20:46,A,iOS
5121,view,2023-01-06 07:12:01,B,iOS
1464,view,2023-01-06 18:39:56,B,Android
7479,registration,2023-01-06 15:03:31,A,Android
8765,registration,2023-01-06 11:39:33,B,iOS
1693,view,2023-01-06 19:39:43,B,iOS
2520,view,2023-01-06 13:57:12,B,Android
6417,registration,2023-01-06 15:29:34,A,iOS
6592,click,2023-01-06 23:26:50,A,Android
3971,registration,2023-01-06 00:17:17,B,iOS
6215,registration,2023-01-06 01:11:22,B,iOS
6369,registration,2023-01-06 05:25:30,B,iOS
6098,view,2023-01-06 22:43:34,B,Android
8152,purchase,2023-01-06 06:52:50,A,iOS
7418,view,2023-01-06 05:33:06,B,iOS
3674,view,2023-01-06 15:36:14,B,Android
4628,purchase,2023-01-06 02:32:57,A,Android
8543,view,2023-01-06 20:30:02,B,Android
1687,purchase,2023-01-06 01:13:22,A,iOS
8460,click,2023-01-06 19:35:22,A,Android
110,view,2023-01-06 10:17:41,A,iOS
757,registration,2023-01-06 16:48:57,B,Android
2929,click,2023-01-06 19:32:39,A,iOS
1808,registration,2023-01-06 10:50:59,B,iOS
7668,view,2023-01-06 16:02:44,A,Android
1253,registration,2023-01-06 01:34:53,B,Android
797,purchase,2023-01-06 17:29:47,A,Android
2671,click,2023-01-06 04:22:27,B,iOS
5500,click,2023-01-06 23:57:20,A,iOS
3383,view,2023-01-06 22:54:11,B,Android
6621,purchase,2023-01-06 21:02:07,A,iOS
55,click,2023-01-06 12:11:54,B,Android
6004,view,2023-01-06 12:31:53,A,iOS
5083,click,2023-01-06 04:26:14,A,iOS
4055,registration,2023-01-06 01:51:31,A,Android
3947,view,2023-01-06 19:08:06,B,iOS
3311,registration,2023-01-06 23:35:40,B,Android
783,click,2023-01-06 01:12:27,B,iOS
2603,registration,2023-01-06 18:43:29,A,iOS
8847,click,2023-01-06 12:47:07,A,Android
9489,click,2023-01-06 13:53:47,B,Android
5955,registration,2023-01-06 00:28:57,A,Android
2179,registration,2023-01-06 17:41:39,A,iOS
2123,click,2023-01-06 01:09:22,B,Android
2759,registration,2023-01-06 14:34:28,A,Android
4865,purchase,2023-01-06 07:06:19,B,Android
6933,click,2023-01-06 15:53:04,B,iOS
7536,click,2023-01-06 17:54:29,A,iOS
3636,click,2023-01-06 11:53:39,A,Android
1466,click,2023-01-06 04:23:22,B,iOS
5672,view,2023-01-06 19:07:45,B,Android
3816,click,2023-01-06 04:17:45,B,Android
3905,view,2023-01-06 19:18:08,B,iOS
6151,registration,2023-01-06 19:25:35,A,iOS
4920,click,2023-01-06 23:19:29,A,Android
2948,click,2023-01-06 05:18:32,B,Android
6450,click,2023-01-06 23:32:24,B,iOS
4516,click,2023-01-06 04:03:30,A,iOS
1186,registration,2023-01-06 22:12:06,B,Android
3509,click,2023-01-06 08:12:59,B,Android
9459,registration,2023-01-06 10:31:32,A,iOS
8637,purchase,2023-01-06 11:39:14,A,iOS
4731,view,2023-01-06 11:53:43,A,Android
6464,purchase,2023-01-06 03:38:03,B,Android
435,registration,2023-01-06 17:23:03,A,iOS
1979,click,2023-01-06 10:06:46,B,Android
3904,registration,2023-01-06 14:58:48,A,iOS
6558,registration,2023-01-06 19:47:51,B,Android
9950,click,2023-01-06 05:49:24,A,Android
5469,click,2023-01-06 23:23:32,B,Android
7669,view,2023-01-06 04:37:09,B,iOS
5456,view,2023-01-06 20:19:24,B,Android
5872,click,2023-01-06 20:11:59,B,Android
7487,click,2023-01-06 08:28:42,B,Android
2406,click,2023-01-06 05:13:33,A,Android
207,click,2023-01-06 07:52:47,A,Android
8492,view,2023-01-06 22:54:26,A,iOS
2853,registration,2023-01-06 16:11:20,A,iOS
5399,click,2023-01-06 13:21:28,B,iOS
3037,view,2023-01-06 12:28:22,A,Android
5516,registration,2023-01-06 07:40:06,B,Android
9859,click,2023-01-06 22:02:26,A,Android
8944,click,2023-01-06 05:24:23,B,Android
1832,view,2023-01-06 21:50:09,B,iOS
3694,view,2023-01-06 16:07:24,B,Android
8510,view,2023-01-06 12:09:42,B,Android
8445,view,2023-01-06 03:13:38,B,Android
9093,registration,2023-01-06 06:50:12,B,Android
9883,click,2023-01-06 01:32:07,B,iOS
8231,click,2023-01-06 16:20:59,B,iOS
1130,click,2023-01-06 21:00:48,B,iOS
7253,view,2023-01-06 08:07:11,A,iOS
875,registration,2023-01-06 15:15:53,B,iOS
2075,click,2023-01-06 10:12:47,A,Android
1847,click,2023-01-06 21:08:55,B,iOS
237,registration,2023-01-06 01:21:22,A,Android
3926,click,2023-01-06 22:04:08,B,iOS
7330,registration,2023-01-06 14:11:54,A,Android
8200,registration,2023-01-06 05:41:45,A,iOS
6913,click,2023-01-06 05:25:48,A,iOS
4552,view,2023-01-06 01:13:42,A,Android
6189,click,2023-01-06 02:07:33,B,iOS
7609,view,2023-01-06 05:23:35,A,Android
3665,registration,2023-01-06 09:11:15,B,Android
2364,click,2023-01-06 21:39:25,A,Android
5692,view,2023-01-06 10:26:13,B,iOS
2132,purchase,2023-01-06 13:59:37,B,iOS
6387,registration,2023-01-06 18:10:50,A,iOS
4905,registration,2023-01-06 00:42:58,A,Android
497,click,2023-01-06 20:44:44,B,iOS
5751,click,2023-01-06 04:28:45,A,iOS
7005,click,2023-01-06 05:49:23,B,iOS
7337,purchase,2023-01-06 02:16:55,A,iOS
4527,registration,2023-01-06 17:27:39,B,iOS
8782,click,2023-01-06 12:25:17,A,iOS
5870,purchase,2023-01-06 20:47:27,A,iOS
3124,view,2023-01-06 07:01:55,B,Android
7997,click,2023-01-06 09:53:37,B,Android
2287,purchase,2023-01-06 11:43:08,B,Android
9464,view,2023-01-06 01:34:34,A,iOS
9206,view,2023-01-06 15:49:05,B,iOS
9418,view,2023-01-06 06:28:31,B,Android
5331,click,2023-01-06 11:03:18,B,Android
9705,registration,2023-01-06 16:16:11,B,iOS
4757,view,2023-01-06 11:45:23,A,iOS
1654,registration,2023-01-06 23:37:23,B,Android
1489,registration,2023-01-06 01:24:38,A,iOS
3970,click,2023-01-06 19:15:42,B,Android
1575,view,2023-01-06 15:43:38,B,iOS
496,registration,2023-01-06 06:19:51,B,iOS
5504,registration,2023-01-06 02:59:07,A,Android
9252,registration,2023-01-06 02:50:29,A,Android
9495,view,2023-01-06 04:24:15,B,iOS
7478,view,2023-01-06 08:32:28,A,Android
295,view,2023-01-06 13:34:26,A,iOS
291,click,2023-01-06 22:21:55,A,Android
8299,registration,2023-01-06 00:58:56,A,Android
2127,view,2023-01-06 08:37:56,B,iOS
3542,view,2023-01-06 15:11:27,A,iOS
663,registration,2023-01-06 21:52:16,A,Android
3125,view,2023-01-06 08:39:08,A,Android
6989,view,2023-01-06 05:59:45,A,iOS
3304,purchase,2023-01-06 09:57:37,B,Android
3059,view,2023-01-06 19:59:56,A,Android
581,registration,2023-01-06 12:21:48,B,Android
2737,view,2023-01-06 07:06:23,B,Android
2903,view,2023-01-06 09:47:55,A,iOS
5773,view,2023-01-06 16:58:18,B,Android
6658,view,2023-01-06 10:45:05,A,iOS
7235,registration,2023-01-06 07:26:25,B,Android
5618,registration,2023-01-06 04:50:57,A,iOS
6481,click,2023-01-06 11:42:01,A,iOS
3251,view,2023-01-06 10:22:30,B,Android
7522,view,2023-01-06 11:29:17,A,Android
3599,registration,2023-01-06 07:42:34,A,iOS
3000,click,2023-01-06 08:18:00,A,iOS
4805,view,2023-01-06 19:40:26,A,Android
8821,click,2023-01-06 00:00:42,B,iOS
6998,click,2023-01-06 21:12:01,B,Android
503,registration,2023-01-06 00:21:38,A,iOS
476,click,2023-01-06 13:25:13,B,Android
9553,view,2023-01-06 18:28:32,A,Android
720,click,2023-01-06 05:13:42,B,iOS
8243,view,2023-01-06 13:28:52,A,Android
5146,click,2023-01-06 08:32:40,B,Android
6239,view,2023-01-06 09:35:46,A,iOS
6836,view,2023-01-06 11:35:16,B,Android
7478,click,2023-01-06 02:28:09,A,Android
9640,click,2023-01-06 13:13:04,A,Android
1903,click,2023-01-06 05:54:58,A,iOS
5572,view,2023-01-06 16:17:23,A,Android
5306,registration,2023-01-06 12:58:13,B,iOS
2946,click,2023-01-06 15:55:46,B,iOS
1293,click,2023-01-06 01:23:19,A,iOS
9820,click,2023-01-06 06:57:47,A,iOS
8022,view,2023-01-06 18:03:21,B,Android
2214,view,2023-01-06 15:57:20,B,Android
461,view,2023-01-06 09:04:17,B,Android
7789,registration,2023-01-06 16:58:21,B,iOS
4814,view,2023-01-06 03:48:55,B,iOS
694,registration,2023-01-06 11:16:49,A,Android
1587,click,2023-01-06 21:28:07,A,iOS
2871,registration,2023-01-06 12:07:04,B,Android
6612,purchase,2023-01-06 19:22:34,B,Android
7878,registration,2023-01-06 16:05:00,B,Android
3044,click,2023-01-06 10:46:10,A,iOS
6370,click,2023-01-06 04:55:02,B,iOS
5341,click,2023-01-06 11:14:02,A,Android
2791,registration,2023-01-06 01:04:27,A,iOS
2495,registration,2023-01-06 14:18:33,A,Android
7759,click,2023-01-06 04:07:41,B,iOS
6132,view,2023-01-06 15:37:13,B,Android
5040,registration,2023-01-06 23:41:25,A,iOS
5129,view,2023-01-06 07:36:49,B,iOS
6505,purchase,2023-01-06 23:07:26,B,iOS
864,click,2023-01-06 20:10:47,A,Android
9256,view,2023-01-06 09:22:11,A,Android
5470,view,2023-01-06 11:05:15,A,iOS
2073,purchase,2023-01-06 15:21:10,A,iOS
6807,registration,2023-01-06 14:10:09,A,Android
8541,purchase,2023-01-06 20:38:00,B,iOS
8499,registration,2023-01-06 00:50:20,A,iOS
4538,click,2023-01-06 08:17:53,B,Android
1707,click,2023-01-06 04:58:21,B,Android
355,click,2023-01-06 13:17:44,A,iOS
7167,purchase,2023-01-06 08:01:40,B,Android
2328,registration,2023-01-06 00:39:40,A,iOS
5792,registration,2023-01-06 17:16:44,A,iOS
4729,click,2023-01-06 18:37:03,A,Android
6963,registration,2023-01-06 06:19:05,A,iOS
3633,registration,2023-01-06 19:53:41,B,iOS
778,click,2023-01-06 00:37:39,A,iOS
4533,purchase,2023-01-06 06:19:18,B,Android
8919,view,2023-01-06 12:08:53,A,Android
7494,registration,2023-01-06 22:44:28,B,iOS
3401,click,2023-01-06 12:27:58,A,Android
3795,view,2023-01-06 23:25:57,A,Android
6790,view,2023-01-06 21:18:58,A,iOS
7978,view,2023-01-06 09:36:01,A,iOS
6567,purchase,2023-01-06 03:24:12,A,Android
6901,purchase,2023-01-06 19:57:41,A,Android
9863,view,2023-01-06 07:17:52,A,Android
8036,view,2023-01-06 14:17:55,A,iOS
6540,click,2023-01-06 02:41:01,A,iOS
178,click,2023-01-06 13:20:41,A,Android
8150,click,2023-01-06 16:23:59,A,iOS
3100,registration,2023-01-06 04:51:34,A,iOS
1252,purchase,2023-01-06 20:40:38,A,iOS
9729,purchase,2023-01-06 11:31:10,B,iOS
5176,view,2023-01-06 17:36:43,A,Android
2991,registration,2023-01-06 06:12:26,B,iOS
681,purchase,2023-01-06 05:08:09,B,iOS
4819,click,2023-01-06 23:35:10,B,Android
3439,registration,2023-01-06 03:05:30,B,Android
5148,click,2023-01-06 10:15:10,A,Android
2190,purchase,2023-01-06 17:35:41,B,iOS
3134,view,2023-01-06 19:21:50,A,Android
1969,view,2023-01-06 19:31:13,B,iOS
2681,view,2023-01-06 22:17:36,B,Android
3660,view,2023-01-06 14:39:45,A,iOS
4130,click,2023-01-06 17:22:08,B,Android
7052,registration,2023-01-06 20:24:44,B,Android
4191,registration,2023-01-06 19:20:07,B,Android
9242,click,2023-01-06 21:07:52,A,iOS
1432,click,2023-01-06 11:36:06,B,Android
1328,registration,2023-01-06 17:38:04,B,Android
7918,view,2023-01-06 07:41:34,B,Android
6640,click,2023-01-06 00:13:59,B,iOS
8960,click,2023-01-06 11:45:28,A,Android
2087,purchase,2023-01-06 11:22:39,B,iOS
7821,view,2023-01-06 05:42:12,A,iOS
3527,view,2023-01-06 14:18:10,B,iOS
9674,click,2023-01-06 03:23:33,A,iOS
9252,click,2023-01-06 13:36:30,A,Android
2094,click,2023-01-06 04:05:24,B,iOS
8332,view,2023-01-06 16:39:26,B,Android
2941,view,2023-01-06 18:43:05,B,iOS
8729,click,2023-01-06 19:40:03,B,Android
6591,purchase,2023-01-06 17:04:28,B,Android
3353,click,2023-01-06 11:51:53,A,Android
7856,click,2023-01-06 18:59:53,A,iOS
7436,view,2023-01-06 06:21:25,A,Android
8837,click,2023-01-06 07:07:04,A,iOS
8820,click,2023-01-06 17:20:53,B,iOS
6516,view,2023-01-06 09:41:00,B,iOS
6218,purchase,2023-01-06 03:10:52,A,Android
4548,click,2023-01-06 22:21:13,B,Android
3130,view,2023-01-06 19:46:45,A,iOS
3502,click,2023-01-06 01:36:55,A,iOS
8085,registration,2023-01-06 11:43:06,A,iOS
534,view,2023-01-06 03:01:45,A,Android
9398,purchase,2023-01-06 18:25:16,B,Android
2516,view,2023-01-06 07:26:23,B,iOS
3580,purchase,2023-01-06 08:46:50,B,Android
2922,purchase,2023-01-06 11:27:53,B,Android
3127,click,2023-01-06 03:22:03,A,Android
8473,click,2023-01-06 01:09:12,B,Android
1092,click,2023-01-06 12:48:46,B,Android
8574,view,2023-01-06 14:08:56,A,Android
765,view,2023-01-06 16:40:19,A,Android
585,click,2023-01-06 00:47:48,A,iOS
9660,view,2023-01-06 02:17:43,A,iOS
8273,click,2023-01-06 16:59:03,B,Android
9380,click,2023-01-06 14:07:09,A,iOS
3521,click,2023-01-06 11:01:11,B,iOS
94,view,2023-01-06 00:24:42,B,iOS
6307,click,2023-01-06 10:06:31,B,Android
4005,click,2023-01-06 10:09:59,A,Android
1773,click,2023-01-06 12:00:26,B,Android
4596,click,2023-01-06 18:06:40,B,Android
5001,registration,2023-01-06 02:12:21,A,iOS
5478,view,2023-01-06 11:41:28,A,Android
462,purchase,2023-01-06 16:53:42,B,iOS
9964,click,2023-01-06 05:25:15,B,Android
4921,click,2023-01-06 10:49:54,A,Android
3558,click,2023-01-06 05:13:47,B,iOS
2893,view,2023-01-06 13:11:17,B,iOS
8478,click,2023-01-06 03:17:41,A,iOS
5728,view,2023-01-06 22:17:43,A,iOS
8346,view,2023-01-06 02:57:51,A,Android
5265,click,2023-01-06 00:45:29,B,Android
6547,purchase,2023-01-06 13:16:57,B,iOS
9379,registration,2023-01-06 10:06:24,A,iOS
3209,purchase,2023-01-06 13:12:07,B,Android
4084,purchase,2023-01-06 03:18:50,B,iOS
6987,click,2023-01-06 23:52:25,A,iOS
7197,click,2023-01-06 21:11:42,B,Android
2423,click,2023-01-06 08:47:43,A,Android
1785,click,2023-01-06 16:02:29,A,iOS
9187,purchase,2023-01-06 19:37:31,A,iOS
2660,purchase,2023-01-06 21:20:42,B,iOS
6013,view,2023-01-06 12:22:04,A,iOS
2127,click,2023-01-06 13:38:41,B,iOS
6085,registration,2023-01-06 02:57:42,A,iOS
9761,view,2023-01-06 23:09:13,B,Android
7830,click,2023-01-06 02:22:28,B,iOS
8696,registration,2023-01-06 14:03:22,A,Android
7808,registration,2023-01-06 20:42:15,A,iOS
6561,registration,2023-01-06 11:46:32,B,iOS
4170,click,2023-01-06 21:35:15,A,iOS
4811,click,2023-01-06 22:37:19,A,iOS
2221,view,2023-01-06 11:37:35,A,Android
7772,click,2023-01-06 15:13:19,A,Android
1031,click,2023-01-06 07:32:25,A,Android
926,click,2023-01-06 14:46:23,B,iOS
1719,view,2023-01-06 18:27:13,A,iOS
3906,click,2023-01-06 23:39:56,B,iOS
6603,view,2023-01-06 08:32:10,A,iOS
56,registration,2023-01-06 07:35:15,A,Android
5538,view,2023-01-06 16:46:32,B,iOS
2855,registration,2023-01-06 00:07:48,A,iOS
485,click,2023-01-06 19:19:53,B,Android
932,view,2023-01-06 04:41:13,A,iOS
9452,view,2023-01-06 15:13:08,A,Android
3598,click,2023-01-06 07:02:20,B,iOS
1602,click,2023-01-06 13:02:43,A,Android
687,click,2023-01-06 20:37:14,A,Android
8308,registration,2023-01-06 04:33:54,B,Android
4759,registration,2023-01-06 19:41:38,A,Android
4282,registration,2023-01-06 17:45:26,B,Android
9602,purchase,2023-01-06 14:04:40,A,iOS
2277,registration,2023-01-06 21:18:20,A,Android
9631,view,2023-01-06 22:23:48,A,iOS
1812,registration,2023-01-06 20:36:46,B,Android
9184,click,2023-01-06 09:11:43,A,iOS
8007,view,2023-01-06 23:37:09,A,Android
2439,click,2023-01-06 16:14:40,A,Android
7889,purchase,2023-01-06 13:43:13,A,Android
7318,click,2023-01-06 21:39:11,B,Android
3442,click,2023-01-06 00:52:11,B,iOS
351,click,2023-01-06 06:44:58,B,Android
6100,view,2023-01-06 20:28:22,B,Android
3244,click,2023-01-06 03:33:34,A,iOS
4007,view,2023-01-06 05:00:10,B,iOS
8612,click,2023-01-06 19:13:01,A,Android
6542,click,2023-01-06 09:58:30,B,Android
7664,registration,2023-01-06 19:55:27,A,Android
4998,click,2023-01-06 08:47:30,A,Android
3826,registration,2023-01-06 14:20:16,A,Android
7182,click,2023-01-06 01:39:27,B,iOS
8077,view,2023-01-06 07:05:15,B,Android
2019,view,2023-01-06 04:59:28,A,iOS
9124,view,2023-01-06 21:38:15,A,Android
4521,purchase,2023-01-06 16:12:55,B,iOS
5358,click,2023-01-06 20:19:48,B,Android
4396,click,2023-01-06 19:08:52,B,Android
7262,view,2023-01-06 12:00:21,A,Android
8069,click,2023-01-06 07:59:48,B,iOS
8133,view,2023-01-06 03:39:50,B,Android
8413,click,2023-01-06 03:31:08,B,Android
7942,view,2023-01-06 09:36:04,B,iOS
3065,registration,2023-01-06 17:28:14,B,iOS
9006,purchase,2023-01-06 02:57:52,A,Android
6088,registration,2023-01-06 00:57:58,B,iOS
6989,view,2023-01-06 10:19:33,A,iOS
8083,registration,2023-01-06 03:56:26,B,Android
2664,click,2023-01-06 18:35:10,A,Android
7678,click,2023-01-06 22:24:23,B,iOS
1413,click,2023-01-06 08:01:03,A,iOS
9144,view,2023-01-06 22:17:32,B,Android
3579,click,2023-01-06 01:42:46,B,Android
5964,view,2023-01-06 22:12:54,A,iOS
6683,view,2023-01-06 22:12:54,A,Android
752,view,2023-01-06 08:55:09,B,Android
1826,purchase,2023-01-06 03:37:39,B,iOS
7461,view,2023-01-06 06:38:34,B,Android
5189,registration,2023-01-06 09:08:53,B,iOS
4122,purchase,2023-01-06 14:43:33,A,iOS
4850,view,2023-01-06 11:42:06,B,Android
9986,view,2023-01-06 23:19:10,A,iOS
7937,click,2023-01-06 23:43:08,A,iOS
5502,click,2023-01-06 19:11:43,B,Android
8221,view,2023-01-06 01:28:17,B,iOS
7975,purchase,2023-01-06 00:38:26,B,iOS
6449,click,2023-01-06 15:43:25,B,Android
4043,click,2023-01-06 16:20:54,A,iOS
7882,view,2023-01-06 09:34:59,A,Android
6368,registration,2023-01-06 21:35:07,A,Android
5415,purchase,2023-01-06 15:29:05,A,Android
6736,view,2023-01-06 11:09:44,B,iOS
8880,purchase,2023-01-06 13:58:48,A,Android
3502,click,2023-01-06 03:28:06,A,iOS
6960,view,2023-01-06 14:59:42,A,Android
6977,view,2023-01-06 09:08:06,A,Android
6636,registration,2023-01-06 17:57:01,B,iOS
2912,click,2023-01-06 20:41:42,A,Android
2528,registration,2023-01-06 13:04:02,A,iOS
6027,click,2023-01-06 10:58:22,A,Android
2054,click,2023-01-06 02:59:42,A,Android
6627,view,2023-01-06 16:55:56,B,Android
6528,purchase,2023-01-06 08:19:17,B,Android
8239,click,2023-01-06 19:38:24,A,Android
4855,purchase,2023-01-06 09:13:25,A,iOS
3331,click,2023-01-06 22:45:35,A,Android
5936,click,2023-01-06 00:12:46,B,Android
258,view,2023-01-06 00:17:00,A,Android
2075,purchase,2023-01-06 09:53:44,A,Android
308,click,2023-01-06 22:31:24,A,iOS
7149,registration,2023-01-06 23:08:04,A,Android
9397,purchase,2023-01-06 09:15:23,B,Android
4925,click,2023-01-06 02:07:02,A,iOS
9529,view,2023-01-06 07:44:19,B,Android
4466,click,2023-01-06 23:07:46,B,Android
9946,registration,2023-01-06 06:44:47,A,iOS
1802,purchase,2023-01-06 11:51:26,A,Android
8183,purchase,2023-01-06 13:54:41,A,iOS
2473,view,2023-01-06 21:42:50,A,iOS
6661,click,2023-01-06 09:00:07,B,iOS
9538,click,2023-01-06 02:40:12,B,Android
2061,view,2023-01-06 10:04:59,A,iOS
5519,purchase,2023-01-06 23:42:57,B,iOS
3944,registration,2023-01-06 18:19:20,A,iOS
7457,registration,2023-01-06 08:06:57,A,Android
542,click,2023-01-06 03:08:19,A,Android
2843,view,2023-01-06 01:54:38,A,Android
3343,view,2023-01-06 10:08:43,A,Android
5566,view,2023-01-06 15:06:46,B,iOS
8168,view,2023-01-06 05:02:25,B,Android
5013,click,2023-01-06 00:50:43,A,iOS
9943,registration,2023-01-06 07:00:50,A,Android
3290,registration,2023-01-06 18:38:15,B,iOS
1918,view,2023-01-06 18:01:28,B,iOS
3435,click,2023-01-06 01:27:09,A,iOS
4947,registration,2023-01-06 05:01:30,B,Android
7209,click,2023-01-06 05:40:37,B,iOS
8550,purchase,2023-01-06 18:34:03,A,Android
6277,view,2023-01-06 07:33:36,B,Android
804,view,2023-01-06 07:43:45,A,Android
945,purchase,2023-01-06 19:42:58,A,iOS
7311,click,2023-01-06 05:08:40,A,iOS
5220,view,2023-01-06 14:01:11,B,Android
571,view,2023-01-06 23:15:05,B,Android
9669,click,2023-01-06 10:38:26,A,Android
1461,registration,2023-01-06 12:06:16,A,Android
6192,view,2023-01-06 23:51:49,B,iOS
3189,click,2023-01-06 12:49:41,A,Android
2283,click,2023-01-06 21:04:40,A,Android
4088,click,2023-01-06 10:16:00,A,iOS
8155,view,2023-01-06 00:16:39,A,iOS
204,view,2023-01-06 15:25:09,B,Android
4688,view,2023-01-06 23:57:16,B,Android
8067,registration,2023-01-06 05:39:57,A,iOS
8040,view,2023-01-06 16:25:19,A,iOS
8816,purchase,2023-01-06 10:52:41,B,iOS
8567,view,2023-01-06 11:12:13,B,iOS
5750,registration,2023-01-06 23:06:47,B,Android
1085,view,2023-01-06 08:20:50,A,iOS
1402,purchase,2023-01-06 15:36:54,B,iOS
990,registration,2023-01-06 16:02:44,A,iOS
2398,view,2023-01-06 19:08:51,A,iOS
2390,view,2023-01-06 22:12:29,A,Android
5449,click,2023-01-06 13:53:59,A,iOS
3939,view,2023-01-06 04:08:01,B,iOS
6240,click,2023-01-06 03:55:48,A,iOS
8266,click,2023-01-06 03:23:21,B,iOS
2058,view,2023-01-06 06:13:22,A,Android
8822,registration,2023-01-06 09:40:33,B,iOS
3735,click,2023-01-06 14:32:27,B,iOS
1360,click,2023-01-06 20:00:31,A,iOS
3453,click,2023-01-06 08:13:34,A,Android
5952,registration,2023-01-06 10:20:45,A,Android
6667,view,2023-01-06 03:11:10,A,iOS
2970,purchase,2023-01-06 21:33:46,B,Android
4585,view,2023-01-06 17:52:38,B,Android
5301,registration,2023-01-06 03:52:30,B,iOS
7859,registration,2023-01-06 02:45:34,A,iOS
5805,click,2023-01-06 05:46:58,A,Android
7074,click,2023-01-06 14:10:58,B,Android
5351,click,2023-01-06 13:56:23,A,Android
258,registration,2023-01-06 20:38:35,A,Android
6138,purchase,2023-01-06 00:04:33,A,Android
6565,registration,2023-01-06 17:21:48,B,Android
3545,click,2023-01-06 03:16:43,A,Android
699,click,2023-01-06 04:00:53,A,Android
7154,registration,2023-01-06 23:51:56,A,iOS
2477,click,2023-01-06 12:18:46,B,Android
8200,purchase,2023-01-06 21:41:19,A,iOS
8409,purchase,2023-01-06 12:33:00,A,Android
699,registration,2023-01-06 04:21:01,A,Android
9706,purchase,2023-01-06 05:04:59,A,Android
9331,registration,2023-01-06 12:00:58,A,iOS
6209,view,2023-01-06 01:21:58,A,Android
886,click,2023-01-06 22:06:18,B,iOS
2493,registration,2023-01-06 02:18:31,A,Android
7644,purchase,2023-01-06 11:40:05,B,iOS
5395,click,2023-01-06 16:19:21,B,iOS
6471,click,2023-01-06 05:52:15,A,Android
3475,purchase,2023-01-06 06:09:03,B,iOS
2701,click,2023-01-06 12:04:39,A,Android
7298,click,2023-01-06 11:30:18,A,Android
1361,purchase,2023-01-06 22:23:27,B,Android
3064,view,2023-01-06 17:18:35,B,Android
3425,view,2023-01-06 04:39:36,A,iOS
9840,registration,2023-01-06 20:59:26,B,iOS
3772,view,2023-01-06 22:45:37,B,Android
4266,click,2023-01-06 00:39:22,B,iOS
1821,view,2023-01-06 12:49:48,B,Android
7704,view,2023-01-06 18:11:37,A,Android
8901,view,2023-01-06 11:36:22,B,Android
7322,view,2023-01-06 16:02:30,B,Android
1951,click,2023-01-06 13:32:50,B,iOS
4429,registration,2023-01-06 15:39:28,B,Android
8414,purchase,2023-01-06 00:39:47,A,Android
5139,click,2023-01-06 08:30:12,B,iOS
3524,click,2023-01-06 18:38:41,A,Android
3149,click,2023-01-06 07:00:07,A,Android
3449,click,2023-01-06 12:29:30,A,iOS
6822,registration,2023-01-06 18:51:27,A,Android
8720,click,2023-01-06 16:42:39,B,Android
5369,registration,2023-01-06 21:44:03,B,iOS
4971,click,2023-01-06 19:42:08,A,Android
3996,click,2023-01-06 14:49:44,A,iOS
2063,click,2023-01-06 13:49:07,A,iOS
8918,purchase,2023-01-06 18:45:13,B,Android
1976,click,2023-01-06 05:01:42,B,iOS
6931,view,2023-01-06 02:35:38,B,Android
611,click,2023-01-06 17:12:49,A,Android
6284,click,2023-01-06 02:00:34,B,iOS
4358,registration,2023-01-06 17:18:31,A,Android
3128,view,2023-01-06 08:52:49,B,Android
429,purchase,2023-01-06 21:14:17,B,Android
2362,view,2023-01-06 11:06:44,B,iOS
8797,click,2023-01-06 21:18:54,A,Android
4856,click,2023-01-06 04:43:07,A,iOS
1034,click,2023-01-06 11:34:20,A,iOS
4510,click,2023-01-06 20:10:16,A,iOS
3171,registration,2023-01-06 16:43:00,B,iOS
6890,click,2023-01-06 07:36:35,A,iOS
9676,click,2023-01-06 16:35:38,A,iOS
1370,click,2023-01-06 22:42:38,A,iOS
5561,purchase,2023-01-06 22:39:55,A,iOS
3654,view,2023-01-06 07:06:54,A,iOS
8593,click,2023-01-06 17:00:46,B,Android
1247,click,2023-01-06 04:41:48,B,iOS
5309,view,2023-01-06 22:14:07,A,Android
9067,registration,2023-01-06 06:38:22,B,iOS
955,view,2023-01-06 12:29:17,A,Android
6688,click,2023-01-06 21:06:26,B,iOS
9636,click,2023-01-06 18:33:39,B,iOS
2552,click,2023-01-06 00:33:21,A,Android
8790,click,2023-01-06 15:01:00,B,Android
9145,click,2023-01-06 15:45:16,B,iOS
9050,view,2023-01-06 08:22:10,A,iOS
1034,registration,2023-01-06 02:54:10,A,iOS
7753,view,2023-01-06 14:46:00,A,Android
7608,view,2023-01-06 15:27:20,B,iOS
3167,click,2023-01-06 11:12:29,B,iOS
9444,view,2023-01-06 14:38:49,A,Android
6544,click,2023-01-06 00:16:41,B,iOS
4699,registration,2023-01-06 02:28:30,A,Android
156,registration,2023-01-06 01:35:56,A,iOS
3934,click,2023-01-07 17:54:51,B,Android
305,purchase,2023-01-07 04:12:46,A,iOS
5739,view,2023-01-07 11:45:14,A,iOS
7990,click,2023-01-07 20:19:04,B,iOS
1931,click,2023-01-07 08:51:41,A,Android
4608,view,2023-01-07 22:36:46,A,Android
7958,click,2023-01-07 14:54:31,B,Android
2288,registration,2023-01-07 17:39:12,A,Android
8580,registration,2023-01-07 15:41:12,B,Android
883,registration,2023-01-07 06:32:42,A,iOS
1626,registration,2023-01-07 11:53:40,B,Android
496,view,2023-01-07 22:26:37,B,iOS
2550,registration,2023-01-07 11:48:09,A,iOS
1337,registration,2023-01-07 20:35:04,B,iOS
3643,registration,2023-01-07 07:00:41,B,Android
6662,click,2023-01-07 19:35:47,A,Android
348,click,2023-01-07 13:31:21,A,iOS
5927,view,2023-01-07 00:28:04,A,iOS
5335,click,2023-01-07 12:23:01,B,iOS
7287,registration,2023-01-07 10:09:20,B,Android
3021,purchase,2023-01-07 07:38:30,B,iOS
4412,view,2023-01-07 06:14:56,A,Android
2,purchase,2023-01-07 23:47:28,B,iOS
6772,click,2023-01-07 01:24:23,B,Android
5599,view,2023-01-07 18:02:56,B,Android
4993,view,2023-01-07 11:22:25,A,Android
5502,click,2023-01-07 10:52:32,B,Android
5339,view,2023-01-07 09:11:16,A,Android
8303,click,2023-01-07 14:24:56,B,iOS
4507,view,2023-01-07 01:33:52,A,iOS
2146,purchase,2023-01-07 00:57:22,B,Android
7055,click,2023-01-07 03:46:39,B,iOS
6108,click,2023-01-07 08:47:26,A,iOS
6869,click,2023-01-07 17:52:52,B,Android
9921,purchase,2023-01-07 08:50:42,B,iOS
6489,click,2023-01-07 22:11:21,B,iOS
9593,view,2023-01-07 10:05:00,B,iOS
984,view,2023-01-07 11:55:02,B,iOS
9922,purchase,2023-01-07 17:01:43,B,Android
2735,view,2023-01-07 01:18:36,B,iOS
9094,view,2023-01-07 22:26:21,A,iOS
838,view,2023-01-07 00:19:51,A,Android
4540,registration,2023-01-07 13:17:01,A,Android
4279,registration,2023-01-07 13:26:14,A,iOS
1007,click,2023-01-07 22:19:04,A,iOS
6562,view,2023-01-07 04:17:56,B,iOS
7366,registration,2023-01-07 09:51:44,B,Android
563,click,2023-01-07 11:53:06,A,Android
4558,view,2023-01-07 20:12:55,A,Android
7368,registration,2023-01-07 09:16:29,B,iOS
1255,click,2023-01-07 04:24:12,B,Android
5684,view,2023-01-07 06:19:33,A,Android
2541,click,2023-01-07 07:58:40,A,iOS
7287,view,2023-01-07 05:38:57,B,Android
6143,click,2023-01-07 01:25:41,A,Android
2507,registration,2023-01-07 21:08:10,A,iOS
6131,view,2023-01-07 13:40:30,A,iOS
4069,click,2023-01-07 16:49:21,A,Android
442,purchase,2023-01-07 02:41:42,B,iOS
6277,view,2023-01-07 21:31:59,B,Android
3139,click,2023-01-07 09:17:15,A,iOS
1832,registration,2023-01-07 19:08:41,B,iOS
238,view,2023-01-07 19:44:32,B,Android
9273,view,2023-01-07 09:39:28,B,iOS
5405,registration,2023-01-07 22:27:48,A,Android
6384,click,2023-01-07 13:23:39,B,Android
2079,view,2023-01-07 11:03:26,B,iOS
3318,view,2023-01-07 12:08:06,A,Android
7811,click,2023-01-07 18:55:31,A,Android
5866,registration,2023-01-07 19:17:13,A,iOS
2512,view,2023-01-07 05:26:21,B,iOS
6249,purchase,2023-01-07 02:40:04,B,iOS
3529,click,2023-01-07 18:17:39,A,Android
7551,registration,2023-01-07 14:06:26,B,iOS
4849,view,2023-01-07 22:36:52,B,iOS
6614,view,2023-01-07 11:19:33,B,Android
1951,view,2023-01-07 23:10:21,B,iOS
3895,click,2023-01-07 07:02:47,B,Android
4382,click,2023-01-07 15:46:12,A,iOS
7306,view,2023-01-07 19:17:52,A,Android
3935,click,2023-01-07 03:41:08,B,Android
5424,view,2023-01-07 07:27:59,A,iOS
7031,click,2023-01-07 00:06:01,A,iOS
6874,click,2023-01-07 18:55:17,A,Android
1199,purchase,2023-01-07 22:14:13,B,iOS
9229,view,2023-01-07 00:10:04,A,iOS
4693,click,2023-01-07 14:25:54,B,Android
9392,view,2023-01-07 09:02:10,B,iOS
5904,registration,2023-01-07 00:21:22,A,Android
656,purchase,2023-01-07 18:42:51,B,Android
4347,view,2023-01-07 13:11:59,B,Android
8306,click,2023-01-07 23:12:14,A,iOS
6026,purchase,2023-01-07 19:23:19,B,Android
9112,click,2023-01-07 03:44:44,B,iOS
3655,view,2023-01-07 16:36:52,A,Android
3405,view,2023-01-07 23:41:07,A,iOS
1295,click,2023-01-07 20:26:19,B,iOS
9896,view,2023-01-07 01:38:47,B,Android
4866,purchase,2023-01-07 14:19:45,A,iOS
996,click,2023-01-07 02:58:42,B,iOS
8907,view,2023-01-07 13:32:07,A,iOS
6760,registration,2023-01-07 16:27:00,B,iOS
3222,view,2023-01-07 21:32:50,B,iOS
7059,view,2023-01-07 23:28:02,A,iOS
4472,view,2023-01-07 20:41:07,B,iOS
5628,registration,2023-01-07 22:36:30,B,Android
7090,purchase,2023-01-07 21:25:12,B,Android
9703,purchase,2023-01-07 23:12:44,B,Android
432,purchase,2023-01-07 20:49:14,B,iOS
2121,click,2023-01-07 05:27:40,B,iOS
1082,click,2023-01-07 14:41:37,A,Android
423,registration,2023-01-07 22:01:57,A,iOS
7946,registration,2023-01-07 21:57:10,A,Android
604,click,2023-01-07 18:30:43,A,Android
5076,registration,2023-01-07 13:10:19,B,Android
6613,click,2023-01-07 12:38:41,B,Android
8958,click,2023-01-07 10:47:20,B,iOS
3652,click,2023-01-07 20:59:30,B,Android
1649,click,2023-01-07 09:04:58,A,iOS
8801,view,2023-01-07 08:31:39,A,iOS
5134,view,2023-01-07 23:44:03,A,Android
8989,purchase,2023-01-07 17:14:08,A,iOS
5078,click,2023-01-07 12:15:25,B,iOS
8420,view,2023-01-07 14:19:29,A,iOS
3839,view,2023-01-07 09:22:24,A,iOS
6235,registration,2023-01-07 19:12:33,A,Android
4344,view,2023-01-07 02:09:53,B,Android
4242,view,2023-01-07 06:40:52,B,Android
7534,purchase,2023-01-07 14:52:02,A,Android
6818,click,2023-01-07 00:11:33,A,Android
733,click,2023-01-07 22:23:09,A,Android
5106,click,2023-01-07 06:58:55,A,iOS
5682,view,2023-01-07 20:15:26,B,Android
1719,view,2023-01-07 17:38:38,A,iOS
6147,view,2023-01-07 14:34:19,B,iOS
3644,click,2023-01-07 05:54:15,B,Android
8165,click,2023-01-07 22:01:30,B,iOS
8479,click,2023-01-07 10:37:09,B,Android
3377,purchase,2023-01-07 21:58:29,B,iOS
982,registration,2023-01-07 19:54:27,A,Android
3343,click,2023-01-07 17:48:59,A,Android
5460,view,2023-01-07 10:19:09,A,iOS
2693,registration,2023-01-07 20:38:57,B,iOS
6742,view,2023-01-07 10:13:33,A,Android
3939,view,2023-01-07 03:17:51,B,iOS
794,registration,2023-01-07 17:18:56,B,iOS
2627,registration,2023-01-07 17:56:36,A,iOS
5400,view,2023-01-07 06:43:17,B,iOS
7529,view,2023-01-07 02:02:02,B,Android
2147,click,2023-01-07 02:58:27,B,iOS
3468,click,2023-01-07 02:31:02,B,iOS
9525,registration,2023-01-07 06:09:05,B,iOS
7351,purchase,2023-01-07 07:15:07,B,iOS
393,click,2023-01-07 11:22:42,A,Android
5547,view,2023-01-07 20:39:53,A,Android
5299,click,2023-01-07 08:29:55,B,Android
8937,click,2023-01-07 01:40:07,A,Android
7287,click,2023-01-07 12:09:02,B,Android
6960,view,2023-01-07 01:34:57,A,Android
1419,view,2023-01-07 19:57:03,A,Android
5123,view,2023-01-07 23:38:56,A,Android
1536,click,2023-01-07 07:43:56,A,Android
7821,click,2023-01-07 00:20:42,A,iOS
8957,view,2023-01-07 06:22:30,B,iOS
8932,purchase,2023-01-07 11:04:25,A,Android
3323,purchase,2023-01-07 20:15:10,B,iOS
8194,click,2023-01-07 20:32:12,A,iOS
184,click,2023-01-07 02:23:16,A,Android
8130,click,2023-01-07 13:25:40,A,Android
6859,registration,2023-01-07 23:30:00,B,Android
7526,purchase,2023-01-07 11:54:24,B,iOS
653,registration,2023-01-07 07:54:30,B,iOS
2775,view,2023-01-07 13:06:24,B,Android
7118,registration,2023-01-07 08:55:35,A,Android
4896,click,2023-01-07 15:42:08,B,Android
6340,click,2023-01-07 06:50:59,A,Android
4446,view,2023-01-07 22:34:00,A,iOS
9168,click,2023-01-07 08:13:58,A,iOS
6139,view,2023-01-07 21:39:41,A,iOS
2123,click,2023-01-07 09:40:44,B,Android
5826,click,2023-01-07 12:56:20,B,iOS
8252,registration,2023-01-07 14:53:16,B,Android
7162,view,2023-01-07 11:02:45,B,Android
5540,click,2023-01-07 15:26:56,B,iOS
3146,view,2023-01-07 07:48:51,B,iOS
9132,view,2023-01-07 02:11:54,B,iOS
3791,registration,2023-01-07 17:38:41,B,Android
3604,registration,2023-01-07 12:35:46,B,Android
109,click,2023-01-07 05:09:36,A,Android
8062,view,2023-01-07 17:20:34,A,Android
740,view,2023-01-07 13:14:06,A,Android
1919,click,2023-01-07 10:23:34,A,Android
6225,click,2023-01-07 05:26:05,A,Android
7262,purchase,2023-01-07 00:30:20,A,Android
782,registration,2023-01-07 12:14:56,A,iOS
3957,registration,2023-01-07 03:40:45,B,Android
7939,registration,2023-01-07 05:50:21,A,Android
9435,click,2023-01-07 09:41:33,A,Android
5314,registration,2023-01-07 15:50:02,B,iOS
5321,registration,2023-01-07 05:34:47,B,iOS
5805,registration,2023-01-07 01:45:43,A,Android
1102,click,2023-01-07 19:33:36,B,Android
1542,click,2023-01-07 07:43:23,B,iOS
905,registration,2023-01-07 23:47:29,B,iOS
3310,view,2023-01-07 05:36:44,A,Android
2633,view,2023-01-07 14:49:56,A,iOS
144,click,2023-01-07 04:47:57,A,iOS
1838,click,2023-01-07 19:29:31,A,Android
565,click,2023-01-07 07:55:50,A,Android
8498,click,2023-01-07 17:30:50,B,iOS
3763,registration,2023-01-07 03:16:36,A,Android
762,registration,2023-01-07 09:35:34,B,Android
5875,click,2023-01-07 02:05:46,B,Android
894,view,2023-01-07 00:57:47,B,iOS
7666,purchase,2023-01-07 19:24:53,B,Android
6698,view,2023-01-07 20:21:39,B,Android
3625,registration,2023-01-07 23:48:49,A,Android
9803,registration,2023-01-07 16:23:58,A,Android
1002,click,2023-01-07 21:41:41,B,iOS
1001,click,2023-01-07 18:03:04,B,iOS
8604,view,2023-01-07 23:37:41,B,Android
3519,registration,2023-01-07 17:29:07,B,iOS
2564,click,2023-01-07 07:59:23,A,iOS
1986,click,2023-01-07 19:19:35,B,iOS
9473,view,2023-01-07 17:46:58,A,Android
9446,click,2023-01-07 18:19:31,B,iOS
1996,click,2023-01-07 02:17:38,A,Android
416,view,2023-01-07 20:46:10,A,Android
4626,view,2023-01-07 20:43:49,B,Android
8445,view,2023-01-07 12:56:13,B,Android
257,registration,2023-01-07 10:47:26,A,Android
2870,click,2023-01-07 13:11:59,A,Android
3161,purchase,2023-01-07 02:07:59,B,Android
1600,view,2023-01-07 18:26:19,B,Android
6567,view,2023-01-07 05:54:28,A,Android
239,click,2023-01-07 05:17:23,A,iOS
4612,registration,2023-01-07 17:25:52,B,Android
2522,click,2023-01-07 19:00:01,B,iOS
7718,purchase,2023-01-07 00:28:15,B,Android
1349,click,2023-01-07 19:35:29,B,iOS
4063,purchase,2023-01-07 23:32:04,B,Android
2254,registration,2023-01-07 21:19:28,A,Android
8616,registration,2023-01-07 10:14:32,A,Android
2512,click,2023-01-07 21:43:30,B,iOS
6090,view,2023-01-07 22:25:50,B,iOS
6381,click,2023-01-07 13:42:39,A,iOS
98,purchase,2023-01-07 14:55:53,B,Android
6242,registration,2023-01-07 23:20:31,A,Android
4272,click,2023-01-07 10:45:58,B,iOS
8660,click,2023-01-07 20:11:12,B,iOS
5281,click,2023-01-07 14:18:41,B,iOS
6842,click,2023-01-07 14:49:21,A,iOS
8484,purchase,2023-01-07 17:49:10,B,Android
8468,view,2023-01-07 05:20:00,A,iOS
9728,registration,2023-01-07 03:12:27,B,Android
3182,purchase,2023-01-07 12:15:07,A,iOS
4594,registration,2023-01-07 22:25:34,A,iOS
5037,registration,2023-01-07 11:09:04,B,Android
7411,click,2023-01-07 05:20:17,A,Android
9964,click,2023-01-07 12:24:04,B,Android
5046,registration,2023-01-07 21:30:39,A,iOS
1059,click,2023-01-07 14:12:57,A,iOS
8426,view,2023-01-07 15:31:37,A,Android
5065,click,2023-01-07 17:10:29,B,iOS
2606,purchase,2023-01-07 14:50:16,A,Android
8765,view,2023-01-07 09:28:29,B,iOS
2187,purchase,2023-01-07 01:34:23,A,Android
8683,click,2023-01-07 05:26:34,A,iOS
9543,click,2023-01-07 21:23:44,A,iOS
2364,click,2023-01-07 10:14:46,A,Android
4535,click,2023-01-07 04:32:36,B,Android
6539,registration,2023-01-07 05:08:06,A,Android
5220,purchase,2023-01-07 17:50:02,B,Android
2201,click,2023-01-07 18:27:04,A,Android
9294,view,2023-01-07 06:54:10,A,iOS
1624,click,2023-01-07 12:13:49,A,Android
1518,click,2023-01-07 14:03:21,B,iOS
705,click,2023-01-07 00:40:35,B,Android
9258,purchase,2023-01-07 23:09:08,B,iOS
2806,registration,2023-01-07 22:00:24,B,iOS
395,click,2023-01-07 22:19:24,B,Android
2791,view,2023-01-07 17:50:02,A,iOS
2863,view,2023-01-07 09:43:54,B,iOS
2937,click,2023-01-07 10:29:33,A,iOS
1217,view,2023-01-07 13:26:28,B,Android
2528,click,2023-01-07 19:27:31,A,iOS
4402,click,2023-01-07 06:33:42,B,iOS
5845,registration,2023-01-07 18:00:11,B,iOS
8926,view,2023-01-07 14:45:37,A,Android
9698,registration,2023-01-07 19:36:20,B,Android
2424,view,2023-01-07 08:11:07,A,iOS
6084,registration,2023-01-07 21:17:23,B,Android
9576,view,2023-01-07 16:31:09,A,Android
6005,registration,2023-01-07 04:05:56,A,iOS
9619,view,2023-01-07 23:27:18,B,Android
6128,view,2023-01-07 04:26:54,B,iOS
5647,click,2023-01-07 08:40:16,A,Android
5200,click,2023-01-07 11:39:11,A,Android
9611,click,2023-01-07 06:58:28,A,iOS
4330,registration,2023-01-07 16:01:29,A,iOS
2082,registration,2023-01-07 09:35:45,B,Android
7390,click,2023-01-07 22:34:10,A,iOS
1062,view,2023-01-07 12:41:36,A,iOS
9720,purchase,2023-01-07 21:48:18,A,Android
984,purchase,2023-01-07 19:25:04,B,iOS
437,click,2023-01-07 13:27:24,B,iOS
5072,view,2023-01-07 15:42:08,A,iOS
5657,registration,2023-01-07 15:13:28,A,Android
1609,click,2023-01-07 07:05:59,A,iOS
3362,view,2023-01-07 19:15:49,B,iOS
8224,click,2023-01-07 11:49:53,A,iOS
2361,click,2023-01-07 17:57:09,B,Android
1589,click,2023-01-07 00:08:47,B,Android
1597,click,2023-01-07 22:30:38,B,iOS
8485,registration,2023-01-07 09:21:26,B,Android
1290,view,2023-01-07 06:52:37,A,Android
5583,view,2023-01-07 00:57:52,B,iOS
3988,click,2023-01-07 16:25:56,A,Android
6756,click,2023-01-07 09:53:53,A,iOS
1841,registration,2023-01-07 10:39:14,B,iOS
5801,click,2023-01-07 22:26:42,A,Android
4229,click,2023-01-07 09:58:18,A,iOS
4467,click,2023-01-07 18:28:24,B,iOS
4825,view,2023-01-07 00:10:34,A,Android
3288,click,2023-01-07 04:57:31,A,iOS
6061,view,2023-01-07 20:31:07,B,iOS
2784,click,2023-01-07 18:18:13,A,Android
5564,view,2023-01-07 05:54:08,A,iOS
8503,registration,2023-01-07 03:09:37,A,iOS
2476,click,2023-01-07 06:20:29,A,iOS
9138,view,2023-01-07 03:34:41,B,Android
5029,view,2023-01-07 16:37:47,B,Android
4620,registration,2023-01-07 12:32:06,B,iOS
1791,view,2023-01-07 03:25:31,B,Android
6011,view,2023-01-07 13:57:29,A,iOS
7366,click,2023-01-07 22:54:46,B,Android
5516,view,2023-01-07 18:53:47,B,Android
5714,click,2023-01-07 23:20:29,A,Android
2318,view,2023-01-07 16:09:32,B,Android
4422,click,2023-01-07 01:14:04,B,Android
7007,view,2023-01-07 16:47:45,A,iOS
7148,click,2023-01-07 10:08:17,B,Android
9543,click,2023-01-07 14:38:17,A,iOS
2307,registration,2023-01-07 20:37:11,A,Android
1101,click,2023-01-07 14:11:46,A,Android
3302,purchase,2023-01-07 09:53:04,B,Android
596,view,2023-01-07 17:35:32,B,Android
9055,purchase,2023-01-07 02:03:35,A,Android
2391,click,2023-01-07 05:57:42,A,iOS
6591,registration,2023-01-07 06:46:35,B,Android
7382,view,2023-01-07 23:00:20,A,Android
3305,registration,2023-01-07 03:14:02,A,Android
4737,view,2023-01-07 06:29:29,A,Android
1698,registration,2023-01-07 16:21:03,B,iOS
406,click,2023-01-07 11:14:47,B,iOS
2396,click,2023-01-07 06:24:07,B,iOS
6646,view,2023-01-07 08:11:48,A,iOS
1585,purchase,2023-01-07 22:41:31,A,iOS
1851,purchase,2023-01-07 21:19:17,B,Android
8367,view,2023-01-07 20:01:44,A,Android
1181,view,2023-01-07 02:12:38,B,Android
8420,view,2023-01-07 00:21:55,A,iOS
3082,view,2023-01-07 05:41:05,B,Android
8051,click,2023-01-07 21:08:56,B,Android
494,click,2023-01-07 11:02:42,B,Android
6710,registration,2023-01-07 16:36:44,A,Android
733,click,2023-01-07 14:05:32,A,Android
121,click,2023-01-07 10:52:01,B,iOS
5838,click,2023-01-07 16:46:00,B,iOS
9548,view,2023-01-07 09:22:53,B,Android
3939,click,2023-01-07 00:23:15,B,iOS
4648,registration,2023-01-07 15:48:55,B,Android
4641,registration,2023-01-07 22:22:55,B,iOS
8758,click,2023-01-07 08:27:06,B,iOS
9974,click,2023-01-07 18:28:10,B,iOS
6730,view,2023-01-07 17:06:43,B,iOS
2793,registration,2023-01-07 13:52:37,B,Android
7796,click,2023-01-07 00:08:04,B,iOS
3462,click,2023-01-07 20:10:03,B,iOS
5287,registration,2023-01-07 10:19:01,A,Android
9346,registration,2023-01-07 14:14:36,A,Android
6332,view,2023-01-07 01:23:51,A,iOS
8453,purchase,2023-01-07 03:04:56,B,iOS
8665,purchase,2023-01-07 05:34:02,B,iOS
8359,view,2023-01-07 16:17:29,B,Android
9537,view,2023-01-07 08:20:12,B,iOS
5234,view,2023-01-07 12:15:15,A,iOS
2217,purchase,2023-01-07 03:13:14,B,iOS
9382,click,2023-01-07 03:54:12,B,Android
6058,purchase,2023-01-07 19:51:26,B,iOS
3755,view,2023-01-07 05:12:04,B,iOS
5623,purchase,2023-01-07 17:03:27,B,Android
276,click,2023-01-07 13:40:46,B,iOS
2576,view,2023-01-07 10:01:55,A,iOS
7608,view,2023-01-07 02:17:36,B,iOS
9670,registration,2023-01-07 01:47:04,A,Android
1742,view,2023-01-07 19:55:47,B,Android
7379,registration,2023-01-07 16:19:17,B,Android
2479,registration,2023-01-07 08:16:01,A,iOS
536,click,2023-01-07 10:51:43,B,iOS
1385,view,2023-01-07 22:09:09,A,iOS
2036,view,2023-01-07 00:42:11,A,iOS
8106,click,2023-01-07 21:09:12,A,iOS
6108,click,2023-01-07 10:26:59,A,iOS
8887,click,2023-01-07 03:16:25,A,iOS
3895,click,2023-01-07 08:04:19,B,Android
585,view,2023-01-07 14:40:50,A,iOS
8988,registration,2023-01-07 14:20:38,B,Android
4892,click,2023-01-07 09:05:58,B,Android
3953,view,2023-01-07 19:39:13,B,Android
3913,registration,2023-01-07 13:52:59,A,Android
9979,registration,2023-01-07 23:50:54,A,iOS
8952,registration,2023-01-07 03:34:47,A,Android
4816,click,2023-01-07 23:20:54,A,iOS
6794,click,2023-01-07 09:40:25,B,iOS
390,click,2023-01-07 13:12:25,A,iOS
5911,view,2023-01-07 07:10:29,B,iOS
4839,registration,2023-01-07 05:25:10,A,iOS
6063,purchase,2023-01-07 18:52:56,A,Android
9223,click,2023-01-07 00:22:26,A,iOS
3676,purchase,2023-01-07 17:59:20,B,iOS
4182,purchase,2023-01-07 10:59:54,A,iOS
9291,click,2023-01-07 13:26:32,B,iOS
3715,registration,2023-01-07 20:48:18,B,Android
4203,view,2023-01-07 19:02:09,B,iOS
6352,purchase,2023-01-07 15:00:51,B,Android
894,click,2023-01-07 17:40:30,B,iOS
3853,click,2023-01-07 03:20:40,A,iOS
7441,click,2023-01-07 15:02:18,A,iOS
1696,view,2023-01-07 06:14:01,A,Android
7348,registration,2023-01-07 21:50:42,B,Android
5139,click,2023-01-07 20:02:39,B,iOS
9265,click,2023-01-07 05:23:45,B,iOS
3805,view,2023-01-07 14:13:41,B,iOS
7290,click,2023-01-07 08:30:33,A,Android
4592,view,2023-01-07 20:18:39,A,Android
4932,view,2023-01-07 10:57:11,A,iOS
6630,click,2023-01-07 17:18:19,B,Android
1255,registration,2023-01-07 03:41:46,B,Android
6102,registration,2023-01-07 18:15:23,B,iOS
6451,purchase,2023-01-07 04:27:37,A,iOS
9855,click,2023-01-07 00:19:42,A,Android
7271,purchase,2023-01-07 21:46:11,A,iOS
2058,view,2023-01-07 10:09:11,A,Android
4681,click,2023-01-07 22:52:24,A,Android
2651,click,2023-01-07 19:51:31,A,iOS
8756,registration,2023-01-07 16:46:44,B,Android
8600,click,2023-01-07 08:17:18,A,Android
6585,registration,2023-01-07 18:39:57,B,Android
3338,click,2023-01-07 06:00:58,A,iOS
6499,click,2023-01-07 08:19:16,B,iOS
5176,purchase,2023-01-07 10:05:45,A,Android
5328,click,2023-01-07 01:32:27,A,iOS
8329,view,2023-01-07 04:16:47,B,Android
9809,registration,2023-01-07 07:33:52,B,Android
5245,click,2023-01-07 20:53:36,B,Android
956,click,2023-01-07 23:12:33,A,iOS
8255,view,2023-01-07 13:41:47,A,iOS
307,click,2023-01-07 01:43:33,A,Android
8531,view,2023-01-07 03:06:01,A,iOS
3812,registration,2023-01-07 22:52:47,A,iOS
9364,registration,2023-01-07 17:27:12,A,iOS
1462,purchase,2023-01-07 01:19:16,B,Android
8278,view,2023-01-07 03:54:20,B,Android
274,view,2023-01-07 22:43:57,B,Android
996,click,2023-01-07 11:22:20,B,iOS
4609,click,2023-01-07 15:24:30,A,Android
1816,view,2023-01-07 02:15:22,B,Android
8640,view,2023-01-07 10:20:46,B,iOS
4706,view,2023-01-07 13:00:26,B,Android
6382,view,2023-01-07 01:34:21,A,iOS
2584,click,2023-01-07 08:17:04,B,Android
3703,view,2023-01-07 17:51:52,A,Android
208,click,2023-01-07 08:34:02,B,iOS
2320,view,2023-01-07 06:39:06,B,iOS
9193,click,2023-01-07 21:05:17,A,iOS
3878,view,2023-01-07 18:31:13,B,iOS
1501,click,2023-01-07 01:29:53,A,Android
3044,view,2023-01-07 06:11:55,A,iOS
3121,view,2023-01-07 07:12:00,B,iOS
930,registration,2023-01-07 02:52:24,A,Android
8001,click,2023-01-07 08:47:15,A,Android
4739,view,2023-01-07 13:31:10,A,Android
1682,view,2023-01-07 03:05:12,A,Android
531,view,2023-01-07 12:48:34,B,Android
3476,click,2023-01-07 23:56:29,A,Android
4699,click,2023-01-07 02:06:39,A,Android
4306,click,2023-01-07 09:41:36,A,Android
1183,view,2023-01-07 20:59:07,B,Android
6216,click,2023-01-07 00:55:01,A,iOS
904,registration,2023-01-07 11:42:28,A,Android
6681,view,2023-01-07 17:08:19,B,iOS
4238,click,2023-01-07 02:38:44,A,Android
8721,purchase,2023-01-07 19:34:18,A,Android
4822,view,2023-01-07 18:41:23,B,Android
7655,view,2023-01-07 11:50:21,B,iOS
6958,click,2023-01-07 00:07:20,A,iOS
8651,registration,2023-01-07 00:31:46,B,Android
8235,view,2023-01-07 11:31:33,B,Android
9540,registration,2023-01-07 01:52:01,B,iOS
7572,click,2023-01-07 06:13:37,A,iOS
7038,registration,2023-01-07 19:43:48,A,Android
1463,purchase,2023-01-07 15:21:22,B,Android
3276,registration,2023-01-07 23:51:24,B,Android
5724,click,2023-01-07 10:49:26,B,iOS
5950,view,2023-01-07 12:44:22,B,iOS
9983,click,2023-01-07 02:44:38,A,Android
6285,view,2023-01-07 11:44:51,B,iOS
1228,view,2023-01-07 14:33:32,A,iOS
7036,click,2023-01-07 08:31:09,B,Android
7394,click,2023-01-07 06:18:45,B,iOS
6586,purchase,2023-01-07 07:55:03,A,iOS
7723,registration,2023-01-07 01:21:01,B,iOS
2394,view,2023-01-07 14:26:17,B,Android
5320,registration,2023-01-07 15:18:45,B,Android
3020,click,2023-01-07 08:19:36,B,iOS
7827,purchase,2023-01-07 03:17:27,B,Android
2768,registration,2023-01-07 22:01:08,B,iOS
1398,click,2023-01-07 20:56:47,B,iOS
8768,view,2023-01-07 23:08:11,A,iOS
1817,view,2023-01-07 23:37:50,A,Android
7304,registration,2023-01-07 09:28:49,A,iOS
1983,purchase,2023-01-07 21:57:25,A,iOS
8589,registration,2023-01-07 10:09:08,A,iOS
520,click,2023-01-07 16:40:49,A,Android
1001,purchase,2023-01-07 22:24:56,B,iOS
4914,click,2023-01-07 08:57:09,B,iOS
8892,click,2023-01-07 05:25:44,B,Android
4769,view,2023-01-07 15:33:10,A,iOS
7682,click,2023-01-07 01:33:01,A,Android
6910,view,2023-01-07 17:01:51,A,iOS
316,click,2023-01-07 17:25:38,A,Android
656,registration,2023-01-07 22:35:23,B,Android
9597,click,2023-01-07 06:06:30,A,Android
2581,view,2023-01-07 11:23:01,B,Android
9818,view,2023-01-07 18:45:01,B,iOS
6503,registration,2023-01-07 19:09:36,A,iOS
5696,click,2023-01-07 19:04:01,A,iOS
3883,click,2023-01-07 14:51:29,A,iOS
9997,registration,2023-01-07 02:22:36,B,iOS
4400,click,2023-01-07 21:53:08,B,Android
7394,click,2023-01-07 22:18:02,B,iOS
1349,view,2023-01-07 11:59:11,B,iOS
2204,registration,2023-01-07 10:24:48,A,iOS
9254,click,2023-01-07 16:35:54,B,Android
4735,registration,2023-01-07 23:07:00,A,iOS
5273,click,2023-01-07 16:00:10,B,Android
6777,view,2023-01-07 21:41:04,A,iOS
8305,click,2023-01-07 00:27:42,B,iOS
7987,registration,2023-01-07 00:14:37,B,Android
6980,registration,2023-01-07 14:37:16,B,Android
6335,click,2023-01-07 04:44:58,A,Android
8909,click,2023-01-07 07:41:59,B,iOS
1118,click,2023-01-07 04:37:43,A,Android
5437,click,2023-01-07 14:13:03,B,iOS
4166,registration,2023-01-07 20:34:25,A,Android
8652,click,2023-01-07 22:59:51,B,iOS
3431,click,2023-01-07 21:56:44,A,Android
7439,click,2023-01-07 09:08:16,B,iOS
8795,registration,2023-01-07 19:25:16,B,iOS
4445,purchase,2023-01-07 03:40:55,B,Android
7863,click,2023-01-07 19:03:09,B,iOS
356,registration,2023-01-07 13:44:13,B,iOS
1348,registration,2023-01-07 02:49:12,A,Android
8238,view,2023-01-07 19:52:52,A,iOS
7734,click,2023-01-07 23:14:31,A,iOS
2028,view,2023-01-07 05:37:34,A,Android
1897,registration,2023-01-07 22:25:12,B,iOS
9769,view,2023-01-07 14:46:10,B,Android
2582,view,2023-01-07 13:44:15,B,Android
633,view,2023-01-07 16:34:06,A,Android
3304,registration,2023-01-07 18:43:23,B,Android
752,click,2023-01-07 18:57:38,B,Android
2560,view,2023-01-07 08:20:50,A,iOS
521,view,2023-01-07 19:14:41,B,iOS
1169,click,2023-01-07 08:26:44,A,Android
9864,registration,2023-01-07 03:26:01,B,Android
1797,click,2023-01-07 17:36:57,B,Android
681,view,2023-01-07 02:41:31,B,iOS
7062,click,2023-01-07 05:25:01,B,iOS
3262,registration,2023-01-07 13:25:32,B,Android
7356,click,2023-01-07 01:16:22,A,iOS
8897,view,2023-01-07 14:27:30,B,iOS
8716,click,2023-01-07 19:28:08,A,iOS
3645,click,2023-01-07 08:48:00,B,iOS
7376,click,2023-01-07 21:10:12,B,Android
8333,view,2023-01-07 02:28:15,B,Android
8016,click,2023-01-07 17:52:46,B,Android
2222,view,2023-01-07 01:13:09,A,iOS
3132,click,2023-01-07 18:18:17,B,Android
8573,view,2023-01-07 12:41:41,A,iOS
386,registration,2023-01-07 09:47:54,A,Android
18,purchase,2023-01-07 10:02:03,B,Android
4572,click,2023-01-07 17:57:02,A,iOS
1125,view,2023-01-07 00:05:13,B,Android
1825,registration,2023-01-07 07:59:28,A,Android
634,click,2023-01-07 09:04:38,B,iOS
1839,registration,2023-01-07 18:58:45,A,Android
4464,click,2023-01-07 06:11:32,B,iOS
10,view,2023-01-07 21:19:44,A,iOS
8340,view,2023-01-07 07:03:39,A,Android
7576,purchase,2023-01-07 21:56:34,A,Android
1296,view,2023-01-07 17:54:37,B,Android
4157,view,2023-01-07 15:26:31,A,Android
8625,view,2023-01-07 09:29:06,A,Android
368,click,2023-01-07 15:15:44,B,Android
5292,registration,2023-01-07 08:53:20,B,iOS
109,view,2023-01-07 01:25:24,A,Android
9725,click,2023-01-07 19:02:34,B,iOS
9267,click,2023-01-07 12:46:29,A,iOS
2230,registration,2023-01-07 13:41:18,B,Android
226,registration,2023-01-07 01:06:22,B,Android
5725,click,2023-01-07 15:27:43,B,Android
6903,click,2023-01-07 07:56:51,A,Android
3530,registration,2023-01-07 22:10:20,A,iOS
1394,click,2023-01-07 14:32:56,A,iOS
7876,click,2023-01-07 05:02:38,B,iOS
4875,click,2023-01-07 07:26:39,B,iOS
5546,registration,2023-01-07 00:18:36,B,Android
3858,registration,2023-01-07 20:08:09,B,iOS
1156,click,2023-01-07 19:32:56,A,Android
5374,registration,2023-01-07 17:48:58,B,iOS
1327,click,2023-01-07 02:33:45,B,Android
9513,click,2023-01-07 21:55:50,B,iOS
557,view,2023-01-07 12:42:50,A,Android
1796,click,2023-01-07 13:15:42,B,iOS
1880,click,2023-01-07 08:11:14,A,Android
4509,view,2023-01-07 06:07:46,A,iOS
4046,view,2023-01-07 17:24:00,B,iOS
7513,view,2023-01-07 06:53:50,A,iOS
6988,view,2023-01-07 05:29:11,B,iOS
8846,click,2023-01-07 03:09:44,A,iOS
2760,click,2023-01-07 11:06:19,B,iOS
6380,view,2023-01-07 11:46:58,B,Android
5164,view,2023-01-07 09:43:42,B,Android
1313,registration,2023-01-07 16:45:15,A,iOS
5985,click,2023-01-07 21:52:42,B,iOS
7116,click,2023-01-07 12:55:53,B,Android
3140,click,2023-01-07 07:00:59,A,Android
3165,registration,2023-01-07 18:24:47,B,Android
5237,click,2023-01-07 02:24:26,A,Android
9833,click,2023-01-07 19:20:15,B,Android
6376,view,2023-01-07 16:22:55,B,Android
4406,registration,2023-01-07 00:07:11,A,Android
6338,registration,2023-01-07 05:33:17,B,iOS
8735,view,2023-01-07 09:18:48,A,Android
5301,click,2023-01-07 21:13:06,B,iOS
8322,click,2023-01-07 06:14:27,B,Android
9171,click,2023-01-07 05:43:24,B,iOS
3531,click,2023-01-07 12:44:49,B,Android
2286,view,2023-01-07 07:58:41,B,iOS
1888,click,2023-01-07 04:50:31,A,iOS
9937,purchase,2023-01-07 10:52:15,A,Android
5163,view,2023-01-07 05:35:53,A,iOS
4437,view,2023-01-07 21:25:25,A,iOS
7022,view,2023-01-07 21:34:42,A,Android
8233,click,2023-01-07 20:13:32,B,Android
4021,click,2023-01-07 00:21:08,B,Android
3768,view,2023-01-07 11:34:37,A,iOS
24,view,2023-01-07 13:55:35,B,Android
1905,view,2023-01-07 10:34:47,B,Android
7780,purchase,2023-01-07 04:14:12,A,Android
5270,view,2023-01-07 23:38:05,B,Android
7363,click,2023-01-07 05:00:08,B,Android
684,registration,2023-01-07 08:36:03,B,iOS
8694,view,2023-01-07 00:20:38,A,Android
5247,view,2023-01-07 09:03:22,A,Android
586,view,2023-01-07 08:42:58,A,Android
6808,click,2023-01-07 18:22:49,A,Android
8367,click,2023-01-07 03:14:18,A,Android
8031,view,2023-01-07 04:02:56,A,iOS
500,registration,2023-01-07 13:11:20,B,iOS
38,click,2023-01-07 00:04:59,A,Android
394,registration,2023-01-07 17:03:48,B,iOS
3417,click,2023-01-07 17:51:43,B,Android
153,view,2023-01-07 17:35:35,B,iOS
8383,view,2023-01-07 00:08:57,B,iOS
503,view,2023-01-07 02:05:57,A,iOS
8566,registration,2023-01-07 05:38:48,B,iOS
6679,click,2023-01-07 15:46:32,B,iOS
7665,view,2023-01-07 07:46:14,A,Android
736,click,2023-01-07 09:55:12,B,iOS
345,registration,2023-01-07 18:29:57,B,iOS
8763,view,2023-01-07 14:05:56,A,Android
1172,view,2023-01-07 21:46:41,B,iOS
9099,view,2023-01-07 07:22:57,A,iOS
9762,view,2023-01-07 17:45:23,B,iOS
4779,view,2023-01-07 04:20:06,A,Android
9679,view,2023-01-07 18:45:51,B,iOS
9960,click,2023-01-07 16:27:03,A,Android
2805,registration,2023-01-07 21:02:57,B,Android
3670,registration,2023-01-07 12:37:25,B,Android
5966,registration,2023-01-07 05:57:30,B,Android
7569,purchase,2023-01-07 02:39:48,B,Android
1812,view,2023-01-07 22:36:33,B,Android
6371,click,2023-01-07 10:49:20,A,Android
9291,view,2023-01-07 10:48:26,B,iOS
2460,registration,2023-01-07 22:05:59,A,Android
908,purchase,2023-01-07 12:39:50,B,Android
9164,click,2023-01-07 02:28:07,A,iOS
1514,registration,2023-01-07 14:43:51,A,iOS
4399,click,2023-01-07 13:51:10,A,iOS
9301,purchase,2023-01-07 08:26:44,A,iOS
4710,view,2023-01-07 18:56:14,B,iOS
9026,view,2023-01-07 17:28:52,A,Android
4495,click,2023-01-07 16:46:27,B,iOS
7856,view,2023-01-07 14:41:46,A,iOS
8229,view,2023-01-07 04:58:56,B,Android
574,click,2023-01-07 15:41:15,A,Android
7881,view,2023-01-07 14:10:23,A,iOS
1334,registration,2023-01-08 18:07:11,A,iOS
9954,registration,2023-01-08 02:07:46,A,iOS
3997,click,2023-01-08 04:25:55,B,Android
7065,click,2023-01-08 06:39:35,A,iOS
5090,click,2023-01-08 09:48:23,A,iOS
3777,view,2023-01-08 21:46:21,B,Android
6575,registration,2023-01-08 10:46:39,A,iOS
7904,click,2023-01-08 12:23:41,A,iOS
7894,purchase,2023-01-08 01:13:09,A,iOS
7043,registration,2023-01-08 21:32:32,B,Android
1817,click,2023-01-08 22:17:19,A,Android
5392,view,2023-01-08 21:29:13,B,Android
6636,view,2023-01-08 09:22:06,B,iOS
4275,click,2023-01-08 20:07:00,B,Android
8115,view,2023-01-08 14:25:07,A,Android
7732,view,2023-01-08 09:18:19,A,iOS
8030,view,2023-01-08 18:30:14,B,Android
6081,click,2023-01-08 17:32:38,B,Android
3071,registration,2023-01-08 03:28:30,A,iOS
4942,registration,2023-01-08 17:39:18,A,Android
3222,click,2023-01-08 23:00:18,B,iOS
1449,view,2023-01-08 16:08:43,B,iOS
288,click,2023-01-08 15:32:07,B,iOS
8804,registration,2023-01-08 02:10:40,A,iOS
1128,click,2023-01-08 17:27:06,B,iOS
9034,click,2023-01-08 11:15:24,B,Android
2039,click,2023-01-08 18:27:20,B,iOS
7434,view,2023-01-08 22:25:53,A,Android
4097,view,2023-01-08 17:49:39,B,Android
8376,click,2023-01-08 01:59:47,A,iOS
9315,click,2023-01-08 09:42:14,A,Android
8771,click,2023-01-08 19:54:47,B,iOS
7978,registration,2023-01-08 20:26:52,A,iOS
4927,view,2023-01-08 20:05:40,A,iOS
8384,view,2023-01-08 16:06:46,B,iOS
5057,purchase,2023-01-08 21:13:30,A,iOS
4289,view,2023-01-08 13:42:20,B,iOS
6164,click,2023-01-08 03:42:21,A,iOS
6139,click,2023-01-08 10:52:44,A,iOS
6537,view,2023-01-08 04:28:57,A,iOS
9760,view,2023-01-08 06:02:18,A,iOS
5896,view,2023-01-08 04:49:29,B,Android
9390,registration,2023-01-08 14:41:20,B,iOS
2435,registration,2023-01-08 22:56:05,A,iOS
8866,registration,2023-01-08 07:20:32,B,Android
8188,click,2023-01-08 05:21:20,B,Android
2795,view,2023-01-08 07:02:33,B,iOS
3397,click,2023-01-08 19:56:14,A,iOS
7971,view,2023-01-08 10:02:04,B,iOS
664,registration,2023-01-08 23:44:35,B,Android
9448,click,2023-01-08 13:57:12,A,Android
9491,view,2023-01-08 14:18:20,A,Android
8112,view,2023-01-08 14:42:16,A,iOS
8436,view,2023-01-08 13:18:08,A,iOS
1363,click,2023-01-08 23:23:05,B,Android
6367,click,2023-01-08 04:43:03,B,iOS
6038,view,2023-01-08 11:23:32,B,iOS
570,view,2023-01-08 00:20:19,A,iOS
7341,purchase,2023-01-08 19:40:36,A,iOS
483,click,2023-01-08 05:55:59,B,iOS
1047,click,2023-01-08 01:24:58,A,Android
9173,view,2023-01-08 03:37:55,B,iOS
9385,view,2023-01-08 22:01:14,B,Android
4650,registration,2023-01-08 02:49:48,B,Android
5411,registration,2023-01-08 19:05:26,B,Android
5513,click,2023-01-08 07:56:12,A,Android
5689,registration,2023-01-08 16:55:57,B,Android
151,view,2023-01-08 00:21:52,B,Android
6547,view,2023-01-08 19:44:46,B,iOS
5099,view,2023-01-08 11:19:45,B,Android
2555,click,2023-01-08 15:14:47,A,iOS
3144,click,2023-01-08 08:50:17,B,Android
5095,registration,2023-01-08 12:21:44,A,iOS
4153,registration,2023-01-08 11:46:44,A,iOS
9076,registration,2023-01-08 06:18:58,A,Android
7868,view,2023-01-08 19:10:58,B,iOS
5560,view,2023-01-08 11:57:17,A,iOS
910,click,2023-01-08 08:11:23,A,iOS
3618,view,2023-01-08 15:47:32,A,iOS
4141,registration,2023-01-08 15:34:02,A,Android
4290,click,2023-01-08 19:45:32,A,Android
5797,view,2023-01-08 12:29:48,A,iOS
5522,view,2023-01-08 01:58:34,A,Android
7484,registration,2023-01-08 11:31:22,B,Android
8057,click,2023-01-08 03:42:42,B,Android
2660,purchase,2023-01-08 22:15:50,B,iOS
9612,view,2023-01-08 15:39:55,B,Android
6499,click,2023-01-08 06:26:51,B,iOS
5212,click,2023-01-08 17:36:18,B,iOS
1540,click,2023-01-08 15:43:35,A,iOS
8849,view,2023-01-08 03:14:22,A,iOS
6986,click,2023-01-08 18:49:39,A,iOS
1866,click,2023-01-08 22:26:16,B,Android
1545,click,2023-01-08 16:26:12,A,Android
5593,view,2023-01-08 10:18:24,B,iOS
1517,registration,2023-01-08 23:07:24,B,Android
9053,registration,2023-01-08 02:29:47,A,Android
1827,purchase,2023-01-08 15:36:51,B,Android
7218,view,2023-01-08 01:55:18,A,iOS
9854,click,2023-01-08 08:38:36,B,iOS
8402,view,2023-01-08 12:12:36,B,iOS
8866,purchase,2023-01-08 23:41:25,B,Android
5839,registration,2023-01-08 01:32:32,A,iOS
8477,click,2023-01-08 01:01:42,B,Android
6170,view,2023-01-08 23:13:12,B,Android
6686,registration,2023-01-08 13:05:57,B,Android
9359,view,2023-01-08 12:36:19,B,Android
5142,view,2023-01-08 06:03:48,B,Android
2397,click,2023-01-08 06:11:48,B,Android
6556,click,2023-01-08 21:48:45,B,iOS
290,click,2023-01-08 22:13:35,A,Android
4192,purchase,2023-01-08 03:09:43,A,Android
989,view,2023-01-08 16:36:24,B,iOS
9990,registration,2023-01-08 06:22:16,B,iOS
2333,click,2023-01-08 18:10:04,A,Android
6486,click,2023-01-08 13:25:42,B,Android
3148,view,2023-01-08 03:15:51,A,Android
4311,view,2023-01-08 07:36:04,B,Android
6123,registration,2023-01-08 06:40:26,A,Android
4302,purchase,2023-01-08 04:53:23,A,Android
8070,click,2023-01-08 23:55:10,A,iOS
6023,purchase,2023-01-08 03:45:26,A,iOS
261,purchase,2023-01-08 11:38:59,B,iOS
5297,view,2023-01-08 01:47:02,A,iOS
737,registration,2023-01-08 06:37:39,A,Android
9325,registration,2023-01-08 15:31:20,B,iOS
6475,view,2023-01-08 08:26:41,A,iOS
3520,registration,2023-01-08 09:55:22,B,iOS
4600,click,2023-01-08 15:00:23,B,Android
2435,registration,2023-01-08 07:57:28,A,iOS
8833,registration,2023-01-08 14:40:32,B,iOS
6841,view,2023-01-08 02:47:03,A,Android
7770,registration,2023-01-08 09:55:22,A,Android
5109,click,2023-01-08 22:52:28,B,Android
9294,purchase,2023-01-08 15:39:08,A,iOS
6045,purchase,2023-01-08 23:01:56,A,iOS
3586,click,2023-01-08 10:11:45,A,Android
9677,click,2023-01-08 06:07:30,A,iOS
5932,purchase,2023-01-08 13:02:57,B,Android
7576,view,2023-01-08 04:58:39,A,Android
8492,view,2023-01-08 01:57:29,A,iOS
1894,click,2023-01-08 21:34:38,A,Android
1020,click,2023-01-08 22:18:53,A,Android
2688,click,2023-01-08 01:00:18,A,Android
3880,registration,2023-01-08 08:44:49,B,Android
946,view,2023-01-08 12:04:21,B,iOS
5704,view,2023-01-08 21:41:11,A,Android
7558,view,2023-01-08 04:40:55,A,Android
2218,click,2023-01-08 14:00:22,B,Android
7548,click,2023-01-08 16:16:52,B,iOS
4581,purchase,2023-01-08 22:37:43,B,Android
3798,registration,2023-01-08 08:36:19,B,Android
97,view,2023-01-08 17:37:10,A,Android
9817,click,2023-01-08 01:31:38,B,iOS
7132,view,2023-01-08 20:45:44,A,iOS
5494,purchase,2023-01-08 06:44:51,A,Android
2405,registration,2023-01-08 13:56:41,B,Android
7461,registration,2023-01-08 21:09:22,B,Android
3234,registration,2023-01-08 02:25:14,A,iOS
5963,registration,2023-01-08 22:46:48,A,iOS
4974,registration,2023-01-08 13:24:59,B,iOS
9780,view,2023-01-08 10:23:02,A,iOS
1244,purchase,2023-01-08 19:03:35,A,iOS
573,registration,2023-01-08 12:49:19,B,Android
100,registration,2023-01-08 07:16:32,B,Android
5274,click,2023-01-08 01:25:57,B,iOS
8011,purchase,2023-01-08 13:22:27,B,iOS
4718,registration,2023-01-08 02:11:33,B,Android
7218,view,2023-01-08 01:42:48,A,iOS
1721,view,2023-01-08 10:34:46,B,iOS
587,click,2023-01-08 09:47:15,A,Android
6303,click,2023-01-08 20:20:09,B,iOS
6002,click,2023-01-08 06:57:23,A,iOS
9090,purchase,2023-01-08 16:27:00,A,Android
7239,click,2023-01-08 14:34:47,B,Android
7365,click,2023-01-08 02:25:00,A,iOS
1529,view,2023-01-08 06:53:16,A,Android
7487,registration,2023-01-08 15:51:33,B,Android
7757,click,2023-01-08 06:54:21,A,Android
2755,click,2023-01-08 20:09:59,B,Android
6880,view,2023-01-08 20:28:49,A,Android
1238,registration,2023-01-08 18:52:25,A,iOS
3357,click,2023-01-08 05:18:32,B,Android
8971,view,2023-01-08 18:02:53,A,iOS
7733,view,2023-01-08 23:39:29,A,Android
7748,view,2023-01-08 08:12:03,A,Android
6346,purchase,2023-01-08 01:03:56,B,Android
8344,registration,2023-01-08 16:16:04,A,Android
7172,view,2023-01-08 18:16:58,B,iOS
7851,view,2023-01-08 08:41:17,B,Android
6753,click,2023-01-08 03:33:29,A,Android
382,registration,2023-01-08 01:30:33,A,iOS
4121,purchase,2023-01-08 14:39:40,A,iOS
9928,click,2023-01-08 23:09:19,B,iOS
3838,click,2023-01-08 15:19:06,A,Android
4876,registration,2023-01-08 21:20:55,B,iOS
2705,click,2023-01-08 19:13:35,A,Android
7198,click,2023-01-08 05:57:04,B,Android
9882,click,2023-01-08 04:25:44,B,iOS
1728,click,2023-01-08 09:09:44,B,Android
3700,click,2023-01-08 07:23:39,A,iOS
2251,registration,2023-01-08 15:59:37,B,iOS
9431,click,2023-01-08 18:32:22,A,iOS
1389,click,2023-01-08 18:04:32,A,Android
753,purchase,2023-01-08 07:33:57,A,Android
9483,view,2023-01-08 23:46:48,A,Android
7791,purchase,2023-01-08 23:53:08,A,Android
6851,click,2023-01-08 02:56:42,B,Android
1148,registration,2023-01-08 13:57:27,A,iOS
8941,registration,2023-01-08 15:49:06,B,Android
8252,view,2023-01-08 22:43:31,B,Android
8479,view,2023-01-08 13:00:40,B,Android
4581,view,2023-01-08 12:32:34,B,Android
4519,click,2023-01-08 18:54:24,B,Android
7657,registration,2023-01-08 04:21:02,B,Android
9611,click,2023-01-08 20:24:55,A,iOS
2114,registration,2023-01-08 03:59:22,A,iOS
7371,click,2023-01-08 09:33:59,A,Android
6423,view,2023-01-08 08:26:26,A,iOS
2936,view,2023-01-08 03:51:01,A,iOS
1222,registration,2023-01-08 19:20:34,A,Android
6505,registration,2023-01-08 11:28:29,B,iOS
1027,view,2023-01-08 03:31:29,B,iOS
4676,purchase,2023-01-08 17:56:41,B,Android
1120,click,2023-01-08 06:17:00,B,iOS
8252,click,2023-01-08 03:55:12,B,Android
8830,registration,2023-01-08 19:48:57,A,iOS
5862,registration,2023-01-08 22:25:50,A,Android
4873,purchase,2023-01-08 03:51:53,B,iOS
4011,view,2023-01-08 17:35:25,B,Android
95,click,2023-01-08 05:29:41,B,Android
4062,view,2023-01-08 19:52:45,B,Android
1149,view,2023-01-08 11:54:45,A,Android
6301,click,2023-01-08 14:11:31,B,Android
3740,click,2023-01-08 14:29:18,B,iOS
6103,registration,2023-01-08 21:58:11,A,iOS
9512,view,2023-01-08 01:46:50,A,iOS
1956,registration,2023-01-08 00:21:52,B,Android
6305,purchase,2023-01-08 12:48:27,A,Android
3394,view,2023-01-08 18:07:34,A,Android
4549,view,2023-01-08 08:54:03,B,iOS
6486,click,2023-01-08 00:03:42,B,Android
3560,click,2023-01-08 18:43:04,B,Android
6061,view,2023-01-08 09:53:25,B,iOS
2056,click,2023-01-08 19:10:53,B,Android
7048,view,2023-01-08 23:41:21,A,Android
6083,registration,2023-01-08 03:41:29,A,iOS
9110,click,2023-01-08 12:00:26,A,iOS
2806,registration,2023-01-08 18:12:22,B,iOS
4310,click,2023-01-08 10:43:08,A,Android
5542,view,2023-01-08 12:07:43,B,iOS
9724,purchase,2023-01-08 23:33:22,B,Android
5324,purchase,2023-01-08 17:55:58,A,iOS
6577,view,2023-01-08 00:06:42,A,iOS
1344,click,2023-01-08 19:14:05,B,Android
5033,registration,2023-01-08 22:07:25,A,iOS
8368,view,2023-01-08 17:15:08,A,iOS
3619,purchase,2023-01-08 19:21:25,B,iOS
5880,registration,2023-01-08 00:03:57,B,iOS
7214,click,2023-01-08 23:37:58,A,Android
492,view,2023-01-08 14:38:10,B,iOS
2692,view,2023-01-08 15:42:02,A,Android
8818,view,2023-01-08 22:18:26,B,Android
8117,registration,2023-01-08 15:39:51,A,iOS
4686,registration,2023-01-08 18:06:38,A,iOS
8525,view,2023-01-08 18:51:09,B,Android
9341,purchase,2023-01-08 01:25:43,B,iOS
1836,registration,2023-01-08 02:31:23,B,Android
6136,view,2023-01-08 17:54:00,B,iOS
5004,view,2023-01-08 14:50:13,B,iOS
4334,registration,2023-01-08 00:56:27,A,Android
5848,registration,2023-01-08 15:18:41,A,iOS
5294,click,2023-01-08 13:11:10,B,iOS
7461,view,2023-01-08 12:33:25,B,Android
6688,click,2023-01-08 20:57:07,B,iOS
8722,click,2023-01-08 04:37:40,A,Android
3052,click,2023-01-08 07:43:41,A,iOS
3850,click,2023-01-08 15:18:25,A,iOS
251,view,2023-01-08 01:29:15,A,Android
1585,click,2023-01-08 22:07:39,A,iOS
2065,click,2023-01-08 09:48:16,B,Android
8957,click,2023-01-08 08:57:24,B,iOS
2676,click,2023-01-08 02:15:47,B,Android
763,click,2023-01-08 05:56:07,A,iOS
5270,click,2023-01-08 21:14:00,B,Android
731,purchase,2023-01-08 18:34:00,A,Android
9228,click,2023-01-08 12:44:10,A,iOS
4634,registration,2023-01-08 21:27:34,A,iOS
1610,registration,2023-01-08 06:28:08,A,Android
90,click,2023-01-08 13:45:07,A,iOS
7575,registration,2023-01-08 05:00:03,A,Android
4658,view,2023-01-08 10:05:06,A,Android
6891,click,2023-01-08 00:05:27,B,Android
2523,registration,2023-01-08 03:03:07,B,iOS
9246,click,2023-01-08 03:27:13,A,Android
9113,purchase,2023-01-08 00:02:40,A,iOS
8697,click,2023-01-08 02:56:57,A,iOS
4479,view,2023-01-08 05:25:03,A,iOS
8425,view,2023-01-08 02:29:17,A,iOS
3830,view,2023-01-08 20:15:35,B,iOS
8800,click,2023-01-08 07:16:14,A,Android
3367,view,2023-01-08 17:23:52,B,iOS
9058,click,2023-01-08 00:21:41,B,iOS
105,view,2023-01-08 16:36:55,B,iOS
8785,click,2023-01-08 00:43:36,A,Android
5294,purchase,2023-01-08 02:41:13,B,iOS
4582,registration,2023-01-08 14:56:34,A,iOS
5415,registration,2023-01-08 23:00:42,A,Android
957,click,2023-01-08 12:54:29,A,Android
5295,click,2023-01-08 01:47:22,A,iOS
9314,registration,2023-01-08 00:30:24,B,Android
8695,purchase,2023-01-08 19:40:36,A,iOS
8663,click,2023-01-08 21:54:55,A,iOS
7675,registration,2023-01-08 17:38:58,A,Android
9967,click,2023-01-08 09:05:01,B,iOS
6800,view,2023-01-08 07:11:07,B,Android
773,view,2023-01-08 06:33:58,A,Android
3745,view,2023-01-08 05:43:37,B,Android
6730,click,2023-01-08 03:06:52,B,iOS
5436,purchase,2023-01-08 13:16:37,B,Android
2828,registration,2023-01-08 22:51:53,A,Android
3404,click,2023-01-08 05:08:30,A,iOS
1250,registration,2023-01-08 18:07:37,B,Android
1175,registration,2023-01-08 21:52:06,B,Android
7344,purchase,2023-01-08 08:09:50,B,Android
4909,view,2023-01-08 23:04:27,A,iOS
7600,purchase,2023-01-08 04:25:31,B,Android
9340,click,2023-01-08 14:03:12,A,iOS
5157,view,2023-01-08 23:12:46,B,iOS
2141,click,2023-01-08 00:55:30,A,Android
3727,view,2023-01-08 20:50:33,A,iOS
2056,click,2023-01-08 04:16:33,B,Android
5635,click,2023-01-08 06:03:13,A,Android
2438,registration,2023-01-08 10:37:59,B,Android
7299,click,2023-01-08 10:35:24,A,Android
8900,click,2023-01-08 12:23:34,B,Android
5704,view,2023-01-08 13:25:36,A,Android
4625,click,2023-01-08 23:57:04,A,Android
3188,click,2023-01-08 23:06:52,A,iOS
5650,registration,2023-01-08 06:07:42,A,Android
9957,view,2023-01-08 04:01:16,B,Android
8058,view,2023-01-08 02:19:00,B,iOS
7781,click,2023-01-08 13:24:51,B,Android
6837,purchase,2023-01-08 06:17:29,B,iOS
4396,view,2023-01-08 03:43:13,B,Android
8019,click,2023-01-08 01:47:45,A,iOS
9159,registration,2023-01-08 07:03:14,B,Android
3931,click,2023-01-08 04:53:39,A,Android
8153,registration,2023-01-08 02:53:55,A,iOS
4468,view,2023-01-08 16:04:54,B,Android
1579,click,2023-01-08 04:22:19,B,iOS
5784,registration,2023-01-08 22:20:03,B,iOS
3346,click,2023-01-08 22:16:53,A,iOS
266,purchase,2023-01-08 01:25:58,A,Android
465,view,2023-01-08 13:39:48,B,iOS
1175,view,2023-01-08 16:00:59,B,Android
2342,view,2023-01-08 11:23:23,A,iOS
6134,purchase,2023-01-08 12:38:59,B,iOS
7273,click,2023-01-08 10:45:08,B,Android
4600,click,2023-01-08 13:00:56,B,Android
6427,view,2023-01-08 22:38:42,A,Android
9748,click,2023-01-08 05:19:50,B,iOS
4097,click,2023-01-08 16:56:05,B,Android
722,click,2023-01-08 22:19:13,A,iOS
2944,click,2023-01-08 13:09:00,B,iOS
1872,click,2023-01-08 10:41:24,A,iOS
9828,purchase,2023-01-08 12:06:49,A,iOS
574,view,2023-01-08 22:27:17,A,Android
8740,click,2023-01-08 05:10:09,A,Android
241,registration,2023-01-08 13:56:43,B,Android
3519,click,2023-01-08 06:14:20,B,iOS
1270,registration,2023-01-08 03:45:09,A,iOS
5236,registration,2023-01-08 19:01:17,B,iOS
8122,registration,2023-01-08 10:44:50,B,Android
6616,click,2023-01-08 07:43:35,A,iOS
5609,registration,2023-01-08 05:23:39,B,iOS
2464,click,2023-01-08 03:17:14,A,Android
8068,purchase,2023-01-08 03:41:35,A,Android
7801,registration,2023-01-08 21:16:36,A,iOS
9007,registration,2023-01-08 18:04:27,B,iOS
7161,view,2023-01-08 21:40:44,B,Android
5946,click,2023-01-08 10:14:06,A,iOS
4847,view,2023-01-08 02:04:11,A,iOS
4272,registration,2023-01-08 06:13:16,B,iOS
8586,registration,2023-01-08 11:51:45,A,Android
5930,view,2023-01-08 03:07:01,A,iOS
4957,purchase,2023-01-08 22:00:34,B,Android
5114,click,2023-01-08 07:27:47,A,iOS
605,click,2023-01-08 02:46:30,A,Android
437,registration,2023-01-08 15:15:12,B,iOS
7206,click,2023-01-08 15:42:45,A,Android
805,registration,2023-01-08 12:12:49,A,Android
4538,view,2023-01-08 15:48:10,B,Android
8392,click,2023-01-08 22:22:50,B,iOS
6676,view,2023-01-08 22:47:39,A,Android
8506,registration,2023-01-08 12:24:13,A,iOS
2919,click,2023-01-08 23:45:11,A,Android
1377,purchase,2023-01-08 12:49:50,A,iOS
4904,click,2023-01-08 05:25:19,B,iOS
4111,click,2023-01-08 05:24:35,A,iOS
4562,click,2023-01-08 11:01:14,B,Android
5494,view,2023-01-08 21:14:30,A,Android
8991,purchase,2023-01-08 14:26:56,B,Android
5389,registration,2023-01-08 07:36:26,B,Android
2717,click,2023-01-08 13:18:55,A,Android
2349,click,2023-01-08 00:09:12,B,iOS
2011,registration,2023-01-08 06:43:38,A,Android
2114,click,2023-01-08 13:00:06,A,iOS
9264,click,2023-01-08 01:24:55,B,iOS
3048,click,2023-01-08 04:45:35,A,Android
5801,registration,2023-01-08 22:31:59,A,Android
5509,registration,2023-01-08 07:02:36,A,Android
1807,registration,2023-01-08 23:07:59,A,iOS
3225,click,2023-01-08 21:07:22,B,iOS
5284,click,2023-01-08 15:32:41,B,Android
8519,click,2023-01-08 02:57:56,B,iOS
3559,view,2023-01-08 12:40:07,A,iOS
7792,registration,2023-01-08 01:53:05,A,Android
8501,registration,2023-01-08 23:51:51,A,Android
3292,click,2023-01-08 10:52:50,A,Android
9361,click,2023-01-08 13:40:21,B,Android
3705,click,2023-01-08 06:00:47,A,Android
6209,view,2023-01-08 03:17:22,A,Android
9624,view,2023-01-08 23:53:45,B,Android
1937,registration,2023-01-08 19:45:58,B,iOS
5791,click,2023-01-08 14:24:44,A,iOS
2783,view,2023-01-08 21:35:18,A,Android
7409,click,2023-01-08 16:05:34,B,Android
6232,view,2023-01-08 05:13:04,A,iOS
3922,purchase,2023-01-08 23:55:53,B,iOS
5417,registration,2023-01-08 07:05:38,B,Android
9047,click,2023-01-08 15:20:01,A,iOS
1204,view,2023-01-08 14:20:23,B,iOS
8816,view,2023-01-08 08:43:47,B,iOS
6345,click,2023-01-08 19:55:52,B,iOS
3587,view,2023-01-08 19:31:41,B,Android
660,click,2023-01-08 10:53:05,B,iOS
675,registration,2023-01-08 04:57:45,B,iOS
9194,registration,2023-01-08 01:43:58,B,Android
9610,view,2023-01-08 23:37:06,A,iOS
6161,view,2023-01-08 17:58:19,A,iOS
2841,registration,2023-01-08 09:51:35,B,Android
8846,click,2023-01-08 00:32:51,A,iOS
7985,click,2023-01-08 08:33:50,A,iOS
3745,view,2023-01-08 11:57:23,B,Android
4797,view,2023-01-08 18:49:59,B,iOS
4497,click,2023-01-08 19:34:14,B,Android
7626,view,2023-01-08 04:38:59,B,Android
6839,click,2023-01-08 15:29:58,A,iOS
1134,click,2023-01-08 16:05:26,A,iOS
4652,registration,2023-01-08 17:12:41,A,iOS
1878,click,2023-01-08 15:05:37,A,Android
1892,click,2023-01-08 01:09:42,B,iOS
3378,view,2023-01-08 19:34:19,A,iOS
6550,view,2023-01-08 06:57:06,B,Android
503,click,2023-01-08 18:32:47,A,iOS
3450,click,2023-01-08 05:58:59,A,Android
1342,click,2023-01-08 17:56:29,B,Android
2785,click,2023-01-08 13:24:43,A,Android
6545,view,2023-01-08 09:21:20,A,iOS
3681,click,2023-01-08 01:02:24,B,Android
7180,view,2023-01-08 14:51:28,B,iOS
9715,purchase,2023-01-08 11:45:17,A,iOS
5000,click,2023-01-08 00:12:54,B,iOS
862,click,2023-01-08 08:45:58,B,Android
1881,purchase,2023-01-08 12:48:54,A,Android
8300,view,2023-01-08 17:27:19,B,Android
8763,view,2023-01-08 03:13:41,A,Android
8331,click,2023-01-08 08:40:49,A,iOS
4706,click,2023-01-08 14:46:56,B,Android
6017,view,2023-01-08 15:04:47,B,iOS
7781,registration,2023-01-08 19:10:04,B,Android
1328,click,2023-01-08 08:12:19,B,Android
5592,click,2023-01-08 10:36:56,A,Android
6973,click,2023-01-08 19:09:47,A,Android
459,view,2023-01-08 05:13:48,A,Android
5958,click,2023-01-08 14:37:31,A,iOS
2443,purchase,2023-01-08 07:12:53,B,Android
6029,view,2023-01-08 03:21:32,A,Android
2721,view,2023-01-08 00:54:58,A,Android
5891,view,2023-01-08 20:45:54,A,iOS
8667,registration,2023-01-08 08:30:02,A,Android
9534,view,2023-01-08 11:58:52,A,iOS
4516,view,2023-01-08 22:06:13,A,iOS
9839,click,2023-01-08 05:50:55,B,iOS
4425,click,2023-01-08 04:20:00,A,iOS
7033,view,2023-01-08 22:43:17,A,iOS
2965,registration,2023-01-08 14:54:27,A,Android
2646,registration,2023-01-08 16:20:16,A,Android
4684,click,2023-01-08 07:29:19,B,Android
984,view,2023-01-08 08:17:26,B,iOS
3698,registration,2023-01-08 22:52:09,B,iOS
4594,click,2023-01-08 20:04:46,A,iOS
8473,registration,2023-01-08 20:24:27,B,Android
3395,view,2023-01-08 20:11:46,A,Android
1661,view,2023-01-08 10:29:31,B,iOS
2929,click,2023-01-08 03:53:28,A,iOS
8702,purchase,2023-01-08 19:54:24,B,iOS
6823,click,2023-01-08 19:17:17,A,Android
367,click,2023-01-08 08:53:57,A,iOS
9762,view,2023-01-08 07:12:29,B,iOS
3395,view,2023-01-08 17:04:53,A,Android
4684,view,2023-01-08 17:11:48,B,Android
4019,click,2023-01-08 15:12:30,A,Android
7180,click,2023-01-08 23:38:23,B,iOS
4108,view,2023-01-08 14:45:43,B,iOS
2596,registration,2023-01-08 13:31:31,A,iOS
1095,click,2023-01-08 00:37:59,B,Android
4251,click,2023-01-08 22:41:25,B,Android
8444,view,2023-01-08 03:26:27,A,iOS
2642,view,2023-01-08 00:57:56,B,Android
1742,click,2023-01-08 04:01:31,B,Android
3794,click,2023-01-08 07:39:59,A,Android
8229,purchase,2023-01-08 22:32:32,B,Android
5362,view,2023-01-08 12:43:54,A,iOS
379,click,2023-01-08 11:18:48,B,Android
7582,registration,2023-01-08 20:40:19,B,Android
5015,view,2023-01-08 13:25:42,B,Android
6536,click,2023-01-08 00:52:28,B,Android
7325,view,2023-01-08 06:17:29,A,Android
770,click,2023-01-08 03:21:18,B,iOS
5235,view,2023-01-08 02:47:38,A,Android
8247,click,2023-01-08 20:25:04,B,Android
8317,view,2023-01-08 16:44:22,B,Android
8558,click,2023-01-08 00:24:13,B,Android
9804,click,2023-01-08 04:11:32,B,Android
1736,purchase,2023-01-08 00:13:03,B,iOS
9442,registration,2023-01-08 03:42:35,B,iOS
9356,view,2023-01-08 11:08:15,A,iOS
2779,view,2023-01-08 14:01:42,B,iOS
441,view,2023-01-08 12:00:03,B,Android
9594,purchase,2023-01-08 09:37:21,A,Android
9226,click,2023-01-08 09:38:39,B,iOS
3753,purchase,2023-01-08 18:01:36,A,Android
2958,view,2023-01-08 19:44:19,A,Android
2007,registration,2023-01-08 07:59:45,B,Android
7394,view,2023-01-08 09:37:44,B,iOS
7063,click,2023-01-08 20:06:51,B,iOS
6784,click,2023-01-08 22:04:27,B,iOS
3075,view,2023-01-08 01:33:52,B,Android
4353,view,2023-01-08 16:55:26,B,iOS
9142,view,2023-01-08 13:01:55,B,iOS
9774,purchase,2023-01-08 21:21:31,B,iOS
143,registration,2023-01-08 23:18:50,B,iOS
5978,view,2023-01-08 02:50:15,B,iOS
8586,purchase,2023-01-08 21:46:04,A,Android
7353,click,2023-01-08 13:16:14,A,iOS
4270,registration,2023-01-08 10:17:39,A,Android
3364,click,2023-01-08 11:43:01,B,iOS
9194,registration,2023-01-08 03:56:08,B,Android
4299,view,2023-01-08 06:10:23,A,Android
2724,view,2023-01-08 20:54:17,A,iOS
874,view,2023-01-08 11:19:23,A,Android
4884,click,2023-01-08 06:48:48,B,Android
8273,view,2023-01-08 12:11:25,B,Android
6277,click,2023-01-08 09:12:12,B,Android
8157,registration,2023-01-08 02:49:48,A,Android
1322,view,2023-01-08 15:24:19,B,Android
1404,click,2023-01-08 23:36:39,A,Android
4966,click,2023-01-08 09:54:39,A,iOS
8442,click,2023-01-08 17:18:07,A,iOS
3997,click,2023-01-08 14:03:36,B,Android
8644,purchase,2023-01-08 23:05:16,B,iOS
5642,purchase,2023-01-08 12:58:06,B,Android
6680,registration,2023-01-08 02:43:53,B,iOS
9243,registration,2023-01-08 12:02:03,A,Android
6590,view,2023-01-08 13:05:43,A,Android
2617,click,2023-01-08 13:17:44,A,iOS
1990,click,2023-01-08 02:20:27,A,Android
2386,view,2023-01-08 04:29:23,A,Android
4869,purchase,2023-01-08 10:19:56,A,iOS
3412,click,2023-01-08 14:39:33,B,Android
5889,view,2023-01-08 17:41:34,B,iOS
8593,click,2023-01-08 17:40:39,B,Android
2064,view,2023-01-08 01:31:07,B,Android
7725,view,2023-01-08 14:25:21,A,Android
407,view,2023-01-08 06:22:35,B,iOS
2676,view,2023-01-08 18:06:43,B,Android
6567,registration,2023-01-08 20:53:06,A,Android
4481,registration,2023-01-08 00:24:50,B,iOS
1911,click,2023-01-08 01:53:00,B,iOS
3251,purchase,2023-01-08 03:42:29,B,Android
8437,click,2023-01-08 20:28:03,A,iOS
2523,view,2023-01-08 10:43:38,B,iOS
5322,registration,2023-01-08 08:55:34,A,Android
3789,click,2023-01-08 18:21:56,A,iOS
4004,purchase,2023-01-08 17:18:28,A,Android
1617,view,2023-01-08 12:26:43,B,iOS
998,click,2023-01-08 12:37:48,B,iOS
7989,purchase,2023-01-08 09:02:15,B,Android
731,purchase,2023-01-08 19:07:36,A,Android
1412,click,2023-01-08 14:09:32,A,Android
3794,click,2023-01-08 22:17:46,A,Android
2202,purchase,2023-01-08 09:44:41,A,Android
2553,view,2023-01-08 01:08:30,A,iOS
930,click,2023-01-08 15:31:16,A,Android
4164,purchase,2023-01-08 05:50:58,B,Android
5530,view,2023-01-08 14:56:01,B,Android
6239,click,2023-01-08 12:35:58,A,iOS
2423,click,2023-01-08 02:25:44,A,Android
7858,registration,2023-01-08 08:32:02,A,Android
7230,view,2023-01-08 02:46:46,B,Android
8148,view,2023-01-08 15:38:27,B,Android
6092,registration,2023-01-08 12:22:02,B,Android
2251,click,2023-01-08 20:25:31,B,iOS
5909,purchase,2023-01-08 08:34:01,A,Android
6420,click,2023-01-08 20:29:58,B,iOS
3820,registration,2023-01-08 10:01:45,B,iOS
6535,click,2023-01-08 21:12:31,B,iOS
8062,view,2023-01-08 00:59:57,A,Android
2374,purchase,2023-01-08 01:33:06,A,iOS
4275,view,2023-01-08 17:21:09,B,Android
9216,purchase,2023-01-08 07:03:32,A,iOS
8870,view,2023-01-08 07:21:14,A,Android
3977,click,2023-01-08 00:26:59,A,iOS
4804,view,2023-01-08 08:51:27,A,iOS
1982,view,2023-01-08 04:03:30,B,Android
1367,view,2023-01-08 14:40:50,B,iOS
1255,click,2023-01-08 00:06:56,B,Android
70,view,2023-01-08 09:50:50,B,iOS
1840,click,2023-01-08 02:09:15,A,Android
6733,view,2023-01-08 04:26:01,A,Android
9271,click,2023-01-08 16:13:27,B,Android
3188,click,2023-01-08 13:06:53,A,iOS
3772,click,2023-01-08 08:00:40,B,Android
4552,click,2023-01-08 11:30:06,A,Android
2064,click,2023-01-08 02:11:28,B,Android
8054,purchase,2023-01-08 10:29:34,A,Android
8038,registration,2023-01-08 13:31:24,A,Android
3430,purchase,2023-01-08 04:52:48,A,iOS
6634,registration,2023-01-08 11:56:43,A,Android
5922,click,2023-01-08 01:55:32,B,Android
4265,click,2023-01-08 22:22:07,A,iOS
9335,view,2023-01-08 05:19:09,A,Android
1299,registration,2023-01-08 18:55:37,A,Android
4787,registration,2023-01-08 16:52:12,A,Android
9828,click,2023-01-08 13:05:27,A,iOS
9402,view,2023-01-08 12:40:32,B,iOS
3539,click,2023-01-08 22:47:18,A,Android
6648,click,2023-01-08 17:54:27,A,iOS
8147,click,2023-01-08 05:36:11,A,iOS
9491,registration,2023-01-08 13:31:16,A,Android
3695,view,2023-01-08 12:14:32,B,Android
6801,view,2023-01-08 17:01:51,B,iOS
7995,registration,2023-01-08 11:32:23,B,Android
6459,registration,2023-01-08 02:26:43,A,Android
8197,purchase,2023-01-08 09:38:16,B,iOS
5589,purchase,2023-01-08 05:06:07,A,Android
7969,click,2023-01-08 12:19:57,A,iOS
9304,view,2023-01-08 05:36:17,B,Android
5511,view,2023-01-08 23:19:20,B,Android
323,registration,2023-01-08 15:56:54,A,Android
5025,click,2023-01-08 13:53:54,B,iOS
10000,view,2023-01-08 11:35:14,A,Android
3719,click,2023-01-08 17:46:44,A,Android
4351,click,2023-01-08 08:44:14,A,iOS
4292,registration,2023-01-08 22:12:47,A,iOS
6373,purchase,2023-01-08 21:33:54,A,Android
7887,click,2023-01-08 07:43:17,A,iOS
1975,click,2023-01-08 23:39:30,B,iOS
6429,click,2023-01-08 14:48:47,A,iOS
7960,view,2023-01-08 08:43:00,A,Android
4658,view,2023-01-08 20:19:33,A,Android
4870,registration,2023-01-08 00:43:26,A,iOS
9423,click,2023-01-08 17:53:20,B,Android
7460,purchase,2023-01-08 05:48:38,B,Android
4468,click,2023-01-08 07:11:30,B,Android
8718,click,2023-01-08 04:23:34,B,iOS
8734,view,2023-01-08 04:20:37,A,iOS
1219,view,2023-01-08 19:31:05,A,Android
4639,registration,2023-01-08 00:03:10,B,iOS
2823,registration,2023-01-08 15:32:44,B,Android
8850,purchase,2023-01-08 16:59:34,B,Android
7020,click,2023-01-08 01:07:04,B,iOS
1344,click,2023-01-08 12:41:02,B,Android
9936,registration,2023-01-08 09:21:00,B,Android
6863,view,2023-01-08 03:13:33,A,Android
8022,view,2023-01-08 04:59:31,B,Android
2034,click,2023-01-08 23:08:54,B,Android
5369,view,2023-01-08 13:54:25,B,iOS
3964,purchase,2023-01-08 08:23:41,A,iOS
941,click,2023-01-08 10:58:12,A,iOS
7687,registration,2023-01-08 17:31:18,A,Android
7257,view,2023-01-08 22:54:03,A,Android
161,registration,2023-01-08 06:38:53,A,iOS
2046,click,2023-01-08 00:23:37,A,iOS
2478,click,2023-01-08 00:25:47,B,Android
6806,registration,2023-01-08 23:44:28,A,iOS
385,purchase,2023-01-08 08:29:21,A,Android
3799,registration,2023-01-08 10:19:26,A,iOS
7106,view,2023-01-08 10:01:40,A,Android
7585,purchase,2023-01-08 16:17:02,A,iOS
5887,view,2023-01-08 23:11:53,A,Android
3509,click,2023-01-08 03:31:48,B,Android
9528,click,2023-01-08 16:23:04,B,iOS
4950,view,2023-01-08 02:07:20,A,iOS
4639,click,2023-01-08 07:01:05,B,iOS
9767,registration,2023-01-08 10:44:52,A,Android
6016,view,2023-01-09 18:55:14,B,iOS
2839,view,2023-01-09 16:38:32,A,iOS
5088,view,2023-01-09 01:31:16,A,iOS
149,view,2023-01-09 07:55:57,A,iOS
5243,click,2023-01-09 22:53:47,B,iOS
6929,view,2023-01-09 03:28:16,B,iOS
5072,registration,2023-01-09 15:51:27,A,iOS
7656,registration,2023-01-09 13:19:33,B,iOS
5635,view,2023-01-09 21:37:37,A,Android
6992,view,2023-01-09 14:48:32,B,Android
4958,view,2023-01-09 01:31:19,B,iOS
601,click,2023-01-09 16:39:35,A,Android
2576,view,2023-01-09 05:45:42,A,iOS
9293,click,2023-01-09 16:32:22,B,iOS
9086,registration,2023-01-09 10:39:56,B,iOS
598,click,2023-01-09 10:00:20,A,iOS
2451,purchase,2023-01-09 13:41:01,B,Android
7822,registration,2023-01-09 11:48:13,A,iOS
4587,click,2023-01-09 21:16:02,B,iOS
9422,click,2023-01-09 00:03:35,A,Android
2832,registration,2023-01-09 03:32:47,B,iOS
8949,click,2023-01-09 18:43:21,B,iOS
6228,click,2023-01-09 23:33:06,A,Android
9223,view,2023-01-09 17:08:55,A,iOS
5618,registration,2023-01-09 08:58:13,A,iOS
8321,view,2023-01-09 18:42:40,B,Android
2870,registration,2023-01-09 19:57:42,A,Android
437,purchase,2023-01-09 15:16:50,B,iOS
762,view,2023-01-09 17:26:40,B,Android
482,view,2023-01-09 06:45:04,B,Android
4465,click,2023-01-09 13:46:45,A,iOS
3903,click,2023-01-09 04:32:04,A,iOS
5631,click,2023-01-09 12:38:35,B,Android
3970,purchase,2023-01-09 19:28:16,B,Android
8023,view,2023-01-09 17:54:10,A,iOS
3308,click,2023-01-09 06:09:29,B,iOS
5468,registration,2023-01-09 14:45:16,A,iOS
8499,registration,2023-01-09 12:16:01,A,iOS
6384,view,2023-01-09 17:45:02,B,Android
3191,view,2023-01-09 04:11:02,B,iOS
5281,click,2023-01-09 18:34:34,B,iOS
4303,click,2023-01-09 19:25:20,B,Android
7783,purchase,2023-01-09 05:21:38,B,Android
55,click,2023-01-09 20:58:45,B,Android
6975,registration,2023-01-09 21:45:19,B,Android
7829,click,2023-01-09 12:48:48,B,iOS
4304,registration,2023-01-09 00:05:19,B,iOS
2857,registration,2023-01-09 06:00:34,A,iOS
8492,registration,2023-01-09 08:33:47,A,iOS
3900,registration,2023-01-09 00:35:48,A,Android
8445,click,2023-01-09 14:14:37,B,Android
6291,click,2023-01-09 06:51:56,B,iOS
6420,view,2023-01-09 06:11:06,B,iOS
3716,view,2023-01-09 01:33:53,A,iOS
7461,click,2023-01-09 09:27:44,B,Android
6041,registration,2023-01-09 16:38:40,B,iOS
4023,view,2023-01-09 08:38:36,A,Android
8139,click,2023-01-09 21:58:15,A,iOS
4298,registration,2023-01-09 09:01:25,B,iOS
3654,registration,2023-01-09 16:11:26,A,iOS
1368,registration,2023-01-09 08:17:48,A,iOS
6589,view,2023-01-09 13:43:44,B,Android
5409,click,2023-01-09 07:25:37,A,iOS
5063,registration,2023-01-09 08:52:34,A,Android
773,click,2023-01-09 11:17:05,A,Android
1142,click,2023-01-09 17:30:53,A,Android
2047,click,2023-01-09 19:49:56,B,Android
4079,click,2023-01-09 17:17:33,B,iOS
9749,click,2023-01-09 06:44:54,A,Android
2518,click,2023-01-09 17:59:03,B,iOS
5286,registration,2023-01-09 12:50:14,B,iOS
9472,click,2023-01-09 21:24:38,B,iOS
2903,view,2023-01-09 22:04:37,A,iOS
9577,view,2023-01-09 05:56:51,A,iOS
7015,click,2023-01-09 09:35:30,A,iOS
6948,view,2023-01-09 06:19:59,B,iOS
9110,click,2023-01-09 15:09:22,A,iOS
8459,click,2023-01-09 18:37:44,A,iOS
1689,click,2023-01-09 08:51:51,A,iOS
5154,registration,2023-01-09 19:02:05,B,Android
5148,click,2023-01-09 07:29:22,A,Android
7143,purchase,2023-01-09 01:07:43,B,iOS
6953,purchase,2023-01-09 03:26:46,A,Android
1525,click,2023-01-09 21:27:42,A,iOS
9171,registration,2023-01-09 01:10:13,B,iOS
9024,click,2023-01-09 23:41:30,A,Android
1114,click,2023-01-09 11:42:49,B,Android
8803,registration,2023-01-09 03:33:30,B,iOS
9143,purchase,2023-01-09 21:07:51,A,Android
2783,registration,2023-01-09 08:52:24,A,Android
4440,click,2023-01-09 02:35:21,A,Android
9407,registration,2023-01-09 15:13:17,A,Android
5548,click,2023-01-09 08:08:09,B,Android
3456,click,2023-01-09 03:35:23,B,iOS
531,view,2023-01-09 11:26:58,B,Android
2588,click,2023-01-09 16:56:37,B,Android
8550,click,2023-01-09 07:34:22,A,Android
8591,click,2023-01-09 12:46:01,A,Android
9462,registration,2023-01-09 08:25:11,A,Android
8892,click,2023-01-09 07:57:26,B,Android
5123,view,2023-01-09 17:18:06,A,Android
5997,click,2023-01-09 17:24:53,A,iOS
8894,click,2023-01-09 04:52:08,A,Android
2328,registration,2023-01-09 15:26:01,A,iOS
8957,registration,2023-01-09 10:04:23,B,iOS
5269,click,2023-01-09 11:57:20,B,Android
7390,registration,2023-01-09 10:19:10,A,iOS
5853,view,2023-01-09 10:23:25,A,Android
9978,click,2023-01-09 13:14:09,B,Android
6684,purchase,2023-01-09 08:52:41,B,iOS
2650,view,2023-01-09 05:45:47,A,Android
5117,view,2023-01-09 11:32:09,A,iOS
4025,registration,2023-01-09 16:15:45,A,Android
4061,view,2023-01-09 13:48:38,B,iOS
354,click,2023-01-09 06:09:51,A,iOS
6691,view,2023-01-09 09:03:01,B,iOS
8789,click,2023-01-09 09:26:24,B,Android
3542,click,2023-01-09 20:14:46,A,iOS
2455,view,2023-01-09 02:16:31,B,Android
3514,registration,2023-01-09 00:46:15,A,Android
2360,registration,2023-01-09 18:16:18,B,iOS
7012,click,2023-01-09 19:56:02,A,iOS
1263,click,2023-01-09 13:29:36,B,Android
8300,purchase,2023-01-09 23:48:04,B,Android
1280,click,2023-01-09 00:15:44,A,iOS
4108,click,2023-01-09 14:39:47,B,iOS
2021,click,2023-01-09 23:13:35,A,Android
5985,click,2023-01-09 08:48:10,B,iOS
4715,purchase,2023-01-09 16:04:30,B,iOS
9102,purchase,2023-01-09 05:48:22,B,iOS
6854,click,2023-01-09 18:00:23,B,iOS
3645,purchase,2023-01-09 17:42:54,B,iOS
1481,click,2023-01-09 04:51:21,A,Android
3651,view,2023-01-09 19:01:02,A,iOS
2557,click,2023-01-09 21:44:37,A,iOS
9409,click,2023-01-09 08:19:51,B,Android
7222,registration,2023-01-09 12:17:19,A,iOS
256,view,2023-01-09 13:01:01,B,iOS
9987,view,2023-01-09 19:36:53,A,Android
8073,registration,2023-01-09 00:59:08,A,iOS
1669,view,2023-01-09 04:38:17,A,Android
8590,view,2023-01-09 02:04:52,A,iOS
1284,view,2023-01-09 04:14:59,A,iOS
2189,purchase,2023-01-09 11:33:35,B,iOS
5824,click,2023-01-09 19:38:37,B,iOS
2810,view,2023-01-09 20:31:07,A,Android
5771,view,2023-01-09 23:29:02,B,Android
1201,click,2023-01-09 04:00:33,A,iOS
1963,view,2023-01-09 04:43:30,B,Android
1205,registration,2023-01-09 23:29:20,B,Android
3320,click,2023-01-09 15:36:26,A,iOS
3226,view,2023-01-09 06:11:48,B,Android
8736,purchase,2023-01-09 03:20:42,B,iOS
3548,click,2023-01-09 05:56:56,A,iOS
8485,registration,2023-01-09 13:33:07,B,Android
9819,registration,2023-01-09 15:24:20,A,Android
2956,click,2023-01-09 03:45:05,A,Android
8283,view,2023-01-09 23:17:38,B,iOS
1381,click,2023-01-09 08:26:01,A,iOS
9396,view,2023-01-09 20:02:56,B,iOS
5132,view,2023-01-09 19:46:49,A,iOS
9173,click,2023-01-09 23:00:39,B,iOS
9472,click,2023-01-09 06:58:34,B,iOS
2969,view,2023-01-09 14:07:47,B,iOS
6811,click,2023-01-09 10:30:40,B,Android
8344,click,2023-01-09 23:31:45,A,Android
3496,click,2023-01-09 22:06:05,B,iOS
430,registration,2023-01-09 03:58:45,A,Android
9575,view,2023-01-09 03:14:31,B,iOS
1922,click,2023-01-09 15:47:57,A,Android
1906,view,2023-01-09 17:55:36,A,Android
5208,view,2023-01-09 14:45:24,B,iOS
3790,view,2023-01-09 11:03:05,B,Android
9561,view,2023-01-09 23:26:00,B,iOS
7140,view,2023-01-09 08:03:56,A,Android
5537,view,2023-01-09 04:35:13,B,iOS
5850,purchase,2023-01-09 20:03:55,B,iOS
8381,registration,2023-01-09 21:54:38,A,Android
401,click,2023-01-09 02:23:29,B,Android
5683,view,2023-01-09 22:15:56,A,iOS
6093,view,2023-01-09 05:14:56,A,Android
4019,registration,2023-01-09 15:03:34,A,Android
6885,click,2023-01-09 13:07:23,B,Android
1488,view,2023-01-09 03:42:29,A,Android
8081,click,2023-01-09 04:17:45,A,Android
7226,click,2023-01-09 02:42:20,A,Android
2524,registration,2023-01-09 04:02:38,A,iOS
4488,click,2023-01-09 00:31:24,B,iOS
711,view,2023-01-09 22:13:53,A,Android
5127,purchase,2023-01-09 12:27:42,A,Android
7670,view,2023-01-09 21:01:11,A,iOS
2994,purchase,2023-01-09 13:14:43,B,Android
5775,registration,2023-01-09 13:50:43,A,Android
9523,click,2023-01-09 00:21:44,B,iOS
358,registration,2023-01-09 04:53:18,B,Android
5166,click,2023-01-09 15:03:18,A,Android
3153,click,2023-01-09 21:05:28,B,iOS
6888,click,2023-01-09 22:22:52,A,iOS
9937,view,2023-01-09 06:01:26,A,Android
7328,registration,2023-01-09 16:50:50,A,Android
3829,click,2023-01-09 17:30:43,A,Android
278,purchase,2023-01-09 07:44:11,B,iOS
4371,view,2023-01-09 05:24:04,A,iOS
4391,purchase,2023-01-09 19:18:11,B,Android
8918,click,2023-01-09 18:00:22,B,Android
3582,click,2023-01-09 10:54:29,B,iOS
2860,click,2023-01-09 12:28:37,A,Android
9033,view,2023-01-09 15:58:05,B,Android
8231,view,2023-01-09 21:11:30,B,iOS
9441,view,2023-01-09 04:20:52,B,iOS
2366,view,2023-01-09 16:31:43,B,iOS
7191,view,2023-01-09 11:42:34,B,iOS
5581,click,2023-01-09 00:04:20,B,Android
324,click,2023-01-09 09:41:05,A,Android
3284,view,2023-01-09 20:25:00,B,Android
8315,view,2023-01-09 00:19:33,B,Android
1550,view,2023-01-09 04:01:00,A,Android
7797,click,2023-01-09 11:23:23,B,Android
5465,click,2023-01-09 23:59:24,B,iOS
4594,registration,2023-01-09 10:44:35,A,iOS
7095,click,2023-01-09 01:25:15,A,Android
6164,view,2023-01-09 20:45:55,A,iOS
8029,purchase,2023-01-09 01:05:23,B,Android
7824,click,2023-01-09 23:42:11,B,iOS
3103,click,2023-01-09 20:12:15,A,iOS
628,view,2023-01-09 00:06:12,A,Android
6692,click,2023-01-09 06:04:54,B,Android
3268,click,2023-01-09 14:06:02,A,Android
6352,click,2023-01-09 08:08:31,B,Android
3224,registration,2023-01-09 20:13:23,A,Android
5866,click,2023-01-09 17:33:50,A,iOS
2993,registration,2023-01-09 22:38:02,A,iOS
1569,view,2023-01-09 12:02:22,B,Android
5432,view,2023-01-09 02:28:22,B,iOS
7604,click,2023-01-09 10:54:51,B,iOS
8001,click,2023-01-09 00:10:32,A,Android
2344,click,2023-01-09 14:18:46,A,Android
7717,click,2023-01-09 23:28:45,A,Android
2457,view,2023-01-09 05:28:31,B,iOS
5749,click,2023-01-09 13:43:44,B,Android
3627,purchase,2023-01-09 06:07:34,B,iOS
8641,registration,2023-01-09 01:23:54,A,iOS
9644,view,2023-01-09 14:20:40,A,Android
7395,click,2023-01-09 06:01:36,A,Android
6572,view,2023-01-09 10:35:34,B,Android
7961,view,2023-01-09 00:54:45,B,iOS
8860,view,2023-01-09 22:42:09,B,iOS
8471,view,2023-01-09 06:07:25,A,iOS
6682,purchase,2023-01-09 13:22:08,A,iOS
8032,view,2023-01-09 01:16:10,A,Android
9851,view,2023-01-09 16:51:39,B,Android
3935,purchase,2023-01-09 19:20:50,B,Android
7966,purchase,2023-01-09 06:06:08,A,iOS
7377,click,2023-01-09 21:28:15,A,iOS
9999,purchase,2023-01-09 06:30:29,A,Android
9001,view,2023-01-09 05:25:12,A,Android
4479,purchase,2023-01-09 22:48:31,A,iOS
4602,registration,2023-01-09 00:26:46,B,iOS
1482,click,2023-01-09 04:58:35,B,iOS
730,purchase,2023-01-09 22:32:50,B,iOS
4467,click,2023-01-09 22:11:44,B,iOS
2518,click,2023-01-09 19:46:10,B,iOS
956,registration,2023-01-09 07:30:16,A,iOS
7252,registration,2023-01-09 15:52:22,A,iOS
9086,click,2023-01-09 10:03:55,B,iOS
5479,click,2023-01-09 15:16:22,B,iOS
3039,purchase,2023-01-09 17:18:55,B,iOS
7405,registration,2023-01-09 02:02:18,B,Android
9478,click,2023-01-09 02:48:15,B,Android
1234,view,2023-01-09 03:36:28,A,iOS
2234,purchase,2023-01-09 19:47:19,A,iOS
7632,registration,2023-01-09 17:19:32,A,iOS
5688,click,2023-01-09 03:41:48,A,iOS
9677,registration,2023-01-09 13:03:32,A,iOS
6137,click,2023-01-09 11:18:15,A,Android
4110,view,2023-01-09 15:00:04,B,iOS
7481,click,2023-01-09 20:00:56,B,iOS
2152,view,2023-01-09 05:52:40,A,Android
7596,view,2023-01-09 01:05:49,B,Android
3315,view,2023-01-09 03:00:30,B,iOS
7553,click,2023-01-09 22:45:00,B,Android
9184,click,2023-01-09 07:23:36,A,iOS
4247,click,2023-01-09 14:52:22,B,iOS
5263,click,2023-01-09 12:08:35,B,iOS
6549,view,2023-01-09 01:41:25,B,iOS
7973,click,2023-01-09 01:01:11,A,iOS
6596,purchase,2023-01-09 09:56:10,A,iOS
2124,click,2023-01-09 17:40:52,A,Android
7689,click,2023-01-09 15:51:51,A,Android
3412,click,2023-01-09 20:24:44,B,Android
2835,registration,2023-01-09 23:32:06,B,Android
1928,click,2023-01-09 07:08:50,A,Android
4816,registration,2023-01-09 09:20:16,A,iOS
3845,purchase,2023-01-09 11:04:05,B,iOS
1357,view,2023-01-09 16:10:52,B,Android
1913,click,2023-01-09 00:05:16,A,iOS
8305,click,2023-01-09 21:34:04,B,iOS
6462,click,2023-01-09 12:13:47,A,iOS
3405,registration,2023-01-09 10:37:14,A,iOS
9911,view,2023-01-09 14:30:41,A,iOS
8601,view,2023-01-09 18:31:14,A,iOS
7033,view,2023-01-09 02:08:39,A,iOS
9291,click,2023-01-09 09:34:06,B,iOS
9119,registration,2023-01-09 02:06:05,B,Android
5441,registration,2023-01-09 12:42:45,B,Android
304,purchase,2023-01-09 04:33:21,B,iOS
6310,click,2023-01-09 23:02:57,B,iOS
9465,registration,2023-01-09 21:14:55,B,Android
8194,view,2023-01-09 06:29:54,A,iOS
649,view,2023-01-09 18:37:16,B,iOS
2833,purchase,2023-01-09 19:33:12,B,iOS
83,registration,2023-01-09 10:49:58,B,iOS
5315,view,2023-01-09 02:17:43,B,iOS
5165,view,2023-01-09 06:00:40,A,Android
8204,click,2023-01-09 14:04:10,A,Android
6557,view,2023-01-09 16:03:23,B,Android
2510,click,2023-01-09 01:35:18,B,Android
929,click,2023-01-09 18:41:20,B,Android
4384,view,2023-01-09 05:36:20,A,Android
1031,registration,2023-01-09 14:27:15,A,Android
6495,registration,2023-01-09 11:24:22,A,Android
6143,registration,2023-01-09 05:05:12,A,Android
7104,registration,2023-01-09 11:21:03,B,iOS
198,registration,2023-01-09 20:31:09,B,Android
8532,registration,2023-01-09 02:22:25,B,Android
409,click,2023-01-09 17:50:30,B,Android
2567,view,2023-01-09 07:09:42,B,Android
2150,view,2023-01-09 09:39:25,A,Android
3303,click,2023-01-09 06:24:28,A,Android
3494,click,2023-01-09 14:29:24,A,iOS
4419,view,2023-01-09 16:47:50,A,iOS
9463,view,2023-01-09 10:14:26,A,Android
5330,click,2023-01-09 11:54:20,B,Android
9091,view,2023-01-09 07:07:53,B,iOS
1110,click,2023-01-09 01:49:37,B,iOS
8849,registration,2023-01-09 22:27:21,A,iOS
4355,view,2023-01-09 07:10:56,B,Android
4967,view,2023-01-09 01:07:22,A,Android
4618,click,2023-01-09 03:11:18,B,iOS
4602,click,2023-01-09 22:59:02,B,iOS
2013,click,2023-01-09 16:36:21,B,Android
604,click,2023-01-09 17:18:00,A,Android
6476,click,2023-01-09 04:43:00,A,Android
9775,registration,2023-01-09 12:26:44,A,Android
731,purchase,2023-01-09 12:18:14,A,Android
8631,view,2023-01-09 07:09:59,B,iOS
2628,click,2023-01-09 17:26:34,A,iOS
7463,click,2023-01-09 21:50:50,B,iOS
2814,view,2023-01-09 14:58:13,B,Android
2773,click,2023-01-09 21:16:52,A,iOS
7451,click,2023-01-09 09:50:27,B,iOS
7017,click,2023-01-09 03:51:07,A,iOS
7607,view,2023-01-09 08:09:12,A,Android
8472,click,2023-01-09 20:48:36,A,iOS
5063,purchase,2023-01-09 10:59:50,A,Android
9415,click,2023-01-09 12:51:05,A,iOS
4954,click,2023-01-09 23:15:09,B,Android
2016,purchase,2023-01-09 02:01:12,A,Android
7162,registration,2023-01-09 19:06:54,B,Android
4453,click,2023-01-09 19:59:36,B,iOS
2044,view,2023-01-09 00:37:44,A,Android
886,registration,2023-01-09 18:22:58,B,iOS
9170,registration,2023-01-09 11:56:02,B,iOS
1657,click,2023-01-09 22:23:33,A,iOS
9509,registration,2023-01-09 10:02:48,B,Android
9416,registration,2023-01-09 23:10:45,A,iOS
6517,click,2023-01-09 10:27:49,B,iOS
1676,view,2023-01-09 12:56:25,B,Android
4329,registration,2023-01-09 01:42:05,B,Android
3182,purchase,2023-01-09 14:22:51,A,iOS
894,click,2023-01-09 06:49:44,B,iOS
9616,view,2023-01-09 15:43:38,B,iOS
7600,click,2023-01-09 05:17:12,B,Android
4791,view,2023-01-09 01:01:42,A,iOS
8651,click,2023-01-09 10:35:33,B,Android
4028,click,2023-01-09 02:26:55,A,iOS
5488,view,2023-01-09 19:19:37,B,Android
1488,view,2023-01-09 19:18:09,A,Android
2069,click,2023-01-09 05:57:08,B,iOS
294,click,2023-01-09 08:29:58,B,iOS
4645,view,2023-01-09 18:24:17,A,iOS
6358,view,2023-01-09 17:31:57,B,Android
8844,click,2023-01-09 05:27:55,A,iOS
5817,purchase,2023-01-09 06:51:18,A,iOS
8098,view,2023-01-09 07:21:58,B,Android
6941,view,2023-01-09 17:17:47,A,iOS
3155,view,2023-01-09 10:02:26,B,Android
2887,click,2023-01-09 17:00:30,B,Android
1705,purchase,2023-01-09 22:55:27,A,Android
4967,registration,2023-01-09 11:59:44,A,Android
7682,click,2023-01-09 15:31:45,A,Android
4129,view,2023-01-09 18:14:04,A,iOS
4155,click,2023-01-09 20:24:13,A,Android
2552,click,2023-01-09 23:56:08,A,Android
6570,purchase,2023-01-09 12:50:08,B,Android
9127,click,2023-01-09 10:30:56,B,Android
9373,click,2023-01-09 12:23:03,B,iOS
3784,click,2023-01-09 04:35:17,B,Android
6216,click,2023-01-09 08:03:45,A,iOS
1632,view,2023-01-09 15:59:27,A,Android
6272,view,2023-01-09 09:06:20,B,iOS
1591,registration,2023-01-09 15:12:45,A,Android
5113,view,2023-01-09 04:26:37,A,iOS
4448,click,2023-01-09 06:35:26,A,iOS
7164,click,2023-01-09 04:51:12,A,iOS
3517,view,2023-01-09 04:16:46,B,iOS
6917,view,2023-01-09 08:39:32,A,iOS
7451,click,2023-01-09 11:12:28,B,iOS
4093,registration,2023-01-09 08:31:52,B,iOS
9131,click,2023-01-09 02:53:22,A,Android
7874,purchase,2023-01-09 09:13:39,A,Android
334,purchase,2023-01-09 15:37:48,B,iOS
6433,view,2023-01-09 03:16:06,B,iOS
2317,view,2023-01-09 10:11:54,B,Android
8530,registration,2023-01-09 06:08:41,A,Android
2426,purchase,2023-01-09 12:14:31,A,iOS
9399,click,2023-01-09 18:57:27,B,Android
7618,registration,2023-01-09 18:10:09,A,Android
3145,view,2023-01-09 22:31:04,B,Android
2393,registration,2023-01-09 16:33:19,B,Android
4996,view,2023-01-09 17:26:02,B,iOS
1021,view,2023-01-09 19:50:24,B,iOS
2073,click,2023-01-09 04:46:42,A,iOS
8464,registration,2023-01-09 03:41:46,A,Android
2290,view,2023-01-09 08:11:54,B,Android
9854,registration,2023-01-09 18:16:05,B,iOS
2187,view,2023-01-09 03:49:02,A,Android
466,registration,2023-01-09 23:47:12,A,iOS
5589,purchase,2023-01-09 17:46:13,A,Android
54,view,2023-01-09 09:35:58,A,iOS
6528,click,2023-01-09 00:48:29,B,Android
3710,click,2023-01-09 04:40:20,A,Android
3809,purchase,2023-01-09 05:10:34,A,iOS
7687,view,2023-01-09 21:49:00,A,Android
7149,click,2023-01-09 17:37:24,A,Android
5702,view,2023-01-09 23:37:26,B,Android
3016,registration,2023-01-09 13:08:21,B,Android
5930,view,2023-01-09 20:34:06,A,iOS
5171,view,2023-01-09 21:01:06,A,iOS
6694,registration,2023-01-09 10:36:04,A,iOS
9593,click,2023-01-09 10:17:41,B,iOS
8674,click,2023-01-09 21:09:04,B,Android
8273,registration,2023-01-09 16:25:58,B,Android
1780,view,2023-01-09 13:46:19,B,iOS
9783,view,2023-01-09 06:01:57,A,Android
4244,purchase,2023-01-09 17:09:17,B,iOS
7938,view,2023-01-09 02:26:34,B,Android
993,purchase,2023-01-09 23:01:16,A,Android
5205,click,2023-01-09 16:39:02,A,Android
4198,registration,2023-01-09 00:52:33,A,iOS
8279,registration,2023-01-09 01:34:37,A,iOS
4796,click,2023-01-09 12:06:18,A,Android
2446,purchase,2023-01-09 22:18:54,A,Android
9386,click,2023-01-09 12:30:07,A,iOS
5675,view,2023-01-09 19:11:01,B,iOS
7376,purchase,2023-01-09 15:53:32,B,Android
3125,registration,2023-01-09 12:04:46,A,Android
303,registration,2023-01-09 04:57:13,A,iOS
6554,view,2023-01-09 10:51:54,A,iOS
7537,registration,2023-01-09 05:05:07,B,iOS
3872,click,2023-01-09 20:48:42,B,iOS
1550,registration,2023-01-09 16:36:42,A,Android
2152,registration,2023-01-09 00:47:27,A,Android
8057,click,2023-01-09 11:51:07,B,Android
8993,click,2023-01-09 19:23:29,A,Android
9622,click,2023-01-09 00:58:32,A,Android
799,registration,2023-01-09 11:07:21,A,Android
1181,registration,2023-01-09 10:31:13,B,Android
1931,click,2023-01-09 19:59:11,A,Android
3541,registration,2023-01-09 13:51:33,B,Android
7806,view,2023-01-09 16:00:19,A,iOS
5755,click,2023-01-09 13:03:01,A,iOS
8929,registration,2023-01-09 11:27:39,A,iOS
2716,click,2023-01-09 00:32:05,A,iOS
6454,registration,2023-01-09 15:06:43,B,Android
8334,click,2023-01-09 03:39:09,B,iOS
2259,view,2023-01-09 06:12:19,A,iOS
5432,registration,2023-01-09 06:28:49,B,iOS
3073,click,2023-01-09 09:10:11,A,iOS
5565,registration,2023-01-09 19:27:03,B,iOS
5191,view,2023-01-09 09:08:25,B,Android
6905,registration,2023-01-09 21:32:36,A,iOS
3129,click,2023-01-09 05:23:10,B,iOS
4009,purchase,2023-01-09 21:53:09,A,iOS
1104,view,2023-01-09 03:36:42,A,Android
1893,purchase,2023-01-09 05:33:23,B,iOS
7177,registration,2023-01-09 16:39:30,B,Android
2568,purchase,2023-01-09 13:52:56,B,Android
4580,click,2023-01-09 15:11:05,B,Android
5710,view,2023-01-09 15:02:20,A,Android
3897,view,2023-01-09 12:44:48,A,Android
8799,click,2023-01-09 08:51:23,A,Android
4985,click,2023-01-09 10:09:34,B,Android
9936,click,2023-01-09 05:03:47,B,Android
711,registration,2023-01-09 18:47:48,A,Android
6475,click,2023-01-09 14:56:17,A,iOS
8582,view,2023-01-09 08:50:47,B,Android
771,click,2023-01-09 11:58:54,B,Android
806,purchase,2023-01-09 16:55:57,B,Android
5466,click,2023-01-09 12:32:23,B,Android
6340,click,2023-01-09 16:48:10,A,Android
4203,click,2023-01-09 03:19:24,B,iOS
3559,registration,2023-01-09 21:24:34,A,iOS
837,click,2023-01-09 17:08:21,A,Android
926,registration,2023-01-09 09:24:07,B,iOS
3995,registration,2023-01-09 13:34:30,A,iOS
3570,purchase,2023-01-09 13:17:29,B,Android
9996,registration,2023-01-09 20:59:12,B,Android
1610,click,2023-01-09 15:27:41,A,Android
4861,click,2023-01-09 03:22:48,A,Android
7103,view,2023-01-09 13:43:51,A,Android
2242,click,2023-01-09 03:56:44,B,iOS
2273,view,2023-01-09 08:55:00,B,Android
1434,click,2023-01-09 03:20:58,B,Android
9388,click,2023-01-09 12:26:23,A,Android
3348,registration,2023-01-09 07:15:15,A,iOS
9780,click,2023-01-09 19:43:46,A,iOS
6004,view,2023-01-09 03:19:13,A,iOS
7000,view,2023-01-09 18:35:56,B,Android
6063,registration,2023-01-09 18:39:25,A,Android
8040,click,2023-01-09 23:10:05,A,iOS
4518,purchase,2023-01-09 19:35:44,A,Android
1980,click,2023-01-09 02:41:56,A,Android
5908,view,2023-01-09 09:55:27,A,Android
2699,view,2023-01-09 06:04:43,A,Android
9323,view,2023-01-09 21:29:14,B,iOS
607,view,2023-01-09 10:56:13,A,Android
8629,view,2023-01-09 08:19:29,B,Android
2606,view,2023-01-09 20:35:50,A,Android
1431,view,2023-01-09 21:57:40,A,Android
3506,registration,2023-01-09 08:49:04,A,iOS
7318,view,2023-01-09 21:45:15,B,Android
7715,purchase,2023-01-09 23:34:40,A,Android
9763,view,2023-01-09 23:13:18,B,iOS
8263,click,2023-01-09 13:48:10,B,Android
849,view,2023-01-09 03:39:51,B,iOS
6886,registration,2023-01-09 01:53:31,A,Android
3811,purchase,2023-01-09 03:45:18,B,iOS
6863,click,2023-01-09 20:15:21,A,Android
4925,view,2023-01-09 01:41:16,A,iOS
4667,click,2023-01-09 05:31:50,A,iOS
7677,view,2023-01-09 07:44:57,A,iOS
1893,view,2023-01-09 09:52:20,B,iOS
2306,click,2023-01-09 11:35:26,A,iOS
976,registration,2023-01-09 07:26:37,A,iOS
3830,click,2023-01-09 07:18:18,B,iOS
2983,view,2023-01-09 04:08:07,A,iOS
2417,view,2023-01-09 19:36:21,B,iOS
6241,click,2023-01-09 06:58:20,A,iOS
3218,view,2023-01-09 05:20:01,A,iOS
3340,click,2023-01-09 08:52:05,A,iOS
1634,view,2023-01-09 12:18:08,B,Android
1410,click,2023-01-09 07:01:13,B,Android
8743,view,2023-01-09 09:00:41,A,Android
5271,view,2023-01-09 08:34:55,B,Android
4114,view,2023-01-09 02:33:32,B,Android
5862,click,2023-01-09 11:17:08,A,Android
9718,view,2023-01-09 19:28:43,B,Android
2616,click,2023-01-09 03:11:02,B,Android
315,click,2023-01-09 05:28:37,A,Android
1474,click,2023-01-09 07:45:36,A,Android
131,click,2023-01-09 21:54:46,A,iOS
6939,click,2023-01-09 18:31:46,A,iOS
6192,view,2023-01-09 08:01:40,B,iOS
320,registration,2023-01-09 11:20:59,B,iOS
4212,click,2023-01-09 14:42:23,A,iOS
4760,view,2023-01-09 14:58:49,A,iOS
3679,view,2023-01-09 16:24:29,A,Android
5806,registration,2023-01-09 00:46:03,B,Android
6874,view,2023-01-09 23:31:46,A,Android
2964,click,2023-01-09 10:39:20,A,iOS
5251,click,2023-01-09 05:20:15,A,iOS
7906,click,2023-01-09 20:57:39,B,iOS
8934,registration,2023-01-09 09:56:25,A,Android
3296,click,2023-01-09 08:30:05,B,Android
6481,view,2023-01-09 20:41:18,A,iOS
7350,view,2023-01-09 15:17:07,A,iOS
3943,click,2023-01-09 13:17:41,B,iOS
6126,view,2023-01-09 04:22:43,B,iOS
1862,view,2023-01-09 13:51:39,A,iOS
3920,registration,2023-01-09 22:33:29,B,Android
126,view,2023-01-09 22:34:54,A,Android
1430,click,2023-01-09 04:24:46,B,Android
6619,click,2023-01-09 01:19:07,B,iOS
357,view,2023-01-09 04:11:21,A,Android
3822,view,2023-01-09 12:42:23,A,Android
5577,view,2023-01-09 19:41:48,A,Android
7839,view,2023-01-09 23:40:30,B,iOS
9183,click,2023-01-09 03:17:05,B,Android
1564,click,2023-01-09 12:16:09,B,Android
6517,click,2023-01-09 17:14:19,B,iOS
5737,registration,2023-01-09 19:01:12,B,Android
8493,registration,2023-01-09 09:20:27,B,Android
6057,purchase,2023-01-09 10:28:04,A,Android
7697,view,2023-01-09 22:51:14,B,iOS
3034,view,2023-01-09 18:54:49,A,Android
9994,view,2023-01-09 17:34:07,A,Android
7186,registration,2023-01-09 21:21:28,B,Android
3225,view,2023-01-09 05:00:47,B,iOS
198,click,2023-01-09 18:27:01,B,Android
7976,registration,2023-01-09 02:51:36,A,iOS
2409,click,2023-01-09 12:53:43,B,Android
3808,purchase,2023-01-09 16:59:58,B,Android
5664,view,2023-01-09 14:06:40,A,Android
1658,view,2023-01-09 03:04:39,B,iOS
3627,click,2023-01-09 22:01:06,B,iOS
611,click,2023-01-09 06:07:08,A,Android
8913,click,2023-01-09 06:13:45,B,iOS
5027,registration,2023-01-09 11:12:36,B,Android
4979,click,2023-01-09 18:50:36,A,Android
4746,click,2023-01-09 15:06:03,B,iOS
1734,view,2023-01-09 03:32:47,A,iOS
3185,click,2023-01-09 09:10:39,B,iOS
2094,purchase,2023-01-09 04:59:29,B,iOS
7566,purchase,2023-01-09 23:40:53,B,iOS
2001,click,2023-01-09 01:11:32,B,iOS
5978,click,2023-01-09 22:23:36,B,iOS
6858,purchase,2023-01-09 12:56:12,A,Android
2496,registration,2023-01-09 19:57:15,B,Android
21,click,2023-01-09 10:48:59,A,iOS
2524,click,2023-01-09 12:48:35,A,iOS
6966,click,2023-01-09 13:28:31,A,iOS
7850,view,2023-01-09 13:55:16,A,iOS
4427,click,2023-01-09 14:20:45,A,iOS
4284,purchase,2023-01-09 22:32:21,B,iOS
4355,view,2023-01-09 00:17:08,B,Android
2368,registration,2023-01-09 19:36:41,A,Android
8071,click,2023-01-09 05:54:23,A,Android
9678,view,2023-01-09 09:32:41,B,Android
7827,click,2023-01-09 23:08:50,B,Android
4569,registration,2023-01-09 18:56:34,A,iOS
7386,registration,2023-01-09 17:53:49,B,Android
9822,registration,2023-01-09 12:17:17,B,Android
3285,click,2023-01-09 16:49:37,A,iOS
597,view,2023-01-09 08:00:05,B,iOS
6738,click,2023-01-09 23:38:03,B,iOS
8677,click,2023-01-09 16:24:50,A,Android
7471,registration,2023-01-09 18:51:23,B,iOS
1313,click,2023-01-09 17:02:59,A,iOS
5419,click,2023-01-09 10:48:00,A,Android
9680,click,2023-01-09 08:20:29,A,Android
5592,click,2023-01-09 16:04:25,A,Android
4118,click,2023-01-09 08:53:28,A,iOS
1230,view,2023-01-09 14:21:06,B,iOS
7878,purchase,2023-01-09 07:46:31,B,Android
3722,view,2023-01-09 03:25:06,A,iOS
6140,view,2023-01-09 17:34:30,B,Android
2504,purchase,2023-01-09 08:00:11,B,Android
7532,purchase,2023-01-09 17:28:55,B,Android
3136,click,2023-01-09 21:09:41,B,Android
8088,registration,2023-01-09 18:20:57,A,Android
6070,registration,2023-01-09 07:29:47,A,Android
3606,purchase,2023-01-09 13:45:48,A,Android
3725,click,2023-01-09 13:40:39,A,Android
1037,registration,2023-01-09 10:58:44,A,Android
9639,click,2023-01-09 20:10:00,B,Android
4541,purchase,2023-01-09 15:32:57,B,Android
1382,purchase,2023-01-09 15:49:49,B,iOS
5425,registration,2023-01-09 18:07:57,A,Android
5984,purchase,2023-01-09 18:52:48,A,Android
3932,click,2023-01-09 06:16:58,B,iOS
711,view,2023-01-09 23:02:25,A,Android
6950,click,2023-01-09 19:40:24,B,Android
7533,registration,2023-01-09 06:01:49,B,iOS
7180,view,2023-01-09 08:47:26,B,iOS
6614,registration,2023-01-09 02:06:15,B,Android
6411,click,2023-01-09 13:47:48,B,iOS
6548,registration,2023-01-09 22:17:34,A,iOS
2616,view,2023-01-09 03:39:59,B,Android
937,view,2023-01-09 07:15:26,A,Android
2552,view,2023-01-09 16:08:22,A,Android
2481,view,2023-01-09 00:02:42,B,iOS
1557,view,2023-01-09 21:51:48,B,iOS
7470,click,2023-01-09 17:01:48,B,iOS
3590,view,2023-01-09 01:12:04,B,Android
7206,purchase,2023-01-09 15:04:57,A,Android
3391,registration,2023-01-09 04:20:43,B,Android
8259,click,2023-01-09 03:42:44,A,Android
6039,view,2023-01-09 15:52:32,B,Android
7817,registration,2023-01-09 00:09:15,B,Android
5217,click,2023-01-09 03:37:00,A,iOS
3934,view,2023-01-09 12:54:20,B,Android
9579,click,2023-01-09 23:57:48,B,Android
1245,click,2023-01-09 05:58:29,B,iOS
9871,view,2023-01-09 15:58:24,A,iOS
6091,click,2023-01-09 12:26:51,A,Android
9084,registration,2023-01-09 07:34:55,B,Android
10000,purchase,2023-01-09 12:32:56,A,Android
4705,registration,2023-01-09 12:05:23,A,iOS
106,click,2023-01-09 22:08:59,A,iOS
4806,click,2023-01-09 06:39:43,A,iOS
3353,click,2023-01-09 16:48:19,A,Android
3361,click,2023-01-09 13:31:56,A,iOS
8295,registration,2023-01-09 11:49:04,B,iOS
9826,registration,2023-01-09 21:49:35,A,iOS
8630,click,2023-01-09 11:10:52,A,iOS
5011,click,2023-01-09 17:16:44,A,iOS
2955,click,2023-01-09 15:18:44,B,Android
1037,click,2023-01-09 08:01:39,A,Android
5663,view,2023-01-09 11:02:31,A,Android
7261,purchase,2023-01-09 23:53:16,A,Android
3509,view,2023-01-10 02:47:57,B,Android
6658,click,2023-01-10 17:10:16,A,iOS
8458,registration,2023-01-10 03:18:14,A,Android
59,view,2023-01-10 04:10:07,A,Android
9720,purchase,2023-01-10 10:20:12,A,Android
9632,registration,2023-01-10 14:44:45,B,iOS
7482,view,2023-01-10 19:29:52,B,iOS
6748,view,2023-01-10 09:23:41,A,iOS
6402,click,2023-01-10 07:54:01,A,iOS
9810,registration,2023-01-10 11:38:18,B,iOS
1129,click,2023-01-10 01:05:23,A,Android
5509,click,2023-01-10 12:53:16,A,Android
3196,purchase,2023-01-10 22:48:18,B,iOS
4827,click,2023-01-10 11:40:08,A,iOS
6386,purchase,2023-01-10 18:28:35,A,Android
3995,registration,2023-01-10 15:32:00,A,iOS
9190,view,2023-01-10 01:26:10,B,iOS
3055,view,2023-01-10 23:45:01,A,Android
1436,click,2023-01-10 09:45:26,B,Android
1851,click,2023-01-10 03:34:20,B,Android
8492,view,2023-01-10 20:42:31,A,iOS
847,click,2023-01-10 14:17:38,A,iOS
7469,view,2023-01-10 08:42:51,A,iOS
1678,registration,2023-01-10 20:32:12,A,Android
3355,view,2023-01-10 19:11:11,A,iOS
896,click,2023-01-10 03:41:02,A,Android
2114,registration,2023-01-10 16:03:32,A,iOS
8622,click,2023-01-10 09:05:19,A,iOS
8992,purchase,2023-01-10 21:20:18,B,Android
1979,registration,2023-01-10 13:56:24,B,Android
8590,purchase,2023-01-10 01:01:51,A,iOS
7280,click,2023-01-10 01:50:49,A,iOS
9809,registration,2023-01-10 02:45:13,B,Android
7805,click,2023-01-10 12:35:32,B,iOS
4781,click,2023-01-10 02:15:57,B,Android
7136,click,2023-01-10 21:15:46,A,Android
4119,click,2023-01-10 04:54:55,A,Android
7488,view,2023-01-10 12:17:56,B,Android
556,purchase,2023-01-10 21:58:08,A,iOS
8988,click,2023-01-10 20:52:06,B,Android
4810,purchase,2023-01-10 17:24:37,B,iOS
2531,view,2023-01-10 21:11:32,B,iOS
1833,purchase,2023-01-10 09:19:02,B,Android
3719,registration,2023-01-10 21:34:23,A,Android
8015,registration,2023-01-10 10:13:46,A,iOS
8777,registration,2023-01-10 21:35:09,A,iOS
2244,registration,2023-01-10 07:13:15,A,Android
7791,click,2023-01-10 09:58:28,A,Android
3752,view,2023-01-10 03:38:37,A,Android
5506,registration,2023-01-10 00:42:27,B,Android
6805,registration,2023-01-10 00:58:09,A,Android
8889,view,2023-01-10 01:53:52,B,iOS
3850,click,2023-01-10 09:48:06,A,iOS
2442,click,2023-01-10 07:05:26,B,iOS
7223,click,2023-01-10 10:52:42,A,iOS
4683,click,2023-01-10 00:26:22,B,iOS
3256,view,2023-01-10 11:15:00,B,Android
4747,click,2023-01-10 03:47:23,B,Android
2159,registration,2023-01-10 06:04:32,A,Android
2847,click,2023-01-10 04:03:12,A,iOS
4954,registration,2023-01-10 19:27:58,B,Android
2913,view,2023-01-10 00:47:45,A,Android
9001,click,2023-01-10 21:12:41,A,Android
5312,view,2023-01-10 03:22:17,B,Android
4531,click,2023-01-10 16:24:40,B,Android
5423,purchase,2023-01-10 19:12:48,B,Android
1810,view,2023-01-10 14:25:44,A,Android
4847,registration,2023-01-10 14:37:41,A,iOS
3833,click,2023-01-10 11:28:04,B,Android
2736,click,2023-01-10 03:31:47,B,iOS
2276,click,2023-01-10 03:39:04,B,Android
8374,click,2023-01-10 11:48:42,B,Android
5480,registration,2023-01-10 08:03:47,A,iOS
3704,view,2023-01-10 14:52:05,B,Android
4230,registration,2023-01-10 12:15:09,A,Android
5949,click,2023-01-10 23:15:18,B,iOS
663,registration,2023-01-10 15:48:22,A,Android
6227,view,2023-01-10 22:49:29,B,iOS
53,registration,2023-01-10 13:53:46,A,iOS
5386,click,2023-01-10 08:04:40,A,Android
5808,purchase,2023-01-10 04:36:40,B,Android
1068,registration,2023-01-10 12:29:37,B,Android
8107,registration,2023-01-10 18:09:45,B,iOS
4112,click,2023-01-10 15:12:43,B,Android
7585,registration,2023-01-10 11:14:11,A,iOS
5115,purchase,2023-01-10 23:15:54,B,iOS
7234,registration,2023-01-10 17:45:48,A,iOS
3008,click,2023-01-10 01:13:23,A,iOS
4453,click,2023-01-10 07:16:45,B,iOS
5420,click,2023-01-10 12:31:06,B,iOS
7717,click,2023-01-10 15:48:57,A,Android
3171,click,2023-01-10 18:28:55,B,iOS
1937,click,2023-01-10 22:57:39,B,iOS
5689,view,2023-01-10 22:21:07,B,Android
4485,view,2023-01-10 11:52:39,B,iOS
1242,view,2023-01-10 09:49:39,A,iOS
8779,click,2023-01-10 16:23:41,B,Android
5900,registration,2023-01-10 05:25:59,B,iOS
7663,click,2023-01-10 01:09:59,A,Android
1529,click,2023-01-10 08:17:53,A,Android
9513,registration,2023-01-10 11:16:15,B,iOS
4275,purchase,2023-01-10 01:21:48,B,Android
3340,click,2023-01-10 17:31:43,A,iOS
3135,purchase,2023-01-10 15:21:11,B,iOS
3853,registration,2023-01-10 05:07:07,A,iOS
9398,click,2023-01-10 12:32:39,B,Android
2696,view,2023-01-10 04:45:42,B,iOS
3096,view,2023-01-10 23:04:03,B,iOS
8397,purchase,2023-01-10 13:33:42,B,Android
1257,view,2023-01-10 20:39:40,B,Android
2514,registration,2023-01-10 15:49:41,A,Android
6803,click,2023-01-10 19:34:04,A,iOS
2231,click,2023-01-10 05:15:47,A,Android
6857,click,2023-01-10 05:25:01,A,iOS
4115,purchase,2023-01-10 05:04:17,A,iOS
1730,purchase,2023-01-10 02:17:46,A,iOS
5499,click,2023-01-10 21:47:50,A,iOS
6021,view,2023-01-10 05:33:30,A,Android
4722,registration,2023-01-10 00:19:55,B,Android
647,registration,2023-01-10 13:21:56,B,iOS
6978,registration,2023-01-10 09:31:41,B,Android
6707,purchase,2023-01-10 08:48:26,B,iOS
7800,view,2023-01-10 03:52:59,A,iOS
5075,view,2023-01-10 19:26:36,B,iOS
686,click,2023-01-10 05:36:53,A,iOS
1025,view,2023-01-10 05:58:54,B,iOS
6448,view,2023-01-10 09:18:33,A,iOS
5001,view,2023-01-10 19:44:01,A,iOS
6031,click,2023-01-10 14:28:57,B,iOS
4338,view,2023-01-10 07:59:43,A,Android
4972,registration,2023-01-10 21:59:17,A,iOS
4566,view,2023-01-10 12:31:40,B,Android
8348,click,2023-01-10 14:28:28,B,Android
3329,click,2023-01-10 08:41:48,A,Android
9761,view,2023-01-10 13:55:11,B,Android
4896,view,2023-01-10 23:59:31,B,Android
7336,click,2023-01-10 01:25:44,B,iOS
4455,click,2023-01-10 09:19:35,B,Android
4398,registration,2023-01-10 14:07:31,A,Android
9152,purchase,2023-01-10 06:44:48,A,Android
1920,registration,2023-01-10 11:06:17,B,iOS
6822,view,2023-01-10 06:13:54,A,Android
4024,click,2023-01-10 11:01:45,B,iOS
6711,click,2023-01-10 21:52:03,B,iOS
8133,registration,2023-01-10 05:18:18,B,Android
7927,purchase,2023-01-10 19:08:54,B,iOS
6857,view,2023-01-10 19:34:32,A,iOS
5212,purchase,2023-01-10 14:45:36,B,iOS
4469,view,2023-01-10 10:58:54,A,iOS
4569,click,2023-01-10 00:10:17,A,iOS
9310,view,2023-01-10 16:47:30,A,Android
6210,registration,2023-01-10 16:54:23,B,iOS
5473,view,2023-01-10 04:54:54,B,iOS
7780,click,2023-01-10 16:08:33,A,Android
9034,click,2023-01-10 16:53:23,B,Android
3979,click,2023-01-10 10:58:02,B,Android
6748,click,2023-01-10 06:28:47,A,iOS
9537,click,2023-01-10 00:13:41,B,iOS
367,view,2023-01-10 23:44:32,A,iOS
6815,registration,2023-01-10 09:35:34,A,iOS
2849,click,2023-01-10 22:20:41,B,Android
5988,click,2023-01-10 13:00:23,A,iOS
4555,registration,2023-01-10 19:21:52,A,Android
9346,registration,2023-01-10 10:34:16,A,Android
2816,purchase,2023-01-10 07:59:54,A,iOS
1514,registration,2023-01-10 15:18:40,A,iOS
1911,registration,2023-01-10 21:31:58,B,iOS
6998,click,2023-01-10 18:02:01,B,Android
3376,view,2023-01-10 18:54:06,A,Android
1036,click,2023-01-10 13:20:21,A,iOS
1806,click,2023-01-10 10:41:43,B,Android
9582,click,2023-01-10 06:27:47,B,iOS
2431,view,2023-01-10 04:28:57,A,iOS
6989,view,2023-01-10 02:39:30,A,iOS
3476,view,2023-01-10 19:07:08,A,Android
6279,registration,2023-01-10 15:53:19,B,iOS
5926,view,2023-01-10 04:41:53,B,iOS
402,view,2023-01-10 20:30:02,A,Android
5645,registration,2023-01-10 04:10:01,A,iOS
2597,click,2023-01-10 03:52:37,B,Android
2715,registration,2023-01-10 21:57:32,B,Android
2258,view,2023-01-10 15:22:28,B,iOS
858,view,2023-01-10 00:16:09,B,iOS
4628,view,2023-01-10 01:23:49,A,Android
2735,purchase,2023-01-10 00:45:36,B,iOS
8596,click,2023-01-10 20:24:50,A,iOS
2301,view,2023-01-10 18:31:17,A,Android
5083,view,2023-01-10 04:07:31,A,iOS
191,click,2023-01-10 03:32:18,A,Android
5024,click,2023-01-10 14:17:57,B,iOS
1574,registration,2023-01-10 14:35:01,B,Android
488,click,2023-01-10 07:04:59,A,iOS
9864,click,2023-01-10 14:16:15,B,Android
8150,registration,2023-01-10 01:19:12,A,iOS
3497,click,2023-01-10 12:56:30,B,iOS
2136,registration,2023-01-10 17:37:44,B,Android
5520,view,2023-01-10 00:11:11,B,iOS
7379,click,2023-01-10 22:50:36,B,Android
5932,view,2023-01-10 12:43:52,B,Android
5757,view,2023-01-10 19:04:20,A,Android
605,view,2023-01-10 23:42:25,A,Android
7889,view,2023-01-10 15:57:00,A,Android
3429,click,2023-01-10 22:54:34,A,Android
1113,click,2023-01-10 03:57:50,B,Android
9731,view,2023-01-10 06:08:36,B,iOS
9311,registration,2023-01-10 17:48:29,A,Android
4931,registration,2023-01-10 20:23:01,B,iOS
2658,registration,2023-01-10 07:10:08,B,iOS
476,view,2023-01-10 11:29:39,B,Android
7205,click,2023-01-10 17:06:24,B,Android
430,click,2023-01-10 13:26:07,A,Android
6902,click,2023-01-10 00:48:17,B,iOS
6248,view,2023-01-10 16:25:56,A,Android
590,click,2023-01-10 19:39:15,B,Android
8343,click,2023-01-10 02:28:04,A,iOS
6454,click,2023-01-10 13:13:04,B,Android
2100,click,2023-01-10 04:32:02,A,iOS
8067,click,2023-01-10 12:46:00,A,iOS
376,view,2023-01-10 15:23:04,B,Android
3241,click,2023-01-10 01:00:37,B,iOS
1825,view,2023-01-10 02:02:17,A,Android
937,click,2023-01-10 02:49:08,A,Android
8271,registration,2023-01-10 21:50:49,A,Android
5098,click,2023-01-10 20:12:19,A,Android
6945,view,2023-01-10 11:42:24,B,iOS
7987,view,2023-01-10 00:01:42,B,Android
1515,click,2023-01-10 04:14:05,A,iOS
1039,click,2023-01-10 19:21:36,A,Android
1511,click,2023-01-10 11:23:09,A,iOS
4591,registration,2023-01-10 14:25:20,A,Android
9447,registration,2023-01-10 00:28:49,B,Android
6931,view,2023-01-10 02:09:50,B,Android
924,click,2023-01-10 03:30:45,A,iOS
6496,purchase,2023-01-10 16:40:25,B,iOS
1308,view,2023-01-10 18:08:00,A,Android
7673,registration,2023-01-10 06:31:13,B,Android
5030,registration,2023-01-10 19:50:53,B,Android
3935,click,2023-01-10 03:25:33,B,Android
8988,registration,2023-01-10 04:50:54,B,Android
8052,click,2023-01-10 19:00:01,A,iOS
5221,registration,2023-01-10 00:07:07,B,iOS
7343,registration,2023-01-10 17:37:32,A,Android
6036,view,2023-01-10 20:24:14,B,iOS
5602,registration,2023-01-10 08:08:55,A,iOS
967,click,2023-01-10 02:53:18,A,Android
5197,registration,2023-01-10 07:46:49,A,iOS
1004,click,2023-01-10 08:24:22,A,Android
6487,click,2023-01-10 09:35:59,B,iOS
5779,view,2023-01-10 03:05:17,B,Android
4949,click,2023-01-10 02:56:30,B,iOS
7475,view,2023-01-10 12:10:57,B,iOS
502,click,2023-01-10 01:21:04,A,Android
7174,registration,2023-01-10 12:50:22,A,Android
4787,click,2023-01-10 20:50:35,A,Android
1109,registration,2023-01-10 17:33:20,B,Android
2327,click,2023-01-10 06:38:59,A,iOS
1562,purchase,2023-01-10 02:45:34,A,iOS
4488,registration,2023-01-10 03:22:17,B,iOS
1902,registration,2023-01-10 14:33:18,B,iOS
3411,view,2023-01-10 21:29:13,A,Android
5601,registration,2023-01-10 10:11:03,A,iOS
5586,click,2023-01-10 12:16:13,A,Android
4442,click,2023-01-10 06:20:19,A,iOS
7019,registration,2023-01-10 08:46:53,A,iOS
8081,view,2023-01-10 07:55:42,A,Android
9306,view,2023-01-10 19:11:05,B,iOS
8871,view,2023-01-10 04:15:07,B,Android
5408,click,2023-01-10 17:52:02,A,Android
3556,purchase,2023-01-10 16:42:04,A,iOS
3670,view,2023-01-10 02:32:12,B,Android
1210,purchase,2023-01-10 01:21:06,B,Android
4344,view,2023-01-10 12:16:52,B,Android
8007,click,2023-01-10 02:24:56,A,Android
9728,registration,2023-01-10 00:17:47,B,Android
5473,click,2023-01-10 10:49:25,B,iOS
5636,view,2023-01-10 16:45:18,A,iOS
8229,view,2023-01-10 23:31:43,B,Android
1780,click,2023-01-10 16:19:23,B,iOS
7853,view,2023-01-10 06:01:22,A,iOS
2302,registration,2023-01-10 00:05:18,A,iOS
2904,view,2023-01-10 05:09:39,B,Android
1989,click,2023-01-10 20:10:03,A,iOS
50,view,2023-01-10 09:16:26,A,Android
1691,registration,2023-01-10 09:16:09,B,Android
6807,click,2023-01-10 05:59:50,A,Android
6355,registration,2023-01-10 20:53:02,B,Android
6175,click,2023-01-10 20:14:51,A,Android
3696,click,2023-01-10 08:31:04,B,Android
1973,registration,2023-01-10 02:57:40,A,iOS
4014,registration,2023-01-10 20:25:32,B,iOS
8805,registration,2023-01-10 09:46:30,A,iOS
6895,registration,2023-01-10 09:27:00,B,Android
6230,click,2023-01-10 00:33:47,A,iOS
6913,view,2023-01-10 01:36:35,A,iOS
4931,view,2023-01-10 15:04:07,B,iOS
8518,registration,2023-01-10 19:52:56,A,Android
1518,view,2023-01-10 13:36:58,B,iOS
1889,click,2023-01-10 10:34:00,B,iOS
2905,registration,2023-01-10 23:11:56,B,iOS
9925,registration,2023-01-10 20:27:24,B,iOS
8062,view,2023-01-10 13:43:11,A,Android
6986,view,2023-01-10 10:12:20,A,iOS
3664,click,2023-01-10 17:15:06,B,iOS
1719,click,2023-01-10 05:10:22,A,iOS
4228,purchase,2023-01-10 04:49:54,B,iOS
1824,click,2023-01-10 16:07:44,A,iOS
8683,click,2023-01-10 06:05:52,A,iOS
8010,registration,2023-01-10 14:13:33,B,Android
8265,view,2023-01-10 20:41:20,A,iOS
5407,purchase,2023-01-10 04:59:31,B,Android
6350,view,2023-01-10 14:59:48,B,Android
992,view,2023-01-10 07:49:50,B,Android
4081,view,2023-01-10 13:54:00,B,iOS
8819,purchase,2023-01-10 19:54:25,A,Android
6118,purchase,2023-01-10 15:11:21,B,Android
7402,purchase,2023-01-10 19:59:53,B,iOS
7479,view,2023-01-10 19:28:31,A,Android
2389,purchase,2023-01-10 10:42:58,B,Android
9205,click,2023-01-10 22:31:42,B,Android
5359,view,2023-01-10 18:07:41,B,iOS
622,click,2023-01-10 08:09:37,B,iOS
431,view,2023-01-10 12:02:32,B,Android
8958,registration,2023-01-10 13:49:12,B,iOS
3131,click,2023-01-10 02:01:58,A,iOS
9153,view,2023-01-10 21:53:58,B,Android
807,registration,2023-01-10 10:33:58,B,iOS
3599,click,2023-01-10 09:27:35,A,iOS
9792,registration,2023-01-10 23:14:36,A,Android
9262,click,2023-01-10 07:15:33,B,iOS
7889,registration,2023-01-10 19:19:14,A,Android
3171,view,2023-01-10 13:00:50,B,iOS
6401,click,2023-01-10 09:54:14,B,Android
9210,click,2023-01-10 07:07:28,B,Android
5394,click,2023-01-10 15:53:40,A,iOS
9447,view,2023-01-10 13:28:10,B,Android
9925,registration,2023-01-10 22:01:23,B,iOS
8952,click,2023-01-10 17:40:21,A,Android
8701,click,2023-01-10 08:49:43,B,Android
7209,click,2023-01-10 17:35:19,B,iOS
4128,click,2023-01-10 09:53:58,A,iOS
2724,registration,2023-01-10 09:39:08,A,iOS
4404,click,2023-01-10 17:43:42,B,Android
6300,view,2023-01-10 05:29:10,A,iOS
167,registration,2023-01-10 21:51:44,A,iOS
1746,registration,2023-01-10 05:47:58,A,Android
1443,click,2023-01-10 01:50:27,A,Android
668,view,2023-01-10 05:28:00,A,Android
368,click,2023-01-10 23:37:16,B,Android
5032,click,2023-01-10 10:01:31,A,Android
7043,view,2023-01-10 07:30:37,B,Android
6034,click,2023-01-10 01:02:23,B,iOS
7787,purchase,2023-01-10 07:22:04,A,Android
4434,click,2023-01-10 06:00:12,A,Android
7056,purchase,2023-01-10 09:49:39,B,Android
6411,registration,2023-01-10 07:07:40,B,iOS
8640,click,2023-01-10 19:24:06,B,iOS
2461,click,2023-01-10 11:26:33,A,iOS
5475,click,2023-01-10 23:36:39,A,Android
5722,view,2023-01-10 22:13:04,B,Android
9859,view,2023-01-10 14:50:26,A,Android
5239,click,2023-01-10 01:35:41,B,iOS
9106,click,2023-01-10 03:56:00,A,iOS
4888,click,2023-01-10 23:52:04,A,Android
4513,purchase,2023-01-10 13:51:06,B,Android
2910,registration,2023-01-10 22:59:05,A,Android
7638,click,2023-01-10 02:09:56,A,iOS
6715,click,2023-01-10 22:04:59,B,iOS
2904,click,2023-01-10 04:16:21,B,Android
649,click,2023-01-10 11:28:49,B,iOS
2676,purchase,2023-01-10 03:30:33,B,Android
2912,view,2023-01-10 13:01:15,A,Android
6929,click,2023-01-10 22:31:46,B,iOS
3605,click,2023-01-10 04:27:55,B,iOS
8848,click,2023-01-10 02:52:24,B,iOS
8552,purchase,2023-01-10 16:15:04,B,Android
3849,view,2023-01-10 04:04:38,B,iOS
4984,click,2023-01-10 14:01:39,A,Android
9105,click,2023-01-10 21:25:46,A,Android
3130,view,2023-01-10 16:25:01,A,iOS
7396,registration,2023-01-10 20:38:01,A,iOS
7953,click,2023-01-10 16:33:44,A,iOS
4605,registration,2023-01-10 17:33:08,A,iOS
1569,view,2023-01-10 02:48:52,B,Android
3389,view,2023-01-10 04:15:09,A,iOS
3323,click,2023-01-10 00:37:01,B,iOS
5196,view,2023-01-10 15:17:04,A,iOS
8888,purchase,2023-01-10 12:49:15,B,Android
4961,view,2023-01-10 22:26:54,A,Android
6574,click,2023-01-10 04:14:54,A,Android
4321,click,2023-01-10 14:06:46,B,Android
682,click,2023-01-10 02:59:49,B,iOS
2075,registration,2023-01-10 02:46:00,A,Android
9495,view,2023-01-10 04:45:10,B,iOS
9752,click,2023-01-10 18:41:55,B,iOS
9411,click,2023-01-10 07:20:28,B,iOS
2611,purchase,2023-01-10 14:47:46,B,Android
7240,view,2023-01-10 05:49:18,B,Android
7399,view,2023-01-10 06:08:28,A,iOS
2756,view,2023-01-10 00:47:21,A,iOS
9575,purchase,2023-01-10 02:02:54,B,iOS
1468,view,2023-01-10 04:56:50,B,Android
6917,view,2023-01-10 10:53:02,A,iOS
8833,view,2023-01-10 19:34:48,B,iOS
2205,view,2023-01-10 06:08:02,A,iOS
670,click,2023-01-10 09:19:37,A,iOS
5289,purchase,2023-01-10 12:25:04,A,Android
4388,click,2023-01-10 03:56:06,B,Android
7241,registration,2023-01-10 14:52:44,A,iOS
3332,click,2023-01-10 06:18:35,A,iOS
6939,click,2023-01-10 04:11:05,A,iOS
769,purchase,2023-01-10 13:54:57,A,iOS
9117,purchase,2023-01-10 09:31:09,B,Android
1404,click,2023-01-10 19:08:49,A,Android
9870,click,2023-01-10 14:01:31,B,iOS
2814,registration,2023-01-10 20:42:40,B,Android
7640,purchase,2023-01-10 08:59:32,B,iOS
2660,click,2023-01-10 14:26:08,B,iOS
2300,click,2023-01-10 15:17:15,A,Android
6746,click,2023-01-10 14:48:02,A,Android
2588,click,2023-01-10 01:57:59,B,Android
3956,registration,2023-01-10 17:44:15,A,iOS
710,purchase,2023-01-10 11:48:25,A,iOS
1350,purchase,2023-01-10 03:28:49,A,Android
582,click,2023-01-10 12:10:18,A,iOS
7337,view,2023-01-10 20:45:41,A,iOS
6503,view,2023-01-10 10:08:09,A,iOS
9368,view,2023-01-10 03:46:37,B,Android
8108,view,2023-01-10 10:10:07,A,Android
5769,view,2023-01-10 00:10:27,A,Android
2197,registration,2023-01-10 15:32:56,A,Android
1834,click,2023-01-10 09:08:11,B,iOS
8149,click,2023-01-10 17:33:29,A,Android
9525,click,2023-01-10 19:32:30,B,iOS
1497,click,2023-01-10 16:25:37,A,iOS
6978,view,2023-01-10 20:05:57,B,Android
6723,click,2023-01-10 03:02:54,B,iOS
371,click,2023-01-10 02:56:58,B,iOS
7037,click,2023-01-10 23:03:45,B,Android
7614,click,2023-01-10 07:48:47,B,Android
2984,view,2023-01-10 19:29:35,B,iOS
6282,registration,2023-01-10 14:37:37,B,iOS
6778,click,2023-01-10 23:35:02,B,iOS
8919,view,2023-01-10 12:45:56,A,Android
2425,registration,2023-01-10 14:03:11,B,iOS
9280,purchase,2023-01-10 04:17:31,A,iOS
6103,click,2023-01-10 22:16:09,A,iOS
8385,registration,2023-01-10 11:32:05,A,Android
2262,view,2023-01-10 07:02:52,B,iOS
9149,purchase,2023-01-10 04:30:33,A,Android
3261,registration,2023-01-10 23:21:17,A,iOS
1073,click,2023-01-10 09:00:12,A,Android
6416,purchase,2023-01-10 05:26:34,B,iOS
5141,view,2023-01-10 10:49:02,A,Android
8255,purchase,2023-01-10 20:03:36,A,iOS
9917,view,2023-01-10 01:10:05,B,iOS
6517,click,2023-01-10 08:52:58,B,iOS
8946,click,2023-01-10 08:05:47,A,Android
6618,view,2023-01-10 00:49:11,A,iOS
9703,view,2023-01-10 14:06:55,B,Android
904,view,2023-01-10 02:21:47,A,Android
2510,view,2023-01-10 09:12:22,B,Android
3930,click,2023-01-10 12:49:38,B,iOS
215,click,2023-01-10 00:33:36,B,Android
1252,view,2023-01-10 05:29:02,A,iOS
4555,view,2023-01-10 07:33:52,A,Android
3829,click,2023-01-10 23:29:01,A,Android
4980,click,2023-01-10 01:18:54,B,iOS
3757,view,2023-01-10 18:31:28,A,Android
8743,click,2023-01-10 14:04:18,A,Android
9780,click,2023-01-10 17:34:29,A,iOS
3000,click,2023-01-10 06:36:57,A,iOS
3578,registration,2023-01-10 23:13:17,B,Android
3192,view,2023-01-10 15:00:55,B,iOS
5040,click,2023-01-10 04:11:27,A,iOS
4336,click,2023-01-10 03:19:57,A,Android
6148,view,2023-01-10 21:11:15,A,iOS
7799,registration,2023-01-10 16:51:45,A,iOS
1996,view,2023-01-10 05:18:55,A,Android
4689,registration,2023-01-10 05:04:24,B,iOS
4337,click,2023-01-10 23:09:15,B,iOS
7783,click,2023-01-10 09:41:30,B,Android
5173,click,2023-01-10 12:06:06,A,iOS
5916,click,2023-01-10 12:46:14,A,Android
784,click,2023-01-10 16:29:47,B,iOS
5391,registration,2023-01-10 20:31:22,B,iOS
6666,click,2023-01-10 08:55:35,A,Android
3265,click,2023-01-10 23:56:58,A,iOS
9188,registration,2023-01-10 21:28:58,A,Android
5517,registration,2023-01-10 19:32:41,B,Android
4212,registration,2023-01-10 23:51:39,A,iOS
9671,click,2023-01-10 10:22:41,B,Android
9124,registration,2023-01-10 23:47:57,A,Android
1710,click,2023-01-10 03:11:15,B,iOS
199,view,2023-01-10 01:21:24,A,iOS
579,purchase,2023-01-10 10:58:47,B,Android
3418,view,2023-01-10 13:47:57,A,iOS
5723,registration,2023-01-10 22:52:19,B,Android
858,click,2023-01-10 06:23:34,B,iOS
1159,click,2023-01-10 01:20:12,A,iOS
6586,click,2023-01-10 16:17:56,A,iOS
6246,click,2023-01-10 14:51:43,A,iOS
5535,registration,2023-01-10 17:00:38,A,iOS
5051,click,2023-01-10 06:56:56,A,Android
8992,click,2023-01-10 23:49:48,B,Android
7657,click,2023-01-10 08:37:20,B,Android
6439,registration,2023-01-10 10:54:39,A,iOS
8718,registration,2023-01-10 14:18:10,B,iOS
2355,registration,2023-01-10 00:31:51,B,iOS
2378,registration,2023-01-10 04:19:25,A,Android
3928,click,2023-01-10 04:14:23,A,iOS
5059,registration,2023-01-10 16:52:27,A,Android
8333,click,2023-01-10 13:21:36,B,Android
4443,click,2023-01-10 04:26:31,A,Android
3380,click,2023-01-10 09:31:14,A,Android
1322,click,2023-01-10 21:28:39,B,Android
1993,view,2023-01-10 21:10:47,A,iOS
5663,click,2023-01-10 18:48:35,A,Android
4246,click,2023-01-10 08:13:02,B,iOS
2559,view,2023-01-10 19:27:11,B,iOS
6626,click,2023-01-10 03:26:05,A,Android
5045,registration,2023-01-10 07:14:39,B,iOS
8520,registration,2023-01-10 01:50:47,A,iOS
7643,view,2023-01-10 03:12:17,A,iOS
9119,view,2023-01-10 13:05:09,B,Android
4211,purchase,2023-01-10 10:05:13,A,iOS
762,purchase,2023-01-10 08:45:41,B,Android
6258,view,2023-01-10 12:41:41,B,Android
3788,registration,2023-01-10 10:35:28,B,Android
377,view,2023-01-10 19:39:43,A,Android
1893,registration,2023-01-10 09:12:54,B,iOS
9657,click,2023-01-10 02:49:40,B,iOS
711,registration,2023-01-10 06:42:23,A,Android
2371,click,2023-01-10 01:33:07,A,Android
3630,registration,2023-01-10 08:17:38,A,Android
6800,registration,2023-01-10 02:46:34,B,Android
9293,click,2023-01-10 20:02:44,B,iOS
5103,purchase,2023-01-10 02:25:12,B,iOS
3393,registration,2023-01-10 11:32:27,A,iOS
418,click,2023-01-10 07:13:04,A,Android
260,click,2023-01-10 05:43:48,B,iOS
8827,purchase,2023-01-10 09:02:48,A,Android
6168,registration,2023-01-10 13:17:48,B,Android
3665,click,2023-01-10 07:25:05,B,Android
2037,view,2023-01-10 05:19:52,B,iOS
7613,view,2023-01-10 12:13:24,A,Android
8844,view,2023-01-10 18:37:02,A,iOS
1871,view,2023-01-10 14:16:40,B,Android
2834,click,2023-01-10 11:55:49,A,iOS
2183,click,2023-01-10 15:22:12,B,Android
3264,registration,2023-01-10 18:33:34,A,iOS
9099,click,2023-01-10 20:33:00,A,iOS
5594,click,2023-01-10 05:58:24,B,Android
8095,registration,2023-01-10 04:56:29,A,iOS
2365,view,2023-01-10 11:07:28,B,iOS
4791,view,2023-01-10 05:08:26,A,iOS
8116,registration,2023-01-10 16:45:28,B,iOS
7999,registration,2023-01-10 17:25:22,A,iOS
8426,view,2023-01-10 19:51:56,A,Android
3383,purchase,2023-01-10 15:04:48,B,Android
7792,click,2023-01-10 04:33:18,A,Android
9707,view,2023-01-10 20:45:07,A,iOS
2259,view,2023-01-10 00:30:59,A,iOS
9245,registration,2023-01-10 06:13:58,A,Android
1677,click,2023-01-10 05:15:46,B,Android
9124,view,2023-01-10 06:58:08,A,Android
3160,click,2023-01-10 09:59:22,B,Android
3786,click,2023-01-10 11:27:03,A,iOS
9626,registration,2023-01-10 11:43:42,B,iOS
3055,click,2023-01-10 11:26:37,A,Android
1958,click,2023-01-10 05:45:50,B,iOS
9292,click,2023-01-10 06:58:50,B,iOS
7316,view,2023-01-10 18:04:12,B,Android
656,view,2023-01-10 10:20:15,B,Android
739,registration,2023-01-10 10:52:42,A,Android
5369,click,2023-01-10 10:25:00,B,iOS
1824,view,2023-01-10 00:52:47,A,iOS
4583,view,2023-01-10 00:36:43,A,Android
5428,view,2023-01-10 02:53:41,B,iOS
334,view,2023-01-10 08:46:19,B,iOS
16,click,2023-01-10 03:48:40,A,iOS
1314,view,2023-01-10 16:35:56,B,iOS
3555,view,2023-01-10 15:44:28,B,Android
4046,click,2023-01-10 22:31:35,B,iOS
1454,view,2023-01-10 13:37:11,A,Android
4404,click,2023-01-10 10:28:07,B,Android
9827,click,2023-01-10 00:27:13,A,iOS
8684,click,2023-01-10 18:46:20,B,iOS
177,registration,2023-01-10 02:00:11,A,iOS
9417,registration,2023-01-10 06:40:03,B,iOS
4311,purchase,2023-01-10 01:32:32,B,Android
8693,click,2023-01-10 10:55:11,A,iOS
2580,view,2023-01-10 15:10:46,B,Android
2211,click,2023-01-10 16:41:24,A,Android
938,view,2023-01-10 15:02:55,B,Android
9856,registration,2023-01-10 06:28:22,B,iOS
6987,registration,2023-01-10 12:47:12,A,iOS
5096,purchase,2023-01-10 05:58:08,A,iOS
9861,click,2023-01-10 07:45:29,B,Android
3369,click,2023-01-10 11:09:35,B,iOS
9834,view,2023-01-10 03:04:34,B,Android
6044,click,2023-01-10 17:54:48,A,Android
3795,registration,2023-01-10 11:06:29,A,Android
6296,registration,2023-01-10 10:50:33,A,iOS
8121,click,2023-01-10 20:24:49,A,Android
3804,view,2023-01-10 01:23:51,B,Android
398,click,2023-01-10 12:20:31,B,Android
4716,view,2023-01-10 15:56:49,A,iOS
9140,click,2023-01-10 06:51:56,B,iOS
1583,click,2023-01-10 05:11:58,A,Android
3753,click,2023-01-10 05:56:13,A,Android
9217,click,2023-01-10 08:29:34,A,Android
8390,purchase,2023-01-10 08:24:14,B,Android
7322,view,2023-01-10 11:19:51,B,Android
5085,click,2023-01-10 05:32:48,B,iOS
4878,view,2023-01-10 13:45:53,A,Android
7584,view,2023-01-10 13:07:35,A,iOS
3304,click,2023-01-10 18:36:54,B,Android
9487,registration,2023-01-10 23:50:48,B,iOS
8447,click,2023-01-10 21:02:59,B,iOS
5715,view,2023-01-10 20:48:20,A,Android
5136,registration,2023-01-10 23:10:38,B,iOS
7395,registration,2023-01-10 22:49:27,A,Android
8196,view,2023-01-10 08:10:42,B,Android
1729,registration,2023-01-10 23:32:01,A,Android
4118,click,2023-01-10 08:09:35,A,iOS
7805,registration,2023-01-10 12:26:37,B,iOS
7676,registration,2023-01-10 23:33:01,B,Android
3345,click,2023-01-10 20:49:20,B,Android
4907,click,2023-01-10 15:41:14,B,Android
8334,view,2023-01-10 15:59:22,B,iOS
7664,click,2023-01-10 20:43:15,A,Android
4028,click,2023-01-10 11:43:03,A,iOS
2225,click,2023-01-10 16:00:11,A,Android
3209,view,2023-01-10 15:53:29,B,Android
8809,click,2023-01-10 11:50:50,A,Android
8660,view,2023-01-10 21:34:36,B,iOS
2740,click,2023-01-10 09:14:19,B,iOS
8910,view,2023-01-10 17:13:46,B,iOS
8719,click,2023-01-10 10:00:59,A,Android
6797,registration,2023-01-10 10:39:35,B,Android
874,click,2023-01-10 19:26:19,A,Android
8197,purchase,2023-01-10 22:16:00,B,iOS
6389,click,2023-01-10 00:31:01,B,iOS
8915,view,2023-01-10 03:20:30,A,iOS
3311,click,2023-01-10 08:58:28,B,Android
7622,view,2023-01-10 23:00:21,B,Android
8346,click,2023-01-10 08:16:38,A,Android
2542,view,2023-01-10 22:01:44,A,Android
4431,view,2023-01-10 15:51:13,A,Android
6767,click,2023-01-10 03:04:22,B,iOS
284,registration,2023-01-10 10:23:17,B,Android
744,view,2023-01-10 04:04:00,A,Android
4170,view,2023-01-10 04:09:00,A,iOS
7080,view,2023-01-10 07:00:17,B,Android
6351,registration,2023-01-10 23:17:02,B,iOS
7591,purchase,2023-01-10 03:50:00,A,iOS
6365,view,2023-01-10 21:33:35,B,iOS
3622,registration,2023-01-10 05:22:09,A,Android
5411,click,2023-01-10 23:54:06,B,Android
5448,click,2023-01-10 23:24:46,B,iOS
2689,registration,2023-01-10 16:03:30,A,iOS
2833,click,2023-01-10 14:37:35,B,iOS
7185,click,2023-01-10 03:05:50,A,Android
4606,click,2023-01-10 07:41:46,A,Android
7693,click,2023-01-10 12:58:30,B,Android
829,click,2023-01-10 04:13:54,A,iOS
8244,click,2023-01-10 11:03:48,B,iOS
6292,click,2023-01-10 12:01:03,A,Android
1710,view,2023-01-10 20:47:48,B,iOS
8568,registration,2023-01-10 02:44:34,A,iOS
2640,click,2023-01-10 15:35:47,B,iOS
9955,view,2023-01-10 13:12:10,B,iOS
277,click,2023-01-10 00:32:36,B,iOS
3700,click,2023-01-10 04:57:24,A,iOS
6481,registration,2023-01-10 15:17:14,A,iOS
2655,view,2023-01-10 08:25:15,A,Android
9544,click,2023-01-10 08:03:36,B,iOS
3539,registration,2023-01-10 22:49:05,A,Android
7106,purchase,2023-01-10 01:20:51,A,Android
3715,purchase,2023-01-10 16:48:51,B,Android
8524,view,2023-01-10 05:39:19,A,iOS
214,registration,2023-01-10 12:36:56,A,Android
7076,click,2023-01-10 19:54:09,B,Android
7319,view,2023-01-10 19:59:52,B,iOS
9011,registration,2023-01-10 15:28:36,B,iOS
8202,purchase,2023-01-10 00:10:49,B,Android
4126,view,2023-01-10 23:13:05,B,Android
5008,click,2023-01-10 05:19:32,B,Android
7411,view,2023-01-10 13:22:24,A,Android
1743,view,2023-01-10 19:22:01,A,iOS
3342,view,2023-01-10 14:09:15,B,iOS
6425,click,2023-01-10 04:54:25,B,iOS
1570,click,2023-01-10 01:36:48,B,Android
8687,purchase,2023-01-10 18:30:56,B,Android
7302,click,2023-01-10 23:00:19,A,iOS
3941,click,2023-01-10 13:54:10,B,Android
5926,purchase,2023-01-10 17:41:20,B,iOS
3836,click,2023-01-10 04:07:49,B,iOS
4094,view,2023-01-10 17:08:31,A,Android
7373,registration,2023-01-10 15:15:07,A,iOS
4265,view,2023-01-10 04:43:52,A,iOS
8601,click,2023-01-10 14:49:46,A,iOS
6518,purchase,2023-01-10 20:29:42,B,Android
6283,registration,2023-01-10 04:28:39,B,iOS
9444,click,2023-01-10 12:06:26,A,Android
8106,click,2023-01-10 19:35:19,A,iOS
6869,purchase,2023-01-10 20:10:29,B,Android
4930,click,2023-01-11 21:17:17,A,Android
3568,purchase,2023-01-11 04:43:51,A,iOS
5819,click,2023-01-11 10:11:24,A,iOS
1257,view,2023-01-11 04:42:37,B,Android
4430,click,2023-01-11 07:43:27,B,Android
5516,registration,2023-01-11 02:12:14,B,Android
6838,view,2023-01-11 10:35:28,A,iOS
4256,click,2023-01-11 16:17:02,B,Android
5219,view,2023-01-11 03:40:52,A,iOS
6517,click,2023-01-11 19:53:22,B,iOS
4272,registration,2023-01-11 16:56:40,B,iOS
6200,click,2023-01-11 19:39:24,A,Android
6232,view,2023-01-11 22:06:54,A,iOS
179,registration,2023-01-11 10:01:46,B,iOS
2153,view,2023-01-11 04:16:28,B,iOS
8057,purchase,2023-01-11 11:23:35,B,Android
2308,click,2023-01-11 05:54:21,A,iOS
9464,registration,2023-01-11 20:30:09,A,iOS
6558,view,2023-01-11 02:53:57,B,Android
4966,click,2023-01-11 18:25:03,A,iOS
6391,click,2023-01-11 08:38:52,B,Android
204,view,2023-01-11 03:21:55,B,Android
6917,click,2023-01-11 16:04:17,A,iOS
735,registration,2023-01-11 05:21:53,A,Android
7656,view,2023-01-11 03:02:39,B,iOS
2450,registration,2023-01-11 18:33:56,A,Android
9361,click,2023-01-11 01:55:22,B,Android
5882,registration,2023-01-11 13:17:33,A,Android
3976,click,2023-01-11 00:19:15,A,iOS
5255,registration,2023-01-11 00:55:39,B,Android
3759,click,2023-01-11 18:18:36,A,iOS
4007,click,2023-01-11 16:05:44,B,iOS
4025,view,2023-01-11 03:35:02,A,Android
5409,purchase,2023-01-11 05:39:56,A,iOS
4283,registration,2023-01-11 14:08:42,A,iOS
3921,registration,2023-01-11 20:05:25,A,iOS
2089,view,2023-01-11 07:53:39,B,iOS
1956,registration,2023-01-11 14:30:29,B,Android
8865,click,2023-01-11 12:42:12,A,iOS
7867,click,2023-01-11 10:16:04,A,Android
4339,view,2023-01-11 01:34:43,B,Android
7661,click,2023-01-11 09:32:38,A,iOS
9897,click,2023-01-11 20:58:39,B,iOS
9178,registration,2023-01-11 06:17:10,B,Android
3769,view,2023-01-11 17:45:57,B,iOS
3223,click,2023-01-11 13:09:48,A,Android
9246,view,2023-01-11 02:57:17,A,Android
8309,registration,2023-01-11 09:12:01,B,iOS
4423,click,2023-01-11 18:54:09,A,iOS
2936,registration,2023-01-11 07:42:31,A,iOS
2647,view,2023-01-11 00:57:40,A,iOS
1761,click,2023-01-11 17:27:03,A,iOS
4286,purchase,2023-01-11 16:21:06,A,iOS
7709,click,2023-01-11 01:39:06,B,Android
5236,purchase,2023-01-11 11:21:53,B,iOS
8959,click,2023-01-11 19:51:03,A,Android
8576,purchase,2023-01-11 05:10:47,A,iOS
3108,click,2023-01-11 19:40:26,A,iOS
5614,click,2023-01-11 03:39:06,A,Android
1117,click,2023-01-11 21:22:52,A,Android
2183,view,2023-01-11 09:54:04,B,Android
6525,click,2023-01-11 22:56:56,A,Android
9747,click,2023-01-11 16:12:02,A,iOS
114,click,2023-01-11 22:42:57,B,iOS
2108,click,2023-01-11 19:56:23,B,iOS
3458,registration,2023-01-11 11:50:03,A,Android
1120,click,2023-01-11 20:04:56,B,iOS
3225,purchase,2023-01-11 21:34:23,B,iOS
9196,click,2023-01-11 17:39:29,A,Android
6026,click,2023-01-11 20:00:47,B,Android
8005,view,2023-01-11 08:25:46,A,Android
3201,click,2023-01-11 19:35:39,B,Android
3186,view,2023-01-11 09:07:20,B,Android
8483,view,2023-01-11 07:11:29,A,iOS
3145,click,2023-01-11 22:15:39,B,Android
9082,purchase,2023-01-11 18:35:58,A,Android
7024,view,2023-01-11 14:55:53,A,Android
7920,view,2023-01-11 13:43:42,B,Android
3865,view,2023-01-11 05:19:47,A,iOS
1452,click,2023-01-11 21:43:26,A,Android
1,registration,2023-01-11 21:09:16,B,Android
9203,view,2023-01-11 15:05:06,A,Android
9326,view,2023-01-11 20:05:02,B,Android
7279,registration,2023-01-11 19:32:57,A,iOS
7344,registration,2023-01-11 19:33:50,B,Android
5874,registration,2023-01-11 10:20:02,A,iOS
6427,purchase,2023-01-11 14:08:45,A,Android
1736,registration,2023-01-11 06:36:32,B,iOS
7248,click,2023-01-11 10:11:35,A,Android
4598,click,2023-01-11 05:22:40,A,iOS
5373,view,2023-01-11 01:09:20,A,Android
5595,registration,2023-01-11 13:10:58,A,Android
5545,click,2023-01-11 15:51:19,B,iOS
3132,view,2023-01-11 03:43:36,B,Android
8204,click,2023-01-11 09:35:17,A,Android
6312,view,2023-01-11 23:34:43,A,Android
7584,click,2023-01-11 11:50:11,A,iOS
7349,click,2023-01-11 05:04:05,B,iOS
6440,registration,2023-01-11 21:59:15,A,Android
2026,purchase,2023-01-11 14:02:56,A,Android
3486,purchase,2023-01-11 01:48:52,A,iOS
8426,click,2023-01-11 01:31:58,A,Android
2611,click,2023-01-11 15:02:00,B,Android
535,view,2023-01-11 14:20:29,B,Android
1418,click,2023-01-11 19:03:08,B,iOS
9127,click,2023-01-11 11:56:34,B,Android
7190,view,2023-01-11 12:14:17,B,Android
4134,registration,2023-01-11 21:41:24,B,iOS
9617,registration,2023-01-11 09:41:29,B,Android
7604,click,2023-01-11 17:05:54,B,iOS
884,click,2023-01-11 16:01:51,B,iOS
9534,view,2023-01-11 09:03:02,A,iOS
3181,purchase,2023-01-11 11:34:04,B,iOS
1206,click,2023-01-11 10:17:48,A,iOS
5269,view,2023-01-11 01:23:03,B,Android
8999,click,2023-01-11 10:37:40,A,Android
9145,registration,2023-01-11 22:41:53,B,iOS
9007,purchase,2023-01-11 23:36:59,B,iOS
6660,purchase,2023-01-11 16:36:35,A,Android
1326,click,2023-01-11 21:43:58,A,Android
2107,registration,2023-01-11 17:41:15,A,Android
7648,registration,2023-01-11 03:17:58,A,Android
9203,registration,2023-01-11 00:24:47,A,Android
619,click,2023-01-11 12:55:37,A,iOS
1549,purchase,2023-01-11 03:27:05,A,Android
20,click,2023-01-11 02:42:17,B,Android
8587,registration,2023-01-11 09:16:48,A,Android
220,registration,2023-01-11 22:18:11,A,Android
2576,click,2023-01-11 08:03:33,A,iOS
1085,view,2023-01-11 19:52:42,A,iOS
9706,click,2023-01-11 21:18:20,A,Android
4021,click,2023-01-11 10:20:52,B,Android
3377,click,2023-01-11 13:57:50,B,iOS
8728,click,2023-01-11 07:20:02,A,Android
2772,click,2023-01-11 20:02:39,B,Android
2900,view,2023-01-11 12:27:21,A,Android
3905,purchase,2023-01-11 02:09:23,B,iOS
4183,click,2023-01-11 14:23:34,B,Android
2426,registration,2023-01-11 14:51:36,A,iOS
4442,purchase,2023-01-11 08:42:37,A,iOS
3772,click,2023-01-11 09:17:02,B,Android
659,click,2023-01-11 13:07:13,A,Android
7245,click,2023-01-11 21:14:19,A,Android
7276,registration,2023-01-11 02:08:21,A,iOS
582,registration,2023-01-11 16:40:13,A,iOS
8991,click,2023-01-11 12:02:52,B,Android
3151,click,2023-01-11 20:37:26,A,Android
6317,click,2023-01-11 10:32:53,A,iOS
7340,view,2023-01-11 02:32:00,B,Android
1492,view,2023-01-11 06:01:15,A,iOS
43,purchase,2023-01-11 10:35:15,A,iOS
703,view,2023-01-11 00:56:05,A,Android
3387,view,2023-01-11 16:40:56,A,iOS
9652,click,2023-01-11 05:45:09,B,iOS
8061,registration,2023-01-11 00:42:44,A,iOS
2017,click,2023-01-11 20:23:41,A,Android
9111,view,2023-01-11 04:17:19,B,iOS
3129,click,2023-01-11 17:06:56,B,iOS
1144,click,2023-01-11 17:16:29,A,iOS
6489,click,2023-01-11 15:27:53,B,iOS
6667,view,2023-01-11 21:43:37,A,iOS
5180,click,2023-01-11 11:21:57,B,Android
1808,purchase,2023-01-11 00:41:54,B,iOS
2419,view,2023-01-11 17:53:06,B,Android
6555,view,2023-01-11 05:03:37,B,iOS
7366,purchase,2023-01-11 08:18:55,B,Android
6853,click,2023-01-11 14:37:03,A,Android
6497,click,2023-01-11 08:26:47,B,iOS
8311,view,2023-01-11 07:38:24,B,iOS
7073,click,2023-01-11 00:27:56,A,iOS
5395,view,2023-01-11 02:07:10,B,iOS
451,click,2023-01-11 02:41:06,B,Android
7830,click,2023-01-11 07:25:23,B,iOS
7322,click,2023-01-11 07:03:57,B,Android
1994,registration,2023-01-11 00:14:58,A,Android
4921,purchase,2023-01-11 17:32:57,A,Android
80,registration,2023-01-11 00:05:47,B,Android
6619,click,2023-01-11 06:10:10,B,iOS
8900,registration,2023-01-11 23:26:41,B,Android
8226,purchase,2023-01-11 00:58:30,B,iOS
4337,click,2023-01-11 04:27:03,B,iOS
9068,click,2023-01-11 18:44:39,A,Android
3279,view,2023-01-11 12:23:49,A,iOS
6668,click,2023-01-11 23:16:38,A,iOS
551,registration,2023-01-11 06:02:16,B,Android
4198,click,2023-01-11 00:08:33,A,iOS
699,registration,2023-01-11 14:18:11,A,Android
8955,click,2023-01-11 20:37:01,B,iOS
3697,purchase,2023-01-11 20:38:04,A,iOS
5136,click,2023-01-11 08:33:29,B,iOS
6282,registration,2023-01-11 00:44:58,B,iOS
6270,click,2023-01-11 02:23:46,B,iOS
6948,view,2023-01-11 12:54:00,B,iOS
2436,registration,2023-01-11 19:53:10,A,Android
2965,view,2023-01-11 09:36:37,A,Android
1684,view,2023-01-11 03:05:53,B,iOS
4154,click,2023-01-11 02:08:27,B,Android
4863,click,2023-01-11 04:47:53,B,iOS
5674,registration,2023-01-11 12:30:34,A,Android
1602,click,2023-01-11 17:23:42,A,Android
4761,purchase,2023-01-11 02:37:25,A,Android
7736,view,2023-01-11 00:17:48,A,iOS
7163,registration,2023-01-11 05:07:44,A,iOS
5156,view,2023-01-11 23:45:56,B,Android
1282,click,2023-01-11 16:12:11,A,Android
1914,view,2023-01-11 16:01:27,A,iOS
7332,click,2023-01-11 00:46:29,B,iOS
1829,registration,2023-01-11 17:02:52,B,iOS
5117,purchase,2023-01-11 13:56:19,A,iOS
5397,registration,2023-01-11 06:37:43,A,Android
5723,view,2023-01-11 12:59:44,B,Android
7667,registration,2023-01-11 02:26:23,B,iOS
5844,view,2023-01-11 03:05:36,A,iOS
695,click,2023-01-11 18:54:35,B,Android
9695,view,2023-01-11 10:16:10,A,iOS
8720,click,2023-01-11 02:44:37,B,Android
9459,click,2023-01-11 04:45:58,A,iOS
575,view,2023-01-11 06:19:30,B,iOS
2024,view,2023-01-11 02:51:28,A,Android
318,view,2023-01-11 23:17:33,A,Android
6602,view,2023-01-11 21:09:44,A,Android
9977,view,2023-01-11 23:27:01,B,iOS
3818,click,2023-01-11 05:27:41,A,iOS
2113,view,2023-01-11 03:33:07,B,iOS
2487,click,2023-01-11 02:54:34,B,iOS
2826,click,2023-01-11 19:46:07,A,iOS
7829,purchase,2023-01-11 18:03:54,B,iOS
7748,view,2023-01-11 08:27:23,A,Android
4422,registration,2023-01-11 01:03:31,B,Android
4717,click,2023-01-11 13:51:46,B,Android
273,registration,2023-01-11 17:46:48,A,Android
3003,click,2023-01-11 22:22:50,A,Android
6712,click,2023-01-11 17:53:19,B,Android
4904,click,2023-01-11 19:09:42,B,iOS
2478,registration,2023-01-11 16:51:36,B,Android
8843,click,2023-01-11 02:57:38,B,Android
5102,click,2023-01-11 23:05:47,A,Android
6417,view,2023-01-11 05:58:41,A,iOS
4074,view,2023-01-11 23:45:35,A,iOS
1205,registration,2023-01-11 00:34:16,B,Android
4922,registration,2023-01-11 04:00:16,B,Android
9166,view,2023-01-11 03:18:09,B,iOS
830,view,2023-01-11 07:48:10,B,iOS
4707,view,2023-01-11 06:24:50,A,Android
3671,purchase,2023-01-11 02:23:13,A,Android
3139,view,2023-01-11 01:40:40,A,iOS
1150,purchase,2023-01-11 15:03:46,A,Android
1278,purchase,2023-01-11 22:52:22,A,iOS
5452,click,2023-01-11 14:24:17,B,Android
1424,click,2023-01-11 07:55:28,A,iOS
896,registration,2023-01-11 15:07:39,A,Android
2643,click,2023-01-11 09:13:08,A,iOS
3676,click,2023-01-11 15:11:25,B,iOS
3680,click,2023-01-11 03:02:58,A,Android
2260,click,2023-01-11 11:10:29,A,iOS
678,purchase,2023-01-11 01:28:51,A,Android
4048,purchase,2023-01-11 17:58:27,A,iOS
9680,click,2023-01-11 19:01:53,A,Android
568,view,2023-01-11 20:03:07,A,Android
6216,click,2023-01-11 10:45:55,A,iOS
1508,purchase,2023-01-11 23:29:21,B,Android
882,view,2023-01-11 19:33:27,B,Android
1989,click,2023-01-11 17:49:29,A,iOS
5879,click,2023-01-11 10:38:43,A,iOS
9379,click,2023-01-11 14:43:28,A,iOS
2103,view,2023-01-11 12:48:12,B,Android
6353,click,2023-01-11 09:42:25,B,iOS
3882,view,2023-01-11 08:59:11,B,iOS
155,view,2023-01-11 09:43:48,B,Android
8328,view,2023-01-11 05:08:23,B,iOS
9361,click,2023-01-11 12:27:49,B,Android
99,click,2023-01-11 11:49:35,B,Android
3757,purchase,2023-01-11 00:34:35,A,Android
5642,registration,2023-01-11 17:39:20,B,Android
8107,click,2023-01-11 04:09:20,B,iOS
5115,view,2023-01-11 21:45:13,B,iOS
1719,view,2023-01-11 09:21:45,A,iOS
367,click,2023-01-11 20:35:10,A,iOS
4613,purchase,2023-01-11 00:47:34,B,iOS
8100,purchase,2023-01-11 09:51:22,B,Android
4262,registration,2023-01-11 18:44:16,B,Android
2014,view,2023-01-11 04:10:59,B,iOS
339,view,2023-01-11 01:47:33,A,iOS
709,click,2023-01-11 19:00:48,A,Android
9472,click,2023-01-11 17:59:36,B,iOS
93,click,2023-01-11 19:20:15,A,iOS
3694,registration,2023-01-11 00:10:09,B,Android
9786,purchase,2023-01-11 02:12:10,A,Android
6166,purchase,2023-01-11 12:22:35,B,iOS
6464,view,2023-01-11 18:29:39,B,Android
1281,click,2023-01-11 12:57:50,B,iOS
4057,click,2023-01-11 01:54:14,A,Android
5594,view,2023-01-11 18:32:56,B,Android
4512,view,2023-01-11 01:07:16,A,Android
1736,click,2023-01-11 03:26:03,B,iOS
1739,view,2023-01-11 16:49:55,A,Android
8873,view,2023-01-11 11:29:20,B,iOS
8356,click,2023-01-11 02:28:42,A,iOS
9245,registration,2023-01-11 05:49:05,A,Android
3200,click,2023-01-11 02:26:24,B,Android
2803,view,2023-01-11 23:21:33,A,iOS
3743,click,2023-01-11 02:00:28,A,Android
723,click,2023-01-11 03:45:24,B,iOS
3298,click,2023-01-11 12:54:09,A,iOS
2695,registration,2023-01-11 06:21:40,B,iOS
4488,view,2023-01-11 13:38:27,B,iOS
4725,view,2023-01-11 06:14:57,A,iOS
7412,click,2023-01-11 06:15:17,B,iOS
6444,purchase,2023-01-11 19:57:47,A,Android
1355,click,2023-01-11 08:59:14,A,Android
1413,view,2023-01-11 08:35:36,A,iOS
3941,click,2023-01-11 13:02:50,B,Android
8325,view,2023-01-11 05:26:35,B,Android
4083,view,2023-01-11 19:06:48,A,Android
3774,purchase,2023-01-11 12:19:07,B,Android
4592,click,2023-01-11 07:42:54,A,Android
2491,view,2023-01-11 10:29:34,A,iOS
3498,view,2023-01-11 13:01:42,B,iOS
8921,registration,2023-01-11 21:50:14,A,Android
9258,click,2023-01-11 04:17:33,B,iOS
7284,click,2023-01-11 19:18:57,B,Android
3331,click,2023-01-11 22:15:06,A,Android
6503,click,2023-01-11 01:56:47,A,iOS
2835,click,2023-01-11 13:25:48,B,Android
74,click,2023-01-11 19:42:58,A,Android
2748,click,2023-01-11 01:15:43,B,iOS
8809,purchase,2023-01-11 05:13:51,A,Android
1231,view,2023-01-11 06:44:47,A,iOS
6337,purchase,2023-01-11 05:43:36,B,iOS
6841,click,2023-01-11 22:51:53,A,Android
1000,registration,2023-01-11 14:26:23,B,Android
9250,view,2023-01-11 10:59:01,B,Android
6392,registration,2023-01-11 20:23:02,B,Android
1503,click,2023-01-11 16:30:18,A,iOS
6988,view,2023-01-11 21:51:15,B,iOS
727,click,2023-01-11 15:31:57,A,Android
3015,purchase,2023-01-11 02:59:55,A,iOS
6234,view,2023-01-11 13:54:51,B,Android
1821,view,2023-01-11 10:01:34,B,Android
8465,view,2023-01-11 01:59:47,A,iOS
4584,registration,2023-01-11 07:57:51,B,iOS
6939,click,2023-01-11 05:54:58,A,iOS
1145,registration,2023-01-11 18:11:41,A,Android
8189,registration,2023-01-11 11:07:12,B,iOS
7615,click,2023-01-11 11:37:22,B,Android
8402,registration,2023-01-11 06:28:21,B,iOS
6302,registration,2023-01-11 16:30:50,A,iOS
101,view,2023-01-11 03:10:11,A,Android
1001,click,2023-01-11 12:54:57,B,iOS
3791,view,2023-01-11 20:45:28,B,Android
779,view,2023-01-11 23:58:24,A,iOS
3267,click,2023-01-11 07:51:05,B,Android
2794,click,2023-01-11 16:17:15,A,Android
1564,click,2023-01-11 01:26:53,B,Android
2105,view,2023-01-11 03:43:14,B,Android
3338,click,2023-01-11 13:45:33,A,iOS
7604,view,2023-01-11 08:24:14,B,iOS
1474,click,2023-01-11 23:56:22,A,Android
3832,click,2023-01-11 12:24:02,A,Android
2368,view,2023-01-11 02:25:14,A,Android
1095,click,2023-01-11 19:46:05,B,Android
6271,click,2023-01-11 19:59:55,B,iOS
6126,click,2023-01-11 10:48:37,B,iOS
7714,view,2023-01-11 19:07:10,A,Android
2853,click,2023-01-11 02:30:57,A,iOS
6673,purchase,2023-01-11 00:06:53,A,iOS
4179,click,2023-01-11 02:07:28,A,iOS
3184,view,2023-01-11 02:18:17,B,Android
2694,click,2023-01-11 19:05:40,B,Android
3214,registration,2023-01-11 11:17:26,B,iOS
4509,registration,2023-01-11 21:10:11,A,iOS
3864,view,2023-01-11 12:39:43,B,iOS
3374,click,2023-01-11 06:12:33,B,iOS
3731,view,2023-01-11 04:40:41,A,Android
6535,registration,2023-01-11 08:30:58,B,iOS
2664,purchase,2023-01-11 00:36:18,A,Android
1534,view,2023-01-11 16:58:15,A,Android
814,click,2023-01-11 03:27:41,A,iOS
7052,view,2023-01-11 12:09:55,B,Android
5195,view,2023-01-11 00:06:24,A,iOS
7832,click,2023-01-11 07:35:07,B,iOS
362,click,2023-01-11 01:51:29,A,Android
2901,view,2023-01-11 02:42:17,A,Android
3242,click,2023-01-11 01:45:39,B,Android
738,purchase,2023-01-11 00:18:39,A,Android
1199,view,2023-01-11 07:57:47,B,iOS
7372,click,2023-01-11 23:19:38,B,iOS
8572,click,2023-01-11 00:13:18,A,iOS
9920,registration,2023-01-11 12:58:52,B,Android
9277,registration,2023-01-11 23:03:34,B,Android
1007,purchase,2023-01-11 07:53:09,A,iOS
9301,registration,2023-01-11 22:46:10,A,iOS
6710,purchase,2023-01-11 10:33:03,A,Android
9801,registration,2023-01-11 02:34:11,B,Android
4440,click,2023-01-11 14:09:53,A,Android
245,click,2023-01-11 19:54:54,B,iOS
2654,click,2023-01-11 08:46:14,B,iOS
9592,click,2023-01-11 05:52:56,A,Android
3874,click,2023-01-11 14:12:36,A,Android
6204,view,2023-01-11 22:52:15,B,iOS
4084,click,2023-01-11 23:11:40,B,iOS
7599,click,2023-01-11 01:37:30,A,Android
9,click,2023-01-11 15:04:31,A,iOS
2189,view,2023-01-11 10:34:31,B,iOS
766,view,2023-01-11 03:58:21,A,iOS
9744,click,2023-01-11 07:01:25,A,Android
5093,view,2023-01-11 20:58:24,A,Android
930,purchase,2023-01-11 05:08:30,A,Android
2945,click,2023-01-11 20:45:13,A,Android
8028,view,2023-01-11 04:19:29,B,iOS
6129,registration,2023-01-11 16:19:25,B,iOS
7701,registration,2023-01-11 20:43:55,B,iOS
3865,registration,2023-01-11 20:34:00,A,iOS
7122,click,2023-01-11 19:39:52,B,Android
6123,click,2023-01-11 09:00:32,A,Android
1702,click,2023-01-11 10:06:56,A,iOS
1571,registration,2023-01-11 14:49:09,B,Android
8965,view,2023-01-11 05:13:00,A,Android
5944,registration,2023-01-11 05:15:58,A,Android
8434,purchase,2023-01-11 23:33:41,A,iOS
2245,click,2023-01-11 22:41:00,A,Android
3305,click,2023-01-11 20:31:56,A,Android
9404,view,2023-01-11 16:11:15,A,Android
7333,purchase,2023-01-11 01:20:18,A,Android
883,view,2023-01-11 11:16:40,A,iOS
8508,view,2023-01-11 08:14:46,A,iOS
5986,view,2023-01-11 23:55:55,A,Android
2651,purchase,2023-01-11 00:42:49,A,iOS
5616,view,2023-01-11 11:41:44,A,Android
7957,view,2023-01-11 09:29:15,B,Android
1779,click,2023-01-11 08:28:43,B,Android
7634,view,2023-01-11 23:49:01,A,Android
5768,view,2023-01-11 14:21:53,B,iOS
137,click,2023-01-11 08:23:21,A,Android
8937,view,2023-01-11 13:04:30,A,Android
5620,click,2023-01-11 11:36:05,B,iOS
886,view,2023-01-11 18:01:29,B,iOS
3245,click,2023-01-11 00:56:27,B,Android
2536,click,2023-01-11 20:15:32,A,Android
4672,click,2023-01-11 18:15:19,B,Android
2835,click,2023-01-11 04:14:35,B,Android
8422,view,2023-01-11 19:10:14,B,Android
3614,view,2023-01-11 15:06:10,B,iOS
6521,view,2023-01-11 19:44:58,A,iOS
5688,registration,2023-01-11 23:40:49,A,iOS
1029,purchase,2023-01-11 10:35:22,B,iOS
1989,view,2023-01-11 13:37:45,A,iOS
8940,purchase,2023-01-11 19:58:47,A,Android
9892,view,2023-01-11 20:25:22,B,Android
2712,view,2023-01-11 15:15:03,B,Android
47,purchase,2023-01-11 11:42:57,A,iOS
2621,click,2023-01-11 16:08:58,B,Android
3122,purchase,2023-01-11 00:09:21,A,Android
8111,registration,2023-01-11 12:55:18,A,iOS
5898,view,2023-01-11 23:08:26,B,iOS
5044,view,2023-01-11 18:28:04,B,Android
3635,registration,2023-01-11 08:59:57,A,iOS
2365,click,2023-01-11 14:44:56,B,iOS
3614,click,2023-01-11 12:18:53,B,iOS
6292,click,2023-01-11 18:19:40,A,Android
5598,view,2023-01-11 18:59:30,A,iOS
6735,purchase,2023-01-11 01:12:03,B,Android
2652,view,2023-01-11 12:57:20,A,iOS
457,click,2023-01-11 10:59:46,A,Android
6751,registration,2023-01-11 04:56:52,B,iOS
1590,view,2023-01-11 17:00:38,A,iOS
5245,registration,2023-01-11 22:13:53,B,Android
9815,registration,2023-01-11 09:35:54,B,iOS
9578,purchase,2023-01-11 09:09:16,B,Android
4544,click,2023-01-11 01:18:00,B,iOS
3739,registration,2023-01-11 10:26:45,A,iOS
81,click,2023-01-11 20:19:43,A,iOS
995,click,2023-01-11 19:38:20,B,iOS
1091,click,2023-01-11 06:35:29,B,Android
2887,click,2023-01-11 11:43:17,B,Android
2943,view,2023-01-11 01:33:15,B,Android
3240,click,2023-01-11 18:33:35,A,Android
1458,view,2023-01-11 18:02:41,B,iOS
9640,click,2023-01-11 03:00:32,A,Android
8990,view,2023-01-11 21:44:19,A,Android
333,view,2023-01-11 12:22:27,A,iOS
3890,registration,2023-01-11 16:41:18,A,Android
1460,click,2023-01-11 16:40:31,B,Android
419,registration,2023-01-11 22:02:20,B,Android
6847,view,2023-01-11 16:12:40,B,Android
6052,view,2023-01-11 05:41:41,A,iOS
4731,view,2023-01-11 18:39:09,A,Android
7416,view,2023-01-11 07:58:23,B,iOS
3547,registration,2023-01-11 01:44:00,A,iOS
1065,view,2023-01-11 23:28:29,B,Android
1956,view,2023-01-11 14:42:39,B,Android
4576,registration,2023-01-11 11:20:24,B,iOS
280,view,2023-01-11 02:22:40,B,iOS
7424,view,2023-01-11 14:10:42,B,iOS
559,view,2023-01-11 13:54:54,B,iOS
6660,click,2023-01-11 23:47:59,A,Android
6746,view,2023-01-11 08:17:40,A,Android
3184,click,2023-01-11 18:29:49,B,Android
4701,click,2023-01-11 05:24:03,B,iOS
7052,registration,2023-01-11 18:10:44,B,Android
8798,view,2023-01-11 14:27:29,A,iOS
1968,purchase,2023-01-11 15:26:14,A,iOS
2827,view,2023-01-11 01:46:03,B,Android
3635,registration,2023-01-11 13:15:46,A,iOS
7987,registration,2023-01-11 23:08:02,B,Android
1950,click,2023-01-11 21:24:52,A,iOS
2144,purchase,2023-01-11 21:44:23,A,iOS
3558,click,2023-01-11 12:09:38,B,iOS
4127,click,2023-01-11 15:31:10,B,Android
5261,registration,2023-01-11 06:02:24,B,Android
5751,click,2023-01-11 05:55:25,A,iOS
292,view,2023-01-11 10:38:52,B,iOS
7820,click,2023-01-11 04:45:25,B,Android
1265,registration,2023-01-11 07:28:35,A,iOS
3753,click,2023-01-11 20:04:06,A,Android
8591,click,2023-01-11 18:21:07,A,Android
227,click,2023-01-11 05:43:50,B,Android
190,click,2023-01-11 19:05:27,A,iOS
7326,click,2023-01-11 13:53:15,B,iOS
2505,view,2023-01-11 11:38:36,A,Android
4593,view,2023-01-11 23:12:45,A,iOS
8870,view,2023-01-11 23:50:12,A,Android
743,click,2023-01-11 01:15:34,A,iOS
4286,registration,2023-01-11 06:30:37,A,iOS
1288,purchase,2023-01-11 13:45:33,B,Android
7109,view,2023-01-11 13:03:28,A,Android
1105,view,2023-01-11 09:19:26,B,Android
67,purchase,2023-01-11 07:59:08,B,Android
7694,registration,2023-01-11 00:09:06,B,iOS
2315,click,2023-01-11 22:45:15,B,Android
8804,registration,2023-01-11 05:34:19,A,iOS
1897,click,2023-01-11 01:22:12,B,iOS
9342,view,2023-01-11 09:31:07,A,Android
1425,click,2023-01-11 12:12:23,A,Android
2944,registration,2023-01-11 01:27:53,B,iOS
5154,click,2023-01-11 11:09:09,B,Android
7467,click,2023-01-11 09:04:31,B,iOS
9239,view,2023-01-11 20:52:29,A,Android
8809,click,2023-01-11 15:27:23,A,Android
2949,registration,2023-01-11 15:54:11,B,iOS
9396,view,2023-01-11 07:03:52,B,iOS
6324,view,2023-01-11 10:05:15,A,Android
8900,purchase,2023-01-11 16:32:47,B,Android
7923,view,2023-01-11 06:04:43,A,iOS
1717,purchase,2023-01-11 16:30:41,A,iOS
310,view,2023-01-11 13:00:02,A,iOS
9941,view,2023-01-11 13:49:06,A,iOS
9449,click,2023-01-11 20:46:58,A,iOS
4641,click,2023-01-11 20:37:33,B,iOS
8611,registration,2023-01-11 22:52:31,A,iOS
4668,view,2023-01-11 18:34:01,B,iOS
820,click,2023-01-11 08:50:47,A,Android
5249,view,2023-01-11 04:51:52,B,iOS
2436,view,2023-01-11 04:59:24,A,Android
2189,purchase,2023-01-11 11:11:34,B,iOS
5621,click,2023-01-11 20:10:09,A,iOS
8573,click,2023-01-11 19:36:31,A,iOS
6722,view,2023-01-11 07:45:27,B,iOS
9622,click,2023-01-11 19:09:58,A,Android
2614,registration,2023-01-11 18:39:33,B,iOS
6599,view,2023-01-11 23:30:17,B,iOS
5244,click,2023-01-11 19:42:54,A,iOS
9210,click,2023-01-11 07:10:22,B,Android
4732,view,2023-01-11 05:44:48,B,iOS
8820,registration,2023-01-11 20:28:54,B,iOS
8406,purchase,2023-01-11 17:10:38,B,iOS
8659,registration,2023-01-11 20:40:43,B,Android
935,purchase,2023-01-11 18:28:50,A,Android
9833,click,2023-01-11 01:58:14,B,Android
44,click,2023-01-11 19:09:16,B,Android
4889,view,2023-01-11 18:02:45,B,iOS
8611,click,2023-01-11 03:23:23,A,iOS
5218,view,2023-01-11 00:29:16,B,Android
672,click,2023-01-11 06:57:07,A,iOS
2520,click,2023-01-11 11:43:10,B,Android
144,registration,2023-01-11 23:29:32,A,iOS
9097,purchase,2023-01-11 00:49:05,B,Android
9798,view,2023-01-11 12:26:06,B,iOS
342,purchase,2023-01-11 16:51:00,B,Android
6204,click,2023-01-11 04:39:40,B,iOS
1207,click,2023-01-11 21:19:27,A,Android
6197,view,2023-01-11 07:05:46,A,iOS
9952,view,2023-01-11 18:09:41,B,Android
4783,click,2023-01-11 13:43:19,A,iOS
5646,registration,2023-01-11 22:52:10,A,iOS
8553,view,2023-01-11 18:05:13,B,iOS
7390,click,2023-01-11 14:49:50,A,iOS
3161,registration,2023-01-11 13:44:26,B,Android
5608,registration,2023-01-11 03:43:32,A,iOS
8873,click,2023-01-11 06:50:18,B,iOS
5533,click,2023-01-11 05:01:42,B,iOS
6877,registration,2023-01-11 06:27:49,A,Android
9298,view,2023-01-11 04:36:14,B,Android
3253,click,2023-01-11 17:22:43,A,Android
8344,click,2023-01-11 06:35:23,A,Android
434,click,2023-01-11 04:31:18,A,Android
1807,view,2023-01-11 03:57:40,A,iOS
398,click,2023-01-11 08:43:46,B,Android
5195,click,2023-01-11 08:28:42,A,iOS
516,purchase,2023-01-11 12:03:50,B,iOS
832,click,2023-01-11 19:38:19,A,iOS
1638,click,2023-01-11 06:48:15,B,iOS
2314,view,2023-01-11 03:25:11,B,Android
4308,purchase,2023-01-11 23:00:13,A,Android
1178,registration,2023-01-11 03:53:59,A,Android
7172,click,2023-01-11 23:57:01,B,iOS
2542,click,2023-01-11 02:40:23,A,Android
9720,registration,2023-01-11 18:42:00,A,Android
6659,click,2023-01-11 16:21:38,B,iOS
5561,view,2023-01-11 11:08:10,A,iOS
1060,click,2023-01-11 20:33:40,A,iOS
6003,click,2023-01-11 01:37:00,B,iOS
7721,registration,2023-01-11 10:59:42,A,iOS
2399,click,2023-01-11 13:50:12,A,Android
6996,view,2023-01-11 11:40:53,B,iOS
2555,view,2023-01-11 10:29:59,A,iOS
8472,click,2023-01-11 07:44:33,A,iOS
1637,registration,2023-01-11 16:37:45,A,Android
3633,view,2023-01-11 14:45:57,B,iOS
9323,view,2023-01-11 15:51:47,B,iOS
4852,registration,2023-01-11 17:56:07,A,Android
8588,click,2023-01-11 08:29:06,B,iOS
6089,registration,2023-01-11 05:31:50,A,Android
271,click,2023-01-11 14:00:59,B,Android
5017,registration,2023-01-11 01:29:24,A,iOS
1855,registration,2023-01-11 18:26:42,A,iOS
3482,view,2023-01-11 15:44:10,B,iOS
9233,purchase,2023-01-11 08:18:20,A,iOS
3637,click,2023-01-11 22:39:38,B,Android
3069,click,2023-01-11 22:59:39,A,iOS
7638,view,2023-01-11 02:39:05,A,iOS
9412,click,2023-01-11 10:00:00,A,Android
3836,click,2023-01-11 13:46:50,B,iOS
1300,view,2023-01-11 11:28:55,B,iOS
659,view,2023-01-11 07:19:15,A,Android
7123,registration,2023-01-11 09:43:10,B,iOS
1069,click,2023-01-11 07:47:27,A,Android
692,click,2023-01-11 03:05:35,B,iOS
3981,view,2023-01-11 12:15:47,B,iOS
5667,click,2023-01-11 18:45:02,A,Android
4766,click,2023-01-11 13:58:57,B,iOS
4988,view,2023-01-11 22:14:18,B,Android
488,view,2023-01-11 05:50:30,A,iOS
9047,purchase,2023-01-11 21:24:11,A,iOS
2087,registration,2023-01-11 17:51:16,B,iOS
837,view,2023-01-11 22:31:20,A,Android
5535,click,2023-01-11 01:43:23,A,iOS
9476,view,2023-01-11 20:46:38,A,Android
8552,registration,2023-01-11 23:51:12,B,Android
1689,view,2023-01-11 23:34:54,A,iOS
1435,click,2023-01-11 05:01:51,A,Android
7169,click,2023-01-11 08:44:20,A,Android
6443,purchase,2023-01-11 20:25:51,A,iOS
656,registration,2023-01-11 15:22:18,B,Android
9654,view,2023-01-11 23:15:41,B,iOS
8237,purchase,2023-01-11 00:14:36,A,iOS
7364,registration,2023-01-11 08:00:45,A,Android
5109,click,2023-01-11 23:02:03,B,Android
7456,click,2023-01-11 15:43:31,B,iOS
4271,registration,2023-01-11 00:31:25,B,Android
895,click,2023-01-11 02:26:21,B,iOS
9515,purchase,2023-01-11 10:37:30,B,iOS
9474,view,2023-01-11 23:56:34,B,Android
7523,click,2023-01-11 04:41:23,A,Android
3827,click,2023-01-11 20:14:38,B,iOS
2127,view,2023-01-11 12:15:43,B,iOS
4991,view,2023-01-11 12:48:12,A,iOS
8666,view,2023-01-11 03:28:35,A,Android
2013,registration,2023-01-11 06:56:42,B,Android
4584,click,2023-01-11 04:06:12,B,iOS
3902,registration,2023-01-11 14:53:29,B,iOS
1562,click,2023-01-11 19:58:36,A,iOS
8741,purchase,2023-01-11 13:17:49,A,iOS
7882,view,2023-01-11 12:10:56,A,Android
4479,registration,2023-01-11 10:21:14,A,iOS
7293,registration,2023-01-11 15:35:25,B,iOS
1328,registration,2023-01-11 11:40:50,B,Android
7668,registration,2023-01-11 13:39:00,A,Android
796,click,2023-01-11 15:18:29,B,Android
8660,view,2023-01-11 23:14:49,B,iOS
8620,view,2023-01-11 10:38:11,A,Android
4991,click,2023-01-11 07:30:26,A,iOS
784,click,2023-01-11 09:01:26,B,iOS
1936,click,2023-01-11 02:10:28,A,Android
685,click,2023-01-11 01:23:29,A,iOS
8683,click,2023-01-11 19:50:41,A,iOS
8330,click,2023-01-11 00:30:18,B,iOS
2040,click,2023-01-11 01:29:04,B,Android
7983,click,2023-01-11 05:11:08,B,iOS
832,click,2023-01-11 06:14:24,A,iOS
6261,registration,2023-01-11 03:50:08,A,iOS
1556,click,2023-01-11 13:10:02,B,Android
8746,registration,2023-01-11 15:11:32,B,Android
7733,view,2023-01-11 00:00:10,A,Android
3921,registration,2023-01-11 13:33:59,A,iOS
6436,click,2023-01-11 04:03:00,B,Android
9421,view,2023-01-11 15:52:02,B,Android
6303,view,2023-01-11 17:34:33,B,iOS
1247,purchase,2023-01-11 15:01:37,B,iOS
5162,click,2023-01-11 23:30:24,A,Android
311,view,2023-01-11 05:04:19,A,Android
8089,view,2023-01-11 00:30:43,A,iOS
301,click,2023-01-11 11:00:24,B,iOS
3573,click,2023-01-12 20:15:30,B,Android
9443,view,2023-01-12 02:59:00,A,Android
2765,view,2023-01-12 20:39:06,B,Android
4790,view,2023-01-12 01:03:04,B,Android
3456,registration,2023-01-12 14:10:16,B,iOS
4251,click,2023-01-12 18:36:18,B,Android
4354,view,2023-01-12 04:49:16,B,iOS
287,purchase,2023-01-12 13:33:06,B,iOS
7041,view,2023-01-12 00:40:50,B,iOS
9736,registration,2023-01-12 06:45:23,A,iOS
446,view,2023-01-12 14:16:30,B,iOS
3223,click,2023-01-12 11:03:54,A,Android
4798,purchase,2023-01-12 14:39:01,B,Android
6824,click,2023-01-12 23:40:41,A,iOS
6921,click,2023-01-12 21:54:55,A,iOS
1138,view,2023-01-12 20:06:32,A,iOS
9689,registration,2023-01-12 01:32:30,B,Android
6970,click,2023-01-12 23:33:28,A,iOS
2841,registration,2023-01-12 05:03:57,B,Android
3808,purchase,2023-01-12 23:56:46,B,Android
3921,view,2023-01-12 03:06:35,A,iOS
5285,view,2023-01-12 09:24:35,A,iOS
4511,registration,2023-01-12 23:58:38,A,iOS
2797,view,2023-01-12 20:12:44,A,iOS
7935,click,2023-01-12 03:26:53,B,Android
8446,click,2023-01-12 03:52:43,A,iOS
587,purchase,2023-01-12 03:22:36,A,Android
9259,registration,2023-01-12 03:33:29,B,iOS
9126,click,2023-01-12 17:45:48,B,iOS
7681,view,2023-01-12 22:09:50,B,iOS
3421,click,2023-01-12 11:58:15,A,iOS
1085,click,2023-01-12 04:52:45,A,iOS
6773,view,2023-01-12 07:23:08,B,Android
8170,click,2023-01-12 23:02:43,B,Android
4136,click,2023-01-12 08:58:09,A,Android
374,click,2023-01-12 16:23:31,B,iOS
4361,registration,2023-01-12 07:16:15,A,iOS
1502,registration,2023-01-12 17:32:15,A,iOS
3795,registration,2023-01-12 16:57:37,A,Android
8226,purchase,2023-01-12 01:15:07,B,iOS
6115,view,2023-01-12 22:35:22,A,Android
6476,registration,2023-01-12 03:58:16,A,Android
932,view,2023-01-12 13:23:32,A,iOS
8848,purchase,2023-01-12 17:05:58,B,iOS
5175,click,2023-01-12 14:49:44,B,iOS
6381,view,2023-01-12 13:42:57,A,iOS
733,click,2023-01-12 18:54:51,A,Android
3741,view,2023-01-12 09:46:52,A,Android
1541,view,2023-01-12 21:50:08,B,Android
2530,registration,2023-01-12 06:48:20,A,Android
1188,view,2023-01-12 04:21:59,A,Android
310,view,2023-01-12 16:20:58,A,iOS
9246,purchase,2023-01-12 16:12:12,A,Android
8820,click,2023-01-12 23:24:58,B,iOS
7302,view,2023-01-12 19:43:48,A,iOS
2840,click,2023-01-12 05:11:45,A,iOS
8520,click,2023-01-12 16:29:50,A,iOS
4049,purchase,2023-01-12 22:11:03,B,Android
7645,view,2023-01-12 00:24:40,A,iOS
1528,purchase,2023-01-12 14:20:47,A,iOS
6633,click,2023-01-12 18:51:27,A,Android
6459,click,2023-01-12 13:37:53,A,Android
6898,registration,2023-01-12 17:31:21,A,Android
6556,click,2023-01-12 22:04:39,B,iOS
1426,click,2023-01-12 11:05:42,B,Android
7247,view,2023-01-12 01:11:29,B,iOS
962,click,2023-01-12 13:54:47,A,Android
238,registration,2023-01-12 19:19:37,B,Android
465,view,2023-01-12 01:35:15,B,iOS
5652,view,2023-01-12 10:52:31,A,Android
6596,purchase,2023-01-12 13:47:10,A,iOS
7401,view,2023-01-12 10:03:41,B,iOS
6274,registration,2023-01-12 12:04:39,B,Android
7336,registration,2023-01-12 16:57:32,B,iOS
7709,registration,2023-01-12 23:47:57,B,Android
8251,click,2023-01-12 01:04:15,B,iOS
3405,view,2023-01-12 15:14:59,A,iOS
3742,view,2023-01-12 04:31:51,B,Android
7394,registration,2023-01-12 18:48:43,B,iOS
3627,view,2023-01-12 13:12:55,B,iOS
9234,click,2023-01-12 10:42:27,A,iOS
7711,view,2023-01-12 05:35:18,B,Android
7131,view,2023-01-12 19:54:13,A,Android
2415,view,2023-01-12 01:34:55,B,Android
6795,click,2023-01-12 09:04:38,A,Android
5174,view,2023-01-12 03:56:37,B,iOS
2989,purchase,2023-01-12 06:57:22,A,iOS
6203,view,2023-01-12 23:07:05,A,Android
775,registration,2023-01-12 16:14:35,A,Android
3750,registration,2023-01-12 00:25:53,B,iOS
7826,click,2023-01-12 06:15:07,A,Android
6828,view,2023-01-12 14:05:36,A,iOS
2998,registration,2023-01-12 05:39:17,A,iOS
4874,purchase,2023-01-12 16:40:54,B,iOS
9395,registration,2023-01-12 02:51:26,B,Android
4015,registration,2023-01-12 18:52:58,B,iOS
6693,click,2023-01-12 01:55:00,A,Android
6314,click,2023-01-12 17:56:11,A,iOS
6119,view,2023-01-12 10:53:28,B,Android
5649,registration,2023-01-12 14:56:20,B,Android
5886,registration,2023-01-12 13:16:24,B,iOS
8394,click,2023-01-12 21:11:03,A,Android
8535,view,2023-01-12 10:16:02,A,Android
732,view,2023-01-12 00:26:01,A,Android
3842,view,2023-01-12 21:09:56,A,Android
9777,click,2023-01-12 05:26:13,A,Android
4018,purchase,2023-01-12 18:28:00,A,Android
8179,registration,2023-01-12 00:24:25,B,Android
7989,registration,2023-01-12 08:03:34,B,Android
1808,click,2023-01-12 12:51:28,B,iOS
4764,view,2023-01-12 15:20:31,B,Android
8876,view,2023-01-12 07:37:31,A,Android
8378,purchase,2023-01-12 22:36:24,B,iOS
568,click,2023-01-12 08:40:22,A,Android
7328,view,2023-01-12 06:46:27,A,Android
86,view,2023-01-12 16:01:53,A,iOS
9912,click,2023-01-12 20:30:05,B,Android
1984,purchase,2023-01-12 23:29:53,A,iOS
1031,view,2023-01-12 09:09:09,A,Android
4357,registration,2023-01-12 11:46:50,B,Android
7289,purchase,2023-01-12 12:03:56,B,iOS
4806,purchase,2023-01-12 15:22:55,A,iOS
1379,view,2023-01-12 16:05:07,B,iOS
5784,view,2023-01-12 21:50:40,B,iOS
6826,click,2023-01-12 14:29:58,B,iOS
802,registration,2023-01-12 09:48:09,B,iOS
3839,click,2023-01-12 03:15:20,A,iOS
9087,click,2023-01-12 09:00:38,A,Android
8765,click,2023-01-12 23:19:46,B,iOS
2591,view,2023-01-12 01:15:24,B,iOS
8180,click,2023-01-12 11:46:51,B,Android
8785,click,2023-01-12 22:42:14,A,Android
4741,registration,2023-01-12 04:30:27,B,iOS
8278,view,2023-01-12 14:09:27,B,Android
2164,view,2023-01-12 14:41:34,B,iOS
8502,registration,2023-01-12 03:19:22,B,iOS
6622,click,2023-01-12 08:45:28,A,Android
7996,click,2023-01-12 16:35:44,A,Android
3817,view,2023-01-12 06:24:43,B,iOS
7083,click,2023-01-12 18:24:13,B,iOS
2391,view,2023-01-12 13:42:26,A,iOS
4859,view,2023-01-12 01:23:47,B,Android
3884,click,2023-01-12 04:31:57,B,iOS
7753,view,2023-01-12 14:10:48,A,Android
6323,click,2023-01-12 04:22:19,A,Android
1465,click,2023-01-12 13:55:12,B,iOS
8261,view,2023-01-12 06:03:25,A,Android
730,purchase,2023-01-12 16:51:17,B,iOS
2913,view,2023-01-12 11:58:49,A,Android
5636,registration,2023-01-12 16:39:10,A,iOS
4701,click,2023-01-12 01:03:18,B,iOS
4633,click,2023-01-12 19:40:27,A,Android
4868,registration,2023-01-12 00:02:04,B,Android
7545,view,2023-01-12 20:49:25,A,iOS
9521,click,2023-01-12 10:58:47,A,iOS
2046,click,2023-01-12 09:24:14,A,iOS
5956,purchase,2023-01-12 04:12:40,B,Android
8023,click,2023-01-12 22:20:37,A,iOS
6045,click,2023-01-12 11:01:06,A,iOS
6364,registration,2023-01-12 06:44:29,A,iOS
2406,view,2023-01-12 21:00:49,A,Android
7836,click,2023-01-12 20:24:07,A,iOS
5091,registration,2023-01-12 08:11:59,B,iOS
364,click,2023-01-12 05:12:19,B,Android
3730,view,2023-01-12 05:53:20,B,iOS
1703,click,2023-01-12 09:04:23,B,iOS
2820,purchase,2023-01-12 12:47:15,A,iOS
9647,registration,2023-01-12 12:08:32,A,Android
7305,click,2023-01-12 13:32:58,A,Android
435,view,2023-01-12 17:12:41,A,iOS
6019,view,2023-01-12 17:37:24,B,iOS
7486,click,2023-01-12 03:56:53,B,iOS
5983,click,2023-01-12 04:12:16,B,iOS
6702,view,2023-01-12 00:57:56,B,iOS
1763,view,2023-01-12 10:04:51,B,iOS
790,click,2023-01-12 15:06:13,A,iOS
7777,purchase,2023-01-12 00:30:28,A,iOS
9895,click,2023-01-12 14:06:41,A,iOS
7793,click,2023-01-12 00:28:16,A,Android
2968,view,2023-01-12 12:41:43,A,iOS
3165,click,2023-01-12 08:36:29,B,Android
9276,registration,2023-01-12 22:04:40,A,iOS
5632,registration,2023-01-12 12:37:16,B,Android
3098,registration,2023-01-12 06:50:07,A,Android
7968,click,2023-01-12 06:26:30,A,iOS
6975,purchase,2023-01-12 21:25:10,B,Android
8091,click,2023-01-12 04:14:31,A,Android
7261,registration,2023-01-12 16:50:10,A,Android
4078,click,2023-01-12 02:38:14,B,Android
7110,view,2023-01-12 09:29:24,A,iOS
5626,purchase,2023-01-12 00:05:33,A,Android
9472,click,2023-01-12 09:42:16,B,iOS
4702,view,2023-01-12 19:25:53,A,Android
1132,registration,2023-01-12 20:25:56,B,iOS
1945,registration,2023-01-12 01:23:22,A,iOS
1672,view,2023-01-12 11:02:07,A,Android
4924,view,2023-01-12 11:30:36,B,Android
6636,registration,2023-01-12 16:15:07,B,iOS
287,registration,2023-01-12 07:34:55,B,iOS
5070,click,2023-01-12 02:48:14,A,iOS
7132,registration,2023-01-12 14:20:31,A,iOS
7360,click,2023-01-12 04:22:18,A,iOS
6063,registration,2023-01-12 07:29:07,A,Android
6616,click,2023-01-12 13:43:38,A,iOS
7500,registration,2023-01-12 12:04:54,A,iOS
4878,click,2023-01-12 01:51:44,A,Android
7438,click,2023-01-12 02:08:52,B,iOS
2733,registration,2023-01-12 03:48:08,B,Android
700,registration,2023-01-12 17:04:54,A,Android
1242,click,2023-01-12 01:53:15,A,iOS
3216,purchase,2023-01-12 07:33:24,B,iOS
5529,click,2023-01-12 09:33:47,B,iOS
3517,click,2023-01-12 01:11:28,B,iOS
5405,purchase,2023-01-12 07:13:49,A,Android
9122,view,2023-01-12 07:30:32,A,iOS
4253,purchase,2023-01-12 16:41:27,A,Android
2095,view,2023-01-12 21:13:22,A,Android
677,purchase,2023-01-12 23:30:18,B,iOS
810,view,2023-01-12 08:02:57,B,Android
7354,registration,2023-01-12 23:30:31,A,Android
2899,registration,2023-01-12 22:12:03,B,Android
4834,view,2023-01-12 01:19:12,A,iOS
4327,registration,2023-01-12 07:58:18,B,iOS
5896,click,2023-01-12 13:16:28,B,Android
148,click,2023-01-12 05:01:17,A,Android
9039,view,2023-01-12 02:18:40,B,iOS
9582,click,2023-01-12 19:16:43,B,iOS
9716,click,2023-01-12 20:19:48,B,Android
3048,view,2023-01-12 11:28:02,A,Android
5513,purchase,2023-01-12 16:28:37,A,Android
8811,click,2023-01-12 22:43:24,A,iOS
5617,click,2023-01-12 12:45:11,B,iOS
1028,click,2023-01-12 11:28:39,B,Android
4610,view,2023-01-12 23:23:27,B,iOS
2075,view,2023-01-12 07:44:45,A,Android
5512,click,2023-01-12 11:05:33,B,Android
5857,view,2023-01-12 21:30:30,B,Android
2743,click,2023-01-12 13:04:26,B,Android
5901,click,2023-01-12 20:42:23,A,Android
4199,registration,2023-01-12 13:18:27,B,iOS
7559,registration,2023-01-12 15:24:08,A,Android
4916,view,2023-01-12 06:41:35,B,Android
8422,view,2023-01-12 16:47:19,B,Android
1716,view,2023-01-12 09:11:22,B,Android
190,click,2023-01-12 05:25:26,A,iOS
343,registration,2023-01-12 07:24:48,A,iOS
5438,registration,2023-01-12 08:25:50,B,iOS
818,view,2023-01-12 14:54:56,A,iOS
4402,registration,2023-01-12 23:21:19,B,iOS
9296,view,2023-01-12 17:20:19,A,Android
372,view,2023-01-12 02:23:06,B,iOS
9503,click,2023-01-12 06:53:08,B,Android
3119,purchase,2023-01-12 07:43:54,B,Android
9859,purchase,2023-01-12 15:56:56,A,Android
1385,view,2023-01-12 07:28:23,A,iOS
6225,registration,2023-01-12 07:07:59,A,Android
4478,view,2023-01-12 02:03:16,A,Android
1693,view,2023-01-12 13:35:02,B,iOS
4548,view,2023-01-12 17:44:48,B,Android
7038,view,2023-01-12 14:15:03,A,Android
1127,registration,2023-01-12 17:50:58,A,Android
7008,click,2023-01-12 20:14:22,A,iOS
1230,view,2023-01-12 15:21:41,B,iOS
5003,click,2023-01-12 06:03:29,B,Android
179,view,2023-01-12 13:51:39,B,iOS
9554,click,2023-01-12 03:02:09,B,Android
6040,click,2023-01-12 02:52:25,B,iOS
2906,purchase,2023-01-12 17:35:52,A,Android
1961,click,2023-01-12 02:25:23,B,Android
9548,click,2023-01-12 19:54:43,B,Android
387,click,2023-01-12 17:24:06,A,iOS
6955,click,2023-01-12 20:24:06,B,iOS
9030,view,2023-01-12 19:31:04,A,Android
1748,view,2023-01-12 01:58:02,A,Android
1309,view,2023-01-12 01:24:10,A,Android
6173,click,2023-01-12 04:20:25,A,Android
2288,registration,2023-01-12 13:45:39,A,Android
5168,registration,2023-01-12 19:21:14,A,iOS
2134,registration,2023-01-12 18:50:58,A,iOS
5993,click,2023-01-12 01:49:47,B,Android
5637,view,2023-01-12 10:15:25,A,Android
8528,view,2023-01-12 07:30:44,A,iOS
4161,view,2023-01-12 17:20:23,B,Android
7552,click,2023-01-12 04:54:42,B,iOS
8285,click,2023-01-12 23:36:29,B,Android
8855,click,2023-01-12 06:07:18,A,Android
7605,view,2023-01-12 23:26:40,B,Android
586,click,2023-01-12 12:22:41,A,Android
8197,purchase,2023-01-12 02:00:35,B,iOS
9993,click,2023-01-12 03:25:01,B,Android
9203,click,2023-01-12 07:10:06,A,Android
486,registration,2023-01-12 00:38:27,B,Android
2782,purchase,2023-01-12 02:26:57,B,iOS
1103,click,2023-01-12 01:07:13,B,Android
9043,registration,2023-01-12 03:20:07,B,iOS
4648,click,2023-01-12 07:38:25,B,Android
6392,click,2023-01-12 10:44:13,B,Android
6875,registration,2023-01-12 21:40:59,B,Android
5707,registration,2023-01-12 05:17:03,B,Android
6517,click,2023-01-12 12:23:27,B,iOS
3152,click,2023-01-12 06:55:23,A,Android
6200,click,2023-01-12 22:52:23,A,Android
5426,registration,2023-01-12 06:36:39,A,iOS
3750,registration,2023-01-12 17:33:43,B,iOS
9774,click,2023-01-12 15:15:44,B,iOS
9731,view,2023-01-12 12:30:24,B,iOS
9904,click,2023-01-12 11:16:05,A,Android
2276,registration,2023-01-12 21:30:32,B,Android
8326,registration,2023-01-12 23:34:02,B,iOS
5737,registration,2023-01-12 00:20:41,B,Android
9775,registration,2023-01-12 00:56:12,A,Android
3744,registration,2023-01-12 10:01:44,A,iOS
2347,click,2023-01-12 18:35:33,A,iOS
8586,view,2023-01-12 15:05:58,A,Android
6858,view,2023-01-12 05:52:42,A,Android
2133,purchase,2023-01-12 20:02:54,A,iOS
4134,purchase,2023-01-12 20:11:40,B,iOS
1146,view,2023-01-12 11:13:54,B,iOS
6335,view,2023-01-12 10:58:19,A,Android
2015,view,2023-01-12 06:26:47,B,iOS
1594,click,2023-01-12 06:29:44,B,iOS
8329,view,2023-01-12 15:11:10,B,Android
1885,click,2023-01-12 11:05:44,B,Android
9860,registration,2023-01-12 00:13:23,B,iOS
9142,click,2023-01-12 20:17:12,B,iOS
9065,click,2023-01-12 20:07:47,A,Android
5347,click,2023-01-12 19:44:28,A,iOS
8367,click,2023-01-12 01:05:40,A,Android
3169,click,2023-01-12 19:58:19,B,Android
3919,registration,2023-01-12 16:55:34,B,iOS
9628,view,2023-01-12 22:27:12,B,iOS
2326,click,2023-01-12 01:30:10,B,iOS
268,click,2023-01-12 07:25:56,B,Android
3612,registration,2023-01-12 15:33:02,B,iOS
6441,purchase,2023-01-12 23:41:34,A,Android
539,click,2023-01-12 03:44:37,B,Android
7464,click,2023-01-12 19:56:58,B,iOS
4289,click,2023-01-12 00:36:15,B,iOS
5441,registration,2023-01-12 22:30:49,B,Android
8771,click,2023-01-12 17:29:32,B,iOS
1293,view,2023-01-12 16:57:34,A,iOS
1346,click,2023-01-12 12:27:53,A,iOS
5027,click,2023-01-12 22:07:18,B,Android
7440,registration,2023-01-12 14:05:15,B,iOS
4370,view,2023-01-12 14:40:07,B,Android
2105,view,2023-01-12 05:36:40,B,Android
5397,click,2023-01-12 03:33:59,A,Android
9450,click,2023-01-12 15:55:15,A,Android
6794,click,2023-01-12 17:26:07,B,iOS
6898,click,2023-01-12 01:18:09,A,Android
8767,view,2023-01-12 01:03:29,B,Android
2220,view,2023-01-12 15:56:03,A,iOS
1105,view,2023-01-12 01:05:42,B,Android
3001,click,2023-01-12 03:08:53,A,iOS
5338,purchase,2023-01-12 01:56:35,B,Android
2162,purchase,2023-01-12 20:45:40,A,iOS
9098,click,2023-01-12 18:06:32,B,Android
9141,registration,2023-01-12 21:36:27,B,iOS
9176,click,2023-01-12 11:05:43,B,Android
8366,view,2023-01-12 22:35:31,A,Android
664,click,2023-01-12 02:45:50,B,Android
4711,view,2023-01-12 15:41:24,B,iOS
2645,click,2023-01-12 16:16:00,A,Android
9972,registration,2023-01-12 13:29:29,A,Android
7732,click,2023-01-12 14:30:09,A,iOS
2864,view,2023-01-12 00:02:12,B,iOS
8777,view,2023-01-12 07:46:38,A,iOS
5804,click,2023-01-12 11:03:59,B,Android
5695,registration,2023-01-12 07:27:15,B,iOS
5078,view,2023-01-12 04:09:37,B,iOS
334,registration,2023-01-12 04:21:42,B,iOS
1228,view,2023-01-12 21:24:58,A,iOS
5538,view,2023-01-12 10:17:50,B,iOS
6745,click,2023-01-12 10:18:07,A,Android
8096,click,2023-01-12 15:18:11,B,iOS
5406,view,2023-01-12 09:11:44,B,iOS
2964,click,2023-01-12 11:27:00,A,iOS
9141,view,2023-01-12 13:20:44,B,iOS
2848,click,2023-01-12 06:10:24,A,Android
3009,view,2023-01-12 21:59:54,B,iOS
2698,view,2023-01-12 05:49:01,A,Android
3631,click,2023-01-12 11:53:54,B,iOS
5060,click,2023-01-12 06:08:56,A,Android
4337,click,2023-01-12 15:47:17,B,iOS
7592,view,2023-01-12 01:41:30,B,iOS
5682,click,2023-01-12 01:49:16,B,Android
7394,purchase,2023-01-12 06:56:29,B,iOS
3670,view,2023-01-12 23:16:23,B,Android
730,click,2023-01-12 22:10:50,B,iOS
5236,view,2023-01-12 00:07:22,B,iOS
8493,registration,2023-01-12 07:32:03,B,Android
2663,view,2023-01-12 06:15:11,B,iOS
222,registration,2023-01-12 11:26:28,A,iOS
7052,click,2023-01-12 12:47:35,B,Android
2094,view,2023-01-12 14:49:20,B,iOS
9564,view,2023-01-12 20:48:20,B,iOS
8993,click,2023-01-12 07:44:09,A,Android
3483,view,2023-01-12 02:01:51,B,iOS
7208,click,2023-01-12 16:20:19,A,Android
7224,click,2023-01-12 11:29:12,B,iOS
2813,view,2023-01-12 02:35:07,B,iOS
7803,view,2023-01-12 05:50:48,A,Android
5838,registration,2023-01-12 10:47:03,B,iOS
1458,click,2023-01-12 18:24:42,B,iOS
9725,view,2023-01-12 01:13:08,B,iOS
6726,view,2023-01-12 18:47:59,A,Android
981,view,2023-01-12 01:59:19,A,iOS
5818,registration,2023-01-12 17:22:45,A,iOS
3583,purchase,2023-01-12 14:57:18,A,Android
7088,click,2023-01-12 19:23:59,B,iOS
1319,click,2023-01-12 11:37:25,A,Android
4577,registration,2023-01-12 17:26:25,B,iOS
3765,view,2023-01-12 07:52:57,A,Android
8851,purchase,2023-01-12 19:42:35,A,Android
3122,view,2023-01-12 21:10:59,A,Android
7828,click,2023-01-12 03:51:25,B,iOS
245,view,2023-01-12 05:52:07,B,iOS
431,registration,2023-01-12 04:51:47,B,Android
4516,view,2023-01-12 02:37:17,A,iOS
1866,click,2023-01-12 18:01:45,B,Android
8017,click,2023-01-12 08:16:49,B,iOS
3811,click,2023-01-12 16:42:15,B,iOS
8315,click,2023-01-12 19:22:48,B,Android
8623,registration,2023-01-12 18:01:17,A,Android
9216,purchase,2023-01-12 01:18:17,A,iOS
2947,click,2023-01-12 15:19:07,B,Android
8453,view,2023-01-12 22:36:26,B,iOS
8187,registration,2023-01-12 00:23:42,A,iOS
2583,click,2023-01-12 16:37:33,B,Android
896,click,2023-01-12 04:13:03,A,Android
6522,click,2023-01-12 01:18:31,B,Android
2123,click,2023-01-12 09:03:06,B,Android
6169,click,2023-01-12 20:21:52,A,iOS
4181,click,2023-01-12 23:13:33,A,Android
2531,click,2023-01-12 21:48:37,B,iOS
5705,registration,2023-01-12 16:45:44,B,Android
9584,registration,2023-01-12 22:54:46,B,iOS
8644,click,2023-01-12 12:17:37,B,iOS
36,click,2023-01-12 08:36:40,B,Android
9106,view,2023-01-12 21:17:34,A,iOS
6445,view,2023-01-12 02:31:28,A,iOS
2063,view,2023-01-12 18:46:04,A,iOS
4933,click,2023-01-12 07:56:57,A,iOS
1409,registration,2023-01-12 13:29:22,A,iOS
7538,click,2023-01-12 02:52:38,B,Android
2763,click,2023-01-12 06:16:42,B,iOS
6909,registration,2023-01-12 00:23:15,A,iOS
4878,click,2023-01-12 03:29:20,A,Android
7167,registration,2023-01-12 21:06:28,B,Android
5992,purchase,2023-01-12 05:03:49,B,Android
141,view,2023-01-12 00:19:45,A,Android
5862,view,2023-01-12 20:36:23,A,Android
3012,view,2023-01-12 08:50:38,B,iOS
8062,view,2023-01-12 15:34:34,A,Android
3923,click,2023-01-12 15:40:53,A,Android
3491,view,2023-01-12 21:22:31,A,iOS
4019,click,2023-01-12 16:51:50,A,Android
5851,purchase,2023-01-12 21:51:30,A,Android
17,purchase,2023-01-12 03:50:46,B,iOS
3022,view,2023-01-12 10:26:23,B,iOS
6118,click,2023-01-12 14:44:27,B,Android
3912,registration,2023-01-12 18:26:02,B,Android
9559,view,2023-01-12 15:56:45,A,iOS
3786,purchase,2023-01-12 18:01:56,A,iOS
7172,click,2023-01-12 07:07:50,B,iOS
6952,click,2023-01-12 17:00:16,A,iOS
3533,registration,2023-01-12 03:58:11,B,Android
1818,view,2023-01-12 11:00:38,B,Android
5305,click,2023-01-12 12:16:32,B,Android
8003,purchase,2023-01-12 16:29:38,B,Android
8194,view,2023-01-12 05:34:45,A,iOS
6368,view,2023-01-12 13:25:58,A,Android
4024,view,2023-01-12 07:03:16,B,iOS
325,view,2023-01-12 06:08:28,A,iOS
5155,view,2023-01-12 10:03:01,B,iOS
6968,click,2023-01-12 12:07:20,B,Android
2419,view,2023-01-12 15:42:26,B,Android
8057,view,2023-01-12 13:42:26,B,Android
8987,view,2023-01-12 20:16:14,A,iOS
8062,registration,2023-01-12 00:55:25,A,Android
5919,registration,2023-01-12 21:14:18,A,iOS
4515,click,2023-01-12 02:36:56,B,iOS
957,registration,2023-01-12 08:42:49,A,Android
3082,purchase,2023-01-12 06:52:45,B,Android
1348,purchase,2023-01-12 09:11:13,A,Android
3976,click,2023-01-12 17:31:52,A,iOS
1997,click,2023-01-12 13:33:27,A,Android
113,click,2023-01-12 03:29:20,A,Android
9349,view,2023-01-12 08:52:50,B,Android
1868,view,2023-01-12 15:14:34,A,Android
9400,click,2023-01-12 09:29:43,A,iOS
1471,registration,2023-01-12 02:22:40,B,iOS
1145,registration,2023-01-12 19:55:22,A,Android
8369,view,2023-01-12 19:20:56,B,Android
5208,view,2023-01-12 14:00:09,B,iOS
677,click,2023-01-12 19:25:52,B,iOS
7426,registration,2023-01-12 20:31:47,B,iOS
509,click,2023-01-12 03:43:24,A,Android
2151,click,2023-01-12 02:44:04,A,Android
760,click,2023-01-12 17:56:28,A,Android
4507,view,2023-01-12 04:38:51,A,iOS
5985,click,2023-01-12 19:52:18,B,iOS
9595,registration,2023-01-12 05:37:33,A,iOS
6602,click,2023-01-12 08:58:49,A,Android
4353,view,2023-01-12 22:45:54,B,iOS
5559,click,2023-01-12 18:20:18,A,Android
1850,click,2023-01-12 00:27:13,B,Android
2484,view,2023-01-12 23:37:03,A,iOS
7995,purchase,2023-01-12 13:07:49,B,Android
9122,click,2023-01-12 04:05:52,A,iOS
2047,click,2023-01-12 12:27:09,B,Android
1754,purchase,2023-01-12 08:00:32,B,Android
6623,view,2023-01-12 04:33:32,A,Android
4997,click,2023-01-12 00:52:34,B,Android
5393,click,2023-01-12 06:37:50,A,Android
2285,click,2023-01-12 10:11:41,B,Android
3849,view,2023-01-12 00:19:47,B,iOS
8074,registration,2023-01-12 17:10:38,B,iOS
7424,view,2023-01-12 20:31:56,B,iOS
3986,registration,2023-01-12 06:52:00,A,iOS
353,purchase,2023-01-12 00:11:00,B,Android
3599,view,2023-01-12 07:18:08,A,iOS
523,purchase,2023-01-12 22:31:55,A,iOS
1418,view,2023-01-12 17:40:47,B,iOS
4741,view,2023-01-12 18:05:48,B,iOS
7277,view,2023-01-12 08:26:08,B,Android
5361,view,2023-01-12 20:38:11,B,iOS
8190,view,2023-01-12 00:16:00,B,Android
3596,click,2023-01-12 18:29:43,A,Android
9595,click,2023-01-12 12:03:57,A,iOS
1231,view,2023-01-12 13:16:09,A,iOS
8157,view,2023-01-12 07:27:17,A,Android
970,registration,2023-01-12 18:15:19,B,iOS
5944,purchase,2023-01-12 23:00:12,A,Android
3721,purchase,2023-01-12 13:38:49,A,iOS
6866,click,2023-01-12 13:12:32,B,Android
8737,registration,2023-01-12 08:48:03,A,iOS
3859,purchase,2023-01-12 04:59:44,A,Android
211,view,2023-01-12 00:31:28,B,iOS
6901,click,2023-01-12 22:30:43,A,Android
9028,click,2023-01-12 13:32:58,B,Android
6872,registration,2023-01-12 16:22:03,B,Android
2061,registration,2023-01-12 19:58:00,A,iOS
6771,purchase,2023-01-12 14:47:16,B,iOS
2111,click,2023-01-12 08:51:11,B,Android
8387,registration,2023-01-12 01:44:09,B,iOS
8025,registration,2023-01-12 00:34:03,B,iOS
6373,view,2023-01-12 10:29:19,A,Android
5704,view,2023-01-12 13:07:20,A,Android
8880,click,2023-01-12 09:20:45,A,Android
9744,click,2023-01-12 20:58:20,A,Android
3811,click,2023-01-12 21:54:18,B,iOS
9028,purchase,2023-01-12 21:14:03,B,Android
4176,click,2023-01-12 11:29:04,B,Android
5161,click,2023-01-12 03:23:41,A,iOS
6175,click,2023-01-12 14:10:27,A,Android
757,click,2023-01-12 11:36:13,B,Android
915,click,2023-01-12 07:49:54,B,Android
7739,purchase,2023-01-12 05:10:43,A,Android
5420,click,2023-01-12 13:28:53,B,iOS
8577,registration,2023-01-12 00:54:13,B,iOS
4986,registration,2023-01-12 03:50:37,B,iOS
4944,click,2023-01-12 04:25:40,B,iOS
6680,click,2023-01-12 13:22:51,B,iOS
2127,click,2023-01-12 02:42:06,B,iOS
7543,purchase,2023-01-12 20:59:57,A,Android
136,registration,2023-01-12 03:16:39,B,Android
76,view,2023-01-12 00:49:45,B,Android
9559,view,2023-01-12 05:21:28,A,iOS
9293,click,2023-01-12 12:26:21,B,iOS
1585,purchase,2023-01-12 04:08:40,A,iOS
1774,view,2023-01-12 11:19:45,A,Android
8018,click,2023-01-12 04:00:53,B,Android
1570,click,2023-01-12 13:30:17,B,Android
3649,registration,2023-01-12 15:35:23,A,Android
5739,view,2023-01-12 20:54:42,A,iOS
2572,click,2023-01-12 00:17:33,A,Android
7393,view,2023-01-12 03:21:49,B,Android
6984,click,2023-01-12 12:55:35,A,iOS
3836,click,2023-01-12 11:11:04,B,iOS
5117,click,2023-01-12 02:53:09,A,iOS
5922,click,2023-01-12 15:39:07,B,Android
9166,purchase,2023-01-12 06:57:11,B,iOS
284,view,2023-01-12 11:23:13,B,Android
5162,view,2023-01-12 11:32:57,A,Android
14,click,2023-01-12 17:00:18,A,iOS
1303,click,2023-01-12 00:26:39,B,Android
3679,click,2023-01-12 11:12:41,A,Android
5066,click,2023-01-12 16:55:24,B,Android
871,purchase,2023-01-12 07:41:38,A,Android
8889,click,2023-01-12 19:57:58,B,iOS
8979,click,2023-01-12 02:29:52,A,Android
4188,click,2023-01-12 23:23:31,B,iOS
5088,view,2023-01-12 18:30:08,A,iOS
2378,registration,2023-01-12 01:32:01,A,Android
110,registration,2023-01-12 08:11:44,A,iOS
6476,click,2023-01-12 23:29:43,A,Android
4665,click,2023-01-12 17:38:11,B,Android
2466,click,2023-01-12 10:42:09,B,Android
6375,click,2023-01-12 20:56:09,A,Android
3920,click,2023-01-12 05:05:51,B,Android
2187,view,2023-01-12 00:15:03,A,Android
1329,registration,2023-01-12 06:47:01,A,Android
258,view,2023-01-12 13:39:41,A,Android
9162,click,2023-01-12 20:16:09,B,iOS
8732,click,2023-01-12 08:40:46,A,iOS
450,click,2023-01-12 07:23:46,A,iOS
8933,purchase,2023-01-12 15:42:02,B,Android
6920,purchase,2023-01-12 15:40:50,A,Android
9031,view,2023-01-12 06:01:21,B,iOS
6396,click,2023-01-12 09:08:50,A,iOS
2424,view,2023-01-12 09:52:54,A,iOS
4878,purchase,2023-01-12 05:52:47,A,Android
5523,view,2023-01-12 13:59:15,A,iOS
3508,registration,2023-01-12 16:16:09,B,iOS
7878,click,2023-01-12 09:50:10,B,Android
3813,click,2023-01-12 08:20:34,B,Android
4231,click,2023-01-12 17:32:33,A,iOS
84,view,2023-01-12 16:15:45,A,Android
4595,view,2023-01-12 13:22:18,A,Android
9703,click,2023-01-12 06:07:31,B,Android
3922,click,2023-01-12 17:31:32,B,iOS
7360,view,2023-01-12 05:37:08,A,iOS
74,view,2023-01-12 12:10:20,A,Android
4476,registration,2023-01-12 07:10:16,A,Android
7589,view,2023-01-12 10:59:47,A,Android
9805,view,2023-01-12 09:38:33,A,Android
8153,view,2023-01-12 11:09:16,A,iOS
4735,view,2023-01-12 01:55:33,A,iOS
8500,click,2023-01-12 13:53:38,B,Android
6060,view,2023-01-12 17:12:39,A,Android
5808,registration,2023-01-12 19:27:32,B,Android
3114,registration,2023-01-12 19:21:55,B,Android
5477,click,2023-01-12 20:49:48,A,iOS
8857,click,2023-01-12 13:09:47,A,Android
791,registration,2023-01-12 01:54:14,B,iOS
2099,click,2023-01-12 23:48:52,A,Android
7843,view,2023-01-12 00:23:17,B,Android
3047,registration,2023-01-12 10:38:44,A,iOS
5486,purchase,2023-01-12 08:41:26,B,iOS
8595,purchase,2023-01-12 03:26:00,A,iOS
9936,click,2023-01-12 10:45:16,B,Android
9907,purchase,2023-01-12 03:54:56,A,Android
5463,purchase,2023-01-12 01:57:28,B,iOS
8663,registration,2023-01-12 12:37:09,A,iOS
9760,registration,2023-01-12 16:52:34,A,iOS
3948,click,2023-01-12 18:43:23,B,iOS
407,click,2023-01-12 22:56:55,B,iOS
4135,view,2023-01-12 13:23:52,A,iOS
3693,purchase,2023-01-12 06:05:52,A,iOS
4311,click,2023-01-12 11:58:02,B,Android
3881,click,2023-01-12 09:38:12,A,iOS
444,view,2023-01-12 08:02:31,B,Android
9296,click,2023-01-12 13:30:07,A,Android
9391,view,2023-01-12 13:50:27,A,iOS
7921,registration,2023-01-12 21:13:24,B,Android
2161,view,2023-01-12 01:24:26,A,Android
9554,view,2023-01-12 10:15:15,B,Android
7848,registration,2023-01-12 07:42:15,B,iOS
2284,click,2023-01-12 19:39:23,B,Android
9045,registration,2023-01-12 03:12:03,A,iOS
7249,view,2023-01-12 16:18:17,B,iOS
9229,click,2023-01-12 18:47:57,A,iOS
5769,click,2023-01-12 11:06:29,A,Android
9328,purchase,2023-01-12 13:20:08,B,iOS
9877,registration,2023-01-13 15:26:26,B,iOS
2008,registration,2023-01-13 14:19:32,B,Android
2242,click,2023-01-13 10:11:30,B,iOS
9761,registration,2023-01-13 00:29:46,B,Android
5563,click,2023-01-13 12:09:23,B,iOS
5688,view,2023-01-13 04:38:13,A,iOS
368,view,2023-01-13 09:51:17,B,Android
323,view,2023-01-13 10:03:57,A,Android
8759,view,2023-01-13 17:54:43,B,iOS
8147,view,2023-01-13 02:15:10,A,iOS
701,view,2023-01-13 07:17:26,B,iOS
5623,click,2023-01-13 05:36:50,B,Android
2879,registration,2023-01-13 11:54:11,A,iOS
285,registration,2023-01-13 18:09:56,A,Android
1332,click,2023-01-13 12:37:29,B,Android
6716,registration,2023-01-13 01:54:19,A,iOS
7348,registration,2023-01-13 09:43:37,B,Android
1072,click,2023-01-13 23:44:00,A,iOS
5618,view,2023-01-13 18:42:34,A,iOS
3951,click,2023-01-13 00:08:11,B,iOS
9797,click,2023-01-13 22:14:24,B,Android
4729,registration,2023-01-13 15:15:22,A,Android
2644,click,2023-01-13 07:03:43,B,iOS
7728,click,2023-01-13 03:05:06,A,iOS
888,click,2023-01-13 20:41:53,A,iOS
4321,purchase,2023-01-13 08:41:11,B,Android
5774,click,2023-01-13 17:49:13,A,Android
8393,registration,2023-01-13 20:10:39,B,Android
2925,click,2023-01-13 16:30:21,B,iOS
2412,click,2023-01-13 08:41:19,A,Android
7519,click,2023-01-13 06:09:02,A,iOS
7429,click,2023-01-13 05:07:13,A,iOS
2579,registration,2023-01-13 15:01:57,A,iOS
7565,registration,2023-01-13 18:17:20,A,Android
2921,click,2023-01-13 10:59:53,A,iOS
1012,click,2023-01-13 03:29:01,B,Android
5634,click,2023-01-13 15:38:58,B,iOS
2375,click,2023-01-13 15:36:19,B,Android
6026,registration,2023-01-13 21:07:09,B,Android
8453,registration,2023-01-13 05:04:55,B,iOS
9223,click,2023-01-13 13:09:33,A,iOS
123,registration,2023-01-13 23:10:04,A,iOS
3906,view,2023-01-13 11:06:30,B,iOS
1112,click,2023-01-13 18:53:14,A,Android
976,click,2023-01-13 00:07:42,A,iOS
9723,click,2023-01-13 19:47:06,B,Android
1924,view,2023-01-13 10:17:47,A,Android
1176,click,2023-01-13 16:50:43,B,Android
4454,view,2023-01-13 15:58:36,B,Android
6396,click,2023-01-13 19:58:04,A,iOS
5200,registration,2023-01-13 09:38:57,A,Android
2085,purchase,2023-01-13 00:54:20,A,Android
8586,view,2023-01-13 19:27:04,A,Android
4521,click,2023-01-13 19:48:12,B,iOS
5287,click,2023-01-13 13:04:31,A,Android
8963,click,2023-01-13 20:34:19,B,Android
3906,view,2023-01-13 12:44:15,B,iOS
325,view,2023-01-13 05:40:27,A,iOS
4783,registration,2023-01-13 06:55:40,A,iOS
9950,view,2023-01-13 16:43:57,A,Android
5808,view,2023-01-13 19:19:02,B,Android
5340,view,2023-01-13 08:57:39,B,iOS
674,view,2023-01-13 12:11:02,B,iOS
3510,registration,2023-01-13 16:30:17,A,Android
911,view,2023-01-13 22:20:31,B,iOS
4156,purchase,2023-01-13 12:16:49,A,iOS
3809,click,2023-01-13 06:00:18,A,iOS
1691,click,2023-01-13 22:08:01,B,Android
3883,view,2023-01-13 19:55:09,A,iOS
9457,click,2023-01-13 13:47:15,A,Android
2258,click,2023-01-13 17:15:39,B,iOS
7758,registration,2023-01-13 22:58:08,B,Android
6841,click,2023-01-13 21:19:47,A,Android
5126,view,2023-01-13 14:37:33,B,iOS
2664,click,2023-01-13 03:49:47,A,Android
7390,view,2023-01-13 18:03:49,A,iOS
3631,click,2023-01-13 09:22:39,B,iOS
4824,click,2023-01-13 20:38:30,A,Android
4978,registration,2023-01-13 21:01:46,B,Android
1832,view,2023-01-13 02:04:59,B,iOS
7834,view,2023-01-13 09:42:06,B,iOS
33,purchase,2023-01-13 06:58:56,B,iOS
7062,click,2023-01-13 09:23:04,B,iOS
9552,click,2023-01-13 13:40:20,B,Android
4383,registration,2023-01-13 22:28:25,A,Android
579,view,2023-01-13 11:55:57,B,Android
1215,registration,2023-01-13 16:43:37,A,iOS
1768,click,2023-01-13 09:25:01,B,Android
2768,view,2023-01-13 18:47:38,B,iOS
7790,click,2023-01-13 23:07:35,A,Android
3659,click,2023-01-13 14:55:38,A,Android
2972,view,2023-01-13 19:24:40,B,iOS
9922,registration,2023-01-13 14:54:02,B,Android
1509,click,2023-01-13 07:04:06,A,iOS
9706,click,2023-01-13 19:02:06,A,Android
2285,registration,2023-01-13 16:00:35,B,Android
5582,view,2023-01-13 16:15:38,A,Android
6841,registration,2023-01-13 09:41:59,A,Android
6542,view,2023-01-13 00:05:13,B,Android
4437,view,2023-01-13 11:36:30,A,iOS
3148,click,2023-01-13 05:51:23,A,Android
2201,registration,2023-01-13 11:38:48,A,Android
4868,registration,2023-01-13 07:43:38,B,Android
1522,purchase,2023-01-13 04:49:34,B,Android
4311,view,2023-01-13 17:18:38,B,Android
1035,registration,2023-01-13 07:00:34,A,Android
4692,click,2023-01-13 04:37:54,B,Android
9971,view,2023-01-13 08:40:24,B,iOS
1692,click,2023-01-13 23:46:12,B,Android
1365,registration,2023-01-13 08:33:15,A,iOS
4137,purchase,2023-01-13 00:27:35,A,Android
6743,registration,2023-01-13 14:54:28,B,Android
7237,click,2023-01-13 08:06:30,A,iOS
3862,view,2023-01-13 08:31:29,A,iOS
7338,click,2023-01-13 15:39:26,B,Android
6688,click,2023-01-13 22:35:49,B,iOS
1868,registration,2023-01-13 01:22:19,A,Android
8897,click,2023-01-13 21:54:18,B,iOS
427,view,2023-01-13 19:00:01,B,Android
7489,registration,2023-01-13 08:32:19,A,iOS
1950,click,2023-01-13 00:41:51,A,iOS
4698,click,2023-01-13 07:07:58,A,iOS
7949,click,2023-01-13 10:41:12,B,iOS
9519,registration,2023-01-13 21:59:13,B,iOS
742,view,2023-01-13 15:03:49,A,Android
1901,click,2023-01-13 18:06:39,A,iOS
7816,purchase,2023-01-13 16:59:17,B,Android
3263,view,2023-01-13 09:58:55,A,Android
5680,click,2023-01-13 06:22:57,B,Android
757,click,2023-01-13 05:06:17,B,Android
1556,click,2023-01-13 10:04:35,B,Android
2683,click,2023-01-13 04:38:08,A,iOS
9012,click,2023-01-13 15:05:18,A,Android
9225,registration,2023-01-13 10:10:09,A,Android
6617,click,2023-01-13 01:51:08,A,iOS
3227,view,2023-01-13 16:36:23,A,iOS
9286,view,2023-01-13 16:11:01,A,Android
478,view,2023-01-13 07:46:50,A,Android
727,click,2023-01-13 08:56:08,A,Android
488,click,2023-01-13 08:25:27,A,iOS
4183,view,2023-01-13 01:08:52,B,Android
5950,click,2023-01-13 10:33:13,B,iOS
5431,click,2023-01-13 07:47:16,B,iOS
4332,click,2023-01-13 09:11:24,B,Android
5597,click,2023-01-13 10:23:28,A,Android
3529,view,2023-01-13 06:52:10,A,Android
3693,click,2023-01-13 10:01:08,A,iOS
6277,view,2023-01-13 18:40:52,B,Android
206,registration,2023-01-13 10:04:32,B,iOS
2484,click,2023-01-13 02:37:15,A,iOS
5254,click,2023-01-13 03:32:54,B,iOS
841,click,2023-01-13 05:04:37,B,iOS
3719,click,2023-01-13 04:34:39,A,Android
4828,view,2023-01-13 07:02:49,A,Android
8249,click,2023-01-13 20:57:14,B,Android
4220,view,2023-01-13 17:15:48,B,iOS
3076,click,2023-01-13 08:43:57,B,iOS
2752,click,2023-01-13 02:58:02,A,iOS
3840,click,2023-01-13 14:45:34,A,Android
8205,purchase,2023-01-13 16:00:37,A,iOS
7786,view,2023-01-13 04:17:55,A,iOS
4232,click,2023-01-13 10:12:09,A,Android
3412,registration,2023-01-13 09:15:08,B,Android
7741,view,2023-01-13 12:08:24,B,iOS
8708,registration,2023-01-13 23:46:55,A,Android
7765,purchase,2023-01-13 12:36:47,A,Android
2408,click,2023-01-13 13:00:09,B,iOS
8588,purchase,2023-01-13 00:35:48,B,iOS
2774,view,2023-01-13 12:20:45,A,iOS
5267,click,2023-01-13 13:33:04,B,Android
4318,view,2023-01-13 02:36:38,A,Android
3077,view,2023-01-13 20:35:49,A,iOS
3335,registration,2023-01-13 13:08:55,A,iOS
1075,click,2023-01-13 01:54:56,A,iOS
4874,click,2023-01-13 12:48:44,B,iOS
1666,registration,2023-01-13 09:18:09,B,iOS
5362,click,2023-01-13 13:50:58,A,iOS
8565,registration,2023-01-13 01:12:00,A,Android
7207,click,2023-01-13 17:24:03,B,Android
5425,click,2023-01-13 16:03:15,A,Android
4312,click,2023-01-13 11:29:30,A,Android
4593,view,2023-01-13 20:30:40,A,iOS
7499,click,2023-01-13 09:28:58,B,iOS
9824,view,2023-01-13 20:09:46,B,iOS
2768,click,2023-01-13 14:58:53,B,iOS
8261,registration,2023-01-13 17:11:09,A,Android
9343,view,2023-01-13 21:40:41,B,iOS
5828,registration,2023-01-13 19:39:34,B,Android
4254,view,2023-01-13 03:49:31,A,iOS
6544,click,2023-01-13 03:59:58,B,iOS
6151,purchase,2023-01-13 01:50:47,A,iOS
4081,click,2023-01-13 01:37:50,B,iOS
1541,view,2023-01-13 22:53:47,B,Android
3704,view,2023-01-13 01:52:32,B,Android
2914,registration,2023-01-13 17:42:55,A,Android
2158,view,2023-01-13 09:20:16,A,iOS
445,click,2023-01-13 22:25:44,B,Android
8931,click,2023-01-13 04:29:35,B,Android
6430,view,2023-01-13 15:15:16,A,Android
2208,registration,2023-01-13 05:52:04,A,Android
1469,view,2023-01-13 23:26:27,B,Android
6164,view,2023-01-13 05:27:00,A,iOS
9810,click,2023-01-13 08:28:26,B,iOS
6288,purchase,2023-01-13 20:02:53,B,Android
1288,view,2023-01-13 07:13:12,B,Android
8725,click,2023-01-13 16:07:43,A,iOS
2901,click,2023-01-13 15:01:32,A,Android
2556,click,2023-01-13 12:46:44,B,iOS
2228,click,2023-01-13 03:16:22,B,Android
7497,click,2023-01-13 12:10:38,B,iOS
7782,registration,2023-01-13 21:04:47,B,iOS
9538,click,2023-01-13 23:57:02,B,Android
1788,registration,2023-01-13 01:40:54,A,Android
8135,view,2023-01-13 22:13:20,B,iOS
6769,purchase,2023-01-13 15:22:30,A,Android
9453,click,2023-01-13 07:24:17,A,Android
6202,click,2023-01-13 05:30:29,A,Android
3087,view,2023-01-13 00:15:34,A,Android
2687,registration,2023-01-13 14:51:42,A,Android
4059,registration,2023-01-13 15:14:50,A,Android
1013,click,2023-01-13 21:40:50,A,Android
4624,click,2023-01-13 16:44:39,B,Android
7429,click,2023-01-13 10:08:10,A,iOS
6497,click,2023-01-13 13:46:56,B,iOS
8122,registration,2023-01-13 19:48:16,B,Android
4114,click,2023-01-13 22:42:02,B,Android
6084,purchase,2023-01-13 21:05:31,B,Android
5150,click,2023-01-13 10:18:07,B,iOS
685,view,2023-01-13 19:12:26,A,iOS
6602,registration,2023-01-13 15:20:56,A,Android
5077,view,2023-01-13 11:59:44,A,iOS
3416,registration,2023-01-13 19:31:35,B,iOS
9108,view,2023-01-13 16:25:43,B,iOS
8132,click,2023-01-13 15:27:13,A,Android
1697,view,2023-01-13 06:07:56,A,Android
9790,view,2023-01-13 07:11:31,A,Android
779,click,2023-01-13 02:15:10,A,iOS
1379,view,2023-01-13 16:01:21,B,iOS
5121,purchase,2023-01-13 14:05:59,B,iOS
1433,purchase,2023-01-13 04:00:55,A,Android
6349,click,2023-01-13 00:06:08,B,Android
9990,view,2023-01-13 11:11:55,B,iOS
5538,view,2023-01-13 04:48:23,B,iOS
6573,purchase,2023-01-13 05:49:50,A,iOS
1342,click,2023-01-13 01:40:01,B,Android
7831,view,2023-01-13 18:29:40,B,iOS
9625,view,2023-01-13 06:19:30,A,Android
6107,registration,2023-01-13 16:25:36,A,Android
2314,click,2023-01-13 12:52:08,B,Android
4979,purchase,2023-01-13 05:56:52,A,Android
6417,click,2023-01-13 11:09:13,A,iOS
4988,registration,2023-01-13 05:38:41,B,Android
6318,click,2023-01-13 00:20:07,A,Android
440,purchase,2023-01-13 16:08:13,A,Android
6782,click,2023-01-13 09:50:23,B,iOS
4746,click,2023-01-13 23:18:40,B,iOS
8717,registration,2023-01-13 16:10:39,B,iOS
5930,view,2023-01-13 19:16:01,A,iOS
4501,click,2023-01-13 15:47:41,A,Android
2876,view,2023-01-13 04:33:51,B,Android
5150,registration,2023-01-13 07:29:46,B,iOS
2811,purchase,2023-01-13 00:19:54,B,iOS
7381,view,2023-01-13 00:43:19,B,iOS
7806,view,2023-01-13 00:21:04,A,iOS
5651,purchase,2023-01-13 04:01:00,A,iOS
4502,click,2023-01-13 00:27:24,B,iOS
4357,view,2023-01-13 02:06:42,B,Android
8711,click,2023-01-13 05:46:34,A,iOS
4185,view,2023-01-13 18:32:43,B,Android
6667,view,2023-01-13 01:50:48,A,iOS
5,registration,2023-01-13 00:56:30,A,Android
4209,view,2023-01-13 17:49:38,B,Android
1432,click,2023-01-13 05:39:38,B,Android
2007,click,2023-01-13 21:40:38,B,Android
9757,click,2023-01-13 17:00:54,A,iOS
5774,click,2023-01-13 14:25:10,A,Android
3650,purchase,2023-01-13 12:52:38,A,iOS
434,view,2023-01-13 15:30:47,A,Android
302,view,2023-01-13 21:05:27,A,Android
2089,click,2023-01-13 04:56:46,B,iOS
9175,registration,2023-01-13 02:35:45,A,iOS
1408,registration,2023-01-13 22:57:44,A,Android
392,purchase,2023-01-13 03:53:44,B,iOS
7281,view,2023-01-13 02:43:21,B,iOS
4873,purchase,2023-01-13 08:58:47,B,iOS
2779,registration,2023-01-13 04:00:56,B,iOS
6973,view,2023-01-13 15:20:37,A,Android
2029,purchase,2023-01-13 17:11:53,A,iOS
818,click,2023-01-13 07:53:23,A,iOS
9207,view,2023-01-13 05:28:45,B,Android
8283,click,2023-01-13 07:27:25,B,iOS
6397,view,2023-01-13 02:23:41,A,iOS
3229,click,2023-01-13 02:15:48,B,iOS
8411,registration,2023-01-13 18:51:07,A,Android
47,click,2023-01-13 14:24:28,A,iOS
6924,click,2023-01-13 21:49:22,B,iOS
955,view,2023-01-13 16:37:43,A,Android
668,click,2023-01-13 17:38:40,A,Android
2957,click,2023-01-13 01:26:59,A,Android
7458,registration,2023-01-13 03:13:29,A,Android
1543,view,2023-01-13 17:05:34,A,iOS
5813,registration,2023-01-13 14:31:01,B,iOS
1750,registration,2023-01-13 16:36:25,A,Android
7010,purchase,2023-01-13 21:43:03,A,Android
4590,registration,2023-01-13 11:48:32,B,Android
3195,registration,2023-01-13 12:58:02,A,Android
9953,view,2023-01-13 20:36:14,A,iOS
8771,click,2023-01-13 23:20:13,B,iOS
3400,purchase,2023-01-13 17:02:14,B,Android
9281,view,2023-01-13 11:56:04,A,iOS
8173,click,2023-01-13 13:41:43,B,iOS
7611,view,2023-01-13 06:13:50,B,Android
7341,purchase,2023-01-13 18:43:16,A,iOS
8635,click,2023-01-13 11:43:59,B,Android
6337,registration,2023-01-13 20:03:30,B,iOS
5091,click,2023-01-13 18:54:40,B,iOS
6007,click,2023-01-13 15:15:24,B,Android
4959,purchase,2023-01-13 18:29:47,B,iOS
6278,view,2023-01-13 09:22:24,B,Android
2350,registration,2023-01-13 15:27:30,B,Android
433,view,2023-01-13 04:23:08,B,iOS
9926,click,2023-01-13 08:14:08,B,Android
9848,registration,2023-01-13 22:40:11,A,Android
1750,click,2023-01-13 06:34:09,A,Android
5476,purchase,2023-01-13 00:56:37,B,Android
4004,purchase,2023-01-13 15:16:03,A,Android
7213,registration,2023-01-13 03:28:46,B,Android
6824,click,2023-01-13 04:29:36,A,iOS
1858,view,2023-01-13 18:26:10,B,Android
3978,click,2023-01-13 20:06:21,B,iOS
5648,click,2023-01-13 06:00:25,B,iOS
8977,click,2023-01-13 06:49:25,A,iOS
4511,click,2023-01-13 11:05:10,A,iOS
9708,registration,2023-01-13 02:57:54,B,iOS
2133,view,2023-01-13 16:27:00,A,iOS
4108,click,2023-01-13 07:10:42,B,iOS
5507,purchase,2023-01-13 15:58:29,B,Android
1211,registration,2023-01-13 08:45:51,B,iOS
9592,registration,2023-01-13 20:03:25,A,Android
6604,registration,2023-01-13 06:59:40,B,Android
9346,view,2023-01-13 01:01:00,A,Android
5429,registration,2023-01-13 04:10:17,B,Android
6196,view,2023-01-13 12:11:14,B,iOS
592,click,2023-01-13 00:15:49,B,iOS
2548,purchase,2023-01-13 18:45:23,A,iOS
8932,click,2023-01-13 10:34:14,A,Android
452,purchase,2023-01-13 19:28:05,A,iOS
3033,registration,2023-01-13 01:19:56,B,Android
1799,click,2023-01-13 04:35:04,A,Android
969,click,2023-01-13 00:26:37,B,iOS
364,click,2023-01-13 01:27:04,B,Android
7798,click,2023-01-13 11:40:33,B,Android
4589,view,2023-01-13 16:56:48,A,iOS
826,registration,2023-01-13 23:31:03,A,iOS
4651,click,2023-01-13 21:45:19,B,Android
7919,view,2023-01-13 18:26:47,A,Android
810,registration,2023-01-13 06:00:17,B,Android
8022,view,2023-01-13 15:10:19,B,Android
1319,registration,2023-01-13 04:35:16,A,Android
538,click,2023-01-13 18:07:44,A,iOS
4556,click,2023-01-13 12:57:03,A,iOS
1854,click,2023-01-13 08:18:46,B,Android
5658,view,2023-01-13 09:48:16,A,Android
1717,purchase,2023-01-13 11:35:52,A,iOS
10,click,2023-01-13 21:20:33,A,iOS
5809,view,2023-01-13 05:23:54,A,iOS
5859,click,2023-01-13 16:44:49,A,iOS
3488,click,2023-01-13 15:55:47,B,iOS
6404,view,2023-01-13 02:37:36,A,Android
4884,registration,2023-01-13 21:10:25,B,Android
4295,registration,2023-01-13 17:24:05,A,Android
9842,view,2023-01-13 03:11:05,B,iOS
5305,click,2023-01-13 15:26:40,B,Android
2801,registration,2023-01-13 07:40:54,B,iOS
9339,registration,2023-01-13 14:04:25,B,Android
3623,purchase,2023-01-13 00:06:00,A,iOS
2390,click,2023-01-13 07:43:56,A,Android
3794,click,2023-01-13 22:05:20,A,Android
7205,click,2023-01-13 07:54:15,B,Android
9178,purchase,2023-01-13 19:53:48,B,Android
575,view,2023-01-13 09:13:44,B,iOS
2899,click,2023-01-13 14:21:13,B,Android
4160,view,2023-01-13 01:42:15,A,Android
1840,view,2023-01-13 01:23:52,A,Android
2613,view,2023-01-13 16:45:03,B,Android
2829,view,2023-01-13 17:17:57,A,Android
1557,view,2023-01-13 04:46:15,B,iOS
5095,click,2023-01-13 20:43:07,A,iOS
6525,registration,2023-01-13 23:31:25,A,Android
7515,registration,2023-01-13 10:03:25,A,iOS
7490,click,2023-01-13 02:54:56,B,Android
6216,registration,2023-01-13 23:24:26,A,iOS
6574,purchase,2023-01-13 21:50:12,A,Android
1149,click,2023-01-13 00:50:52,A,Android
6498,registration,2023-01-13 16:40:27,A,iOS
7250,click,2023-01-13 15:52:00,B,Android
7934,click,2023-01-13 19:29:49,B,iOS
5427,click,2023-01-13 19:15:33,B,Android
4312,registration,2023-01-13 12:58:45,A,Android
8072,click,2023-01-13 09:52:35,B,Android
1750,view,2023-01-13 15:46:48,A,Android
2194,click,2023-01-13 09:32:43,B,Android
2930,registration,2023-01-13 02:24:08,A,Android
7872,view,2023-01-13 03:38:11,A,Android
8517,registration,2023-01-13 14:37:29,B,iOS
6176,purchase,2023-01-13 03:43:02,A,Android
4968,registration,2023-01-13 23:56:32,A,Android
1106,view,2023-01-13 05:47:39,A,iOS
5851,click,2023-01-13 18:03:33,A,Android
3242,click,2023-01-13 14:14:00,B,Android
2806,view,2023-01-13 04:17:11,B,iOS
4972,click,2023-01-13 23:06:53,A,iOS
5542,view,2023-01-13 15:59:48,B,iOS
9007,click,2023-01-13 07:50:49,B,iOS
5688,view,2023-01-13 17:48:16,A,iOS
5119,click,2023-01-13 00:06:46,B,Android
2217,view,2023-01-13 02:58:17,B,iOS
3926,click,2023-01-13 21:53:31,B,iOS
8053,click,2023-01-13 01:15:35,B,iOS
7171,view,2023-01-13 21:14:42,A,iOS
4625,view,2023-01-13 20:15:05,A,Android
4794,registration,2023-01-13 03:54:54,B,Android
3193,click,2023-01-13 20:21:10,B,iOS
7839,click,2023-01-13 10:09:04,B,iOS
4415,view,2023-01-13 19:42:18,A,Android
8100,click,2023-01-13 03:14:00,B,Android
8209,click,2023-01-13 09:51:01,B,Android
5883,click,2023-01-13 08:51:22,A,iOS
1567,registration,2023-01-13 02:18:09,B,Android
1787,view,2023-01-13 03:37:18,A,iOS
5447,registration,2023-01-13 00:21:51,B,Android
1643,click,2023-01-13 03:31:23,B,Android
4197,click,2023-01-13 07:30:54,B,iOS
5054,registration,2023-01-13 03:45:18,B,Android
9396,click,2023-01-13 11:37:51,B,iOS
428,registration,2023-01-13 09:16:59,B,Android
7756,click,2023-01-13 21:54:15,B,Android
25,click,2023-01-13 10:57:42,B,Android
5837,view,2023-01-13 12:33:45,B,iOS
6292,click,2023-01-13 02:20:34,A,Android
375,click,2023-01-13 18:53:05,A,iOS
2931,view,2023-01-13 20:01:38,B,iOS
9806,click,2023-01-13 04:36:22,B,Android
6282,registration,2023-01-13 16:12:13,B,iOS
9902,view,2023-01-13 00:00:53,B,Android
8208,view,2023-01-13 10:30:57,A,Android
6746,view,2023-01-13 10:49:31,A,Android
1620,click,2023-01-13 13:12:44,A,iOS
6770,click,2023-01-13 14:55:44,A,Android
5026,click,2023-01-13 21:12:06,B,iOS
6009,registration,2023-01-13 19:07:50,B,Android
9081,click,2023-01-13 10:23:34,B,Android
2917,click,2023-01-13 00:44:44,A,Android
4655,click,2023-01-13 11:11:45,B,iOS
4664,view,2023-01-13 13:21:46,B,Android
1308,registration,2023-01-13 01:54:54,A,Android
3689,view,2023-01-13 13:52:00,B,Android
1804,purchase,2023-01-13 01:00:20,A,iOS
708,click,2023-01-13 00:49:56,A,Android
554,click,2023-01-13 21:20:28,A,iOS
7520,registration,2023-01-13 13:55:18,A,Android
3769,click,2023-01-13 05:45:42,B,iOS
7295,view,2023-01-13 05:46:23,A,iOS
5213,click,2023-01-13 08:21:14,A,iOS
8498,click,2023-01-13 07:30:42,B,iOS
9098,view,2023-01-13 17:22:02,B,Android
4308,purchase,2023-01-13 20:37:22,A,Android
9246,registration,2023-01-13 10:57:31,A,Android
6151,click,2023-01-13 02:00:30,A,iOS
3468,view,2023-01-13 00:41:22,B,iOS
6890,click,2023-01-13 17:41:49,A,iOS
6408,click,2023-01-13 15:37:59,A,iOS
7123,click,2023-01-13 16:43:40,B,iOS
9524,purchase,2023-01-13 17:06:04,B,Android
8321,view,2023-01-13 01:47:28,B,Android
9708,registration,2023-01-13 03:42:18,B,iOS
7526,click,2023-01-13 16:03:05,B,iOS
2890,click,2023-01-13 14:01:32,B,iOS
1415,click,2023-01-13 16:08:29,A,Android
5984,click,2023-01-13 16:33:37,A,Android
2621,registration,2023-01-13 19:56:06,B,Android
2701,click,2023-01-13 20:49:46,A,Android
645,click,2023-01-13 07:10:02,B,Android
8378,click,2023-01-13 18:29:33,B,iOS
2890,click,2023-01-13 16:32:11,B,iOS
3114,click,2023-01-13 01:00:19,B,Android
348,view,2023-01-13 02:47:18,A,iOS
6252,purchase,2023-01-13 03:27:48,A,iOS
2461,click,2023-01-13 17:36:29,A,iOS
4900,purchase,2023-01-13 01:21:14,A,iOS
2008,click,2023-01-13 10:16:39,B,Android
3524,click,2023-01-13 20:09:49,A,Android
8798,view,2023-01-13 01:20:30,A,iOS
9988,view,2023-01-13 07:36:17,B,Android
5711,click,2023-01-13 06:53:22,B,Android
3821,purchase,2023-01-13 01:27:39,A,iOS
6747,registration,2023-01-13 04:21:51,B,Android
2750,view,2023-01-13 21:21:09,B,Android
8821,registration,2023-01-13 08:21:31,B,iOS
9449,click,2023-01-13 16:25:01,A,iOS
8994,purchase,2023-01-13 11:25:14,A,iOS
816,click,2023-01-13 14:12:14,A,iOS
7700,view,2023-01-13 02:32:41,B,iOS
714,view,2023-01-13 12:35:56,B,Android
130,click,2023-01-13 02:40:07,A,iOS
9933,registration,2023-01-13 13:38:03,A,Android
8975,click,2023-01-13 12:11:55,B,Android
625,click,2023-01-13 16:28:31,A,Android
9819,purchase,2023-01-13 14:01:29,A,Android
3089,click,2023-01-13 19:49:22,A,Android
3753,registration,2023-01-13 23:04:07,A,Android
2688,click,2023-01-13 02:19:15,A,Android
238,click,2023-01-13 08:51:10,B,Android
2592,registration,2023-01-13 02:59:24,B,iOS
7756,registration,2023-01-13 00:22:52,B,Android
5217,view,2023-01-13 22:25:41,A,iOS
4233,view,2023-01-13 23:56:06,A,iOS
9892,purchase,2023-01-13 04:13:06,B,Android
6448,view,2023-01-13 21:55:17,A,iOS
6318,click,2023-01-13 00:45:43,A,Android
9817,click,2023-01-13 12:41:20,B,iOS
3398,purchase,2023-01-13 04:47:03,A,Android
4345,click,2023-01-13 00:51:03,A,Android
5446,view,2023-01-13 03:30:54,A,iOS
4103,click,2023-01-13 14:46:13,B,Android
219,registration,2023-01-13 19:37:53,A,Android
2248,view,2023-01-13 08:15:06,A,iOS
634,click,2023-01-13 10:45:04,B,iOS
4536,click,2023-01-13 19:00:04,B,iOS
6819,click,2023-01-13 15:33:21,B,iOS
6855,purchase,2023-01-13 20:17:47,B,Android
3161,view,2023-01-13 12:48:58,B,Android
2289,click,2023-01-13 01:00:59,B,Android
130,view,2023-01-13 01:18:27,A,iOS
1856,registration,2023-01-13 23:09:09,A,Android
3441,registration,2023-01-13 22:43:16,B,iOS
4538,view,2023-01-13 09:50:35,B,Android
9961,registration,2023-01-13 15:17:28,B,iOS
6017,click,2023-01-13 07:58:02,B,iOS
332,view,2023-01-13 02:34:33,A,Android
4207,click,2023-01-13 17:37:28,B,iOS
5016,click,2023-01-13 13:43:17,A,iOS
7756,registration,2023-01-13 08:47:44,B,Android
1819,click,2023-01-13 11:42:32,A,iOS
9959,view,2023-01-13 02:16:11,A,iOS
3972,view,2023-01-13 06:41:53,B,iOS
208,click,2023-01-13 11:29:06,B,iOS
2950,view,2023-01-13 06:04:46,B,iOS
7820,view,2023-01-13 07:20:45,B,Android
314,registration,2023-01-13 13:30:13,A,iOS
1852,registration,2023-01-13 00:34:56,B,Android
5014,view,2023-01-13 13:18:41,B,Android
9978,click,2023-01-13 19:18:50,B,Android
9997,click,2023-01-13 16:06:43,B,iOS
5969,click,2023-01-13 16:05:41,A,iOS
6404,click,2023-01-13 16:54:44,A,Android
2163,purchase,2023-01-13 19:18:33,A,Android
7094,click,2023-01-13 09:26:55,A,iOS
666,click,2023-01-13 19:02:42,B,iOS
1156,click,2023-01-13 10:24:41,A,Android
6774,click,2023-01-13 15:58:38,A,iOS
5204,click,2023-01-13 09:31:46,A,iOS
2386,purchase,2023-01-13 18:22:21,A,Android
6046,click,2023-01-13 07:17:34,A,iOS
8787,view,2023-01-13 10:55:58,A,Android
7984,view,2023-01-13 01:54:50,B,iOS
6373,click,2023-01-13 06:46:53,A,Android
4058,view,2023-01-13 14:43:06,A,Android
7838,click,2023-01-13 03:48:36,A,iOS
7118,click,2023-01-13 06:48:35,A,Android
3463,purchase,2023-01-13 04:15:58,A,Android
6977,view,2023-01-13 12:34:32,A,Android
1725,click,2023-01-13 06:02:16,B,iOS
6730,click,2023-01-13 18:59:13,B,iOS
4067,click,2023-01-13 22:59:15,B,Android
5432,view,2023-01-13 02:40:27,B,iOS
9697,view,2023-01-13 21:07:53,A,Android
1519,click,2023-01-13 00:39:34,B,iOS
9640,view,2023-01-13 13:46:29,A,Android
4799,purchase,2023-01-13 22:05:04,B,Android
1515,registration,2023-01-13 20:19:28,A,iOS
1989,click,2023-01-13 07:35:37,A,iOS
5291,registration,2023-01-13 21:34:51,B,Android
5332,click,2023-01-13 05:08:05,B,Android
5347,click,2023-01-13 08:55:47,A,iOS
9070,click,2023-01-13 23:17:01,B,Android
9059,registration,2023-01-13 14:53:17,A,Android
8495,view,2023-01-13 23:56:59,B,iOS
6519,registration,2023-01-13 20:21:57,A,Android
1773,registration,2023-01-13 03:33:41,B,Android
6389,view,2023-01-13 07:22:51,B,iOS
3002,click,2023-01-13 12:37:50,B,Android
7877,click,2023-01-13 11:24:25,B,iOS
1506,registration,2023-01-13 19:09:03,A,Android
3739,registration,2023-01-13 16:41:25,A,iOS
8699,click,2023-01-13 23:05:54,B,Android
5287,registration,2023-01-13 14:50:20,A,Android
3409,registration,2023-01-13 03:04:31,A,iOS
7772,click,2023-01-13 12:18:44,A,Android
6151,view,2023-01-13 16:42:58,A,iOS
5796,registration,2023-01-13 14:17:12,B,iOS
7713,click,2023-01-13 18:32:26,B,Android
4286,view,2023-01-13 18:44:08,A,iOS
1716,click,2023-01-13 17:22:04,B,Android
617,view,2023-01-13 12:55:07,A,Android
1518,click,2023-01-13 05:47:34,B,iOS
6265,click,2023-01-13 22:23:59,A,iOS
8996,purchase,2023-01-13 08:39:20,B,iOS
4681,registration,2023-01-13 09:05:56,A,Android
7634,registration,2023-01-13 11:14:33,A,Android
6908,click,2023-01-13 15:42:19,A,Android
4400,click,2023-01-13 13:45:50,B,Android
6857,registration,2023-01-13 04:36:07,A,iOS
5217,click,2023-01-13 04:58:35,A,iOS
6260,view,2023-01-13 05:13:39,A,Android
7751,registration,2023-01-13 01:27:12,A,iOS
7362,click,2023-01-13 15:00:16,A,iOS
9566,view,2023-01-13 18:15:55,B,Android
9680,click,2023-01-13 01:50:14,A,Android
9078,click,2023-01-13 02:28:15,A,iOS
4459,purchase,2023-01-13 08:09:25,A,Android
3673,view,2023-01-13 01:17:08,A,Android
3773,registration,2023-01-13 11:23:43,B,Android
6197,click,2023-01-13 04:52:03,A,iOS
2917,click,2023-01-13 18:50:23,A,Android
8922,click,2023-01-13 03:35:31,B,iOS
4458,view,2023-01-13 18:09:55,B,iOS
5407,click,2023-01-13 03:23:23,B,Android
2378,purchase,2023-01-13 05:53:24,A,Android
6158,click,2023-01-13 20:13:24,B,iOS
8230,view,2023-01-13 16:11:58,A,iOS
6099,click,2023-01-13 16:01:17,B,iOS
9142,click,2023-01-13 23:58:26,B,iOS
5450,view,2023-01-13 12:22:33,B,iOS
6046,view,2023-01-13 14:46:29,A,iOS
7906,registration,2023-01-13 09:01:09,B,iOS
9696,click,2023-01-13 23:27:17,B,iOS
89,view,2023-01-13 16:36:05,B,Android
4768,registration,2023-01-13 21:54:11,B,Android
9161,purchase,2023-01-13 21:46:14,B,Android
5896,view,2023-01-13 09:29:33,B,Android
3540,view,2023-01-13 16:49:32,A,Android
5385,click,2023-01-13 08:54:19,A,iOS
1012,click,2023-01-13 03:32:40,B,Android
2940,view,2023-01-13 13:56:50,B,iOS
1349,view,2023-01-13 21:09:00,B,iOS
4975,view,2023-01-13 23:46:36,A,iOS
7669,purchase,2023-01-13 11:42:33,B,iOS
9097,click,2023-01-13 09:50:02,B,Android
8480,click,2023-01-13 06:18:47,B,Android
1949,registration,2023-01-13 15:03:48,A,Android
2463,view,2023-01-13 15:12:29,A,iOS
7656,purchase,2023-01-13 23:00:30,B,iOS
331,registration,2023-01-13 20:15:38,A,Android
8431,view,2023-01-13 13:05:27,A,iOS
2351,registration,2023-01-13 09:42:42,B,iOS
7250,view,2023-01-13 03:54:10,B,Android
4456,click,2023-01-13 15:15:02,A,iOS
8717,registration,2023-01-13 03:51:10,B,iOS
4626,click,2023-01-13 00:58:09,B,Android
384,click,2023-01-13 00:53:59,B,iOS
8758,registration,2023-01-13 17:47:46,B,iOS
9831,registration,2023-01-13 21:17:24,B,Android
9537,click,2023-01-13 18:09:22,B,iOS
2783,click,2023-01-13 13:52:13,A,Android
8055,click,2023-01-13 23:06:19,A,iOS
1302,view,2023-01-13 23:08:10,A,iOS
821,view,2023-01-13 17:05:51,A,Android
8182,purchase,2023-01-13 15:12:42,B,iOS
5891,purchase,2023-01-13 09:18:51,A,iOS
8276,view,2023-01-13 09:36:47,B,iOS
6951,click,2023-01-13 09:57:19,B,iOS
9021,click,2023-01-13 18:07:03,B,Android
8966,purchase,2023-01-13 08:54:53,B,iOS
9032,click,2023-01-13 10:59:35,A,Android
8857,click,2023-01-13 09:46:38,A,Android
6158,registration,2023-01-13 17:12:51,B,iOS
4945,click,2023-01-13 08:56:25,B,iOS
1447,registration,2023-01-13 09:16:24,B,iOS
782,click,2023-01-13 02:42:14,A,iOS
9861,purchase,2023-01-13 06:49:31,B,Android
4279,click,2023-01-13 23:38:24,A,iOS
3966,view,2023-01-13 16:00:15,A,iOS
5718,click,2023-01-13 08:37:58,A,iOS
8593,registration,2023-01-13 20:03:55,B,Android
8903,registration,2023-01-13 07:43:53,B,Android
4455,click,2023-01-13 02:01:09,B,Android
5299,click,2023-01-13 01:42:48,B,Android
4019,click,2023-01-13 14:11:46,A,Android
2594,registration,2023-01-13 07:25:56,B,Android
5071,view,2023-01-13 06:23:03,B,Android
2035,view,2023-01-13 07:39:23,B,iOS
3475,click,2023-01-14 10:53:27,B,iOS
9579,click,2023-01-14 08:31:19,B,Android
6924,click,2023-01-14 14:08:28,B,iOS
3764,purchase,2023-01-14 00:14:04,A,iOS
1151,view,2023-01-14 10:25:14,A,Android
6109,view,2023-01-14 19:43:59,A,iOS
1302,registration,2023-01-14 13:29:42,A,iOS
6616,click,2023-01-14 19:23:56,A,iOS
9853,purchase,2023-01-14 19:23:55,B,Android
1386,click,2023-01-14 15:33:11,A,Android
1528,view,2023-01-14 14:48:00,A,iOS
952,registration,2023-01-14 11:32:52,B,Android
9840,click,2023-01-14 13:27:29,B,iOS
633,view,2023-01-14 20:20:09,A,Android
7297,registration,2023-01-14 21:18:05,A,iOS
5950,click,2023-01-14 04:40:32,B,iOS
466,registration,2023-01-14 12:12:42,A,iOS
6493,click,2023-01-14 10:06:38,A,iOS
7787,click,2023-01-14 04:18:03,A,Android
2126,registration,2023-01-14 16:23:56,B,iOS
6147,click,2023-01-14 07:54:58,B,iOS
6411,registration,2023-01-14 18:35:12,B,iOS
7445,click,2023-01-14 21:11:17,B,iOS
8722,click,2023-01-14 19:13:54,A,Android
3666,click,2023-01-14 02:55:55,B,Android
3084,view,2023-01-14 11:52:54,A,Android
6472,click,2023-01-14 23:31:42,B,Android
9271,registration,2023-01-14 14:45:25,B,Android
9825,registration,2023-01-14 02:21:47,A,iOS
6649,click,2023-01-14 05:36:45,B,iOS
5515,click,2023-01-14 13:37:04,A,iOS
4469,registration,2023-01-14 01:36:34,A,iOS
8704,registration,2023-01-14 14:48:41,A,iOS
7758,click,2023-01-14 00:13:27,B,Android
8766,registration,2023-01-14 12:02:40,A,iOS
9832,view,2023-01-14 23:15:06,B,iOS
877,click,2023-01-14 06:47:55,A,Android
9905,view,2023-01-14 02:23:19,A,Android
3299,view,2023-01-14 19:23:09,B,iOS
6833,view,2023-01-14 22:23:37,B,Android
4718,view,2023-01-14 09:30:49,B,Android
1130,click,2023-01-14 19:46:33,B,iOS
9380,view,2023-01-14 14:51:34,A,iOS
6910,click,2023-01-14 12:25:29,A,iOS
2213,registration,2023-01-14 06:21:47,A,Android
9216,view,2023-01-14 23:11:16,A,iOS
2500,view,2023-01-14 15:20:22,A,iOS
50,view,2023-01-14 06:32:08,A,Android
3538,click,2023-01-14 03:45:52,B,Android
5509,view,2023-01-14 09:57:49,A,Android
5563,view,2023-01-14 11:56:07,B,iOS
5783,view,2023-01-14 11:09:16,A,Android
7362,registration,2023-01-14 08:42:24,A,iOS
7303,click,2023-01-14 22:56:16,B,iOS
5613,click,2023-01-14 16:06:53,A,iOS
8213,purchase,2023-01-14 04:50:23,A,Android
4220,purchase,2023-01-14 16:09:20,B,iOS
9677,view,2023-01-14 15:55:30,A,iOS
7415,click,2023-01-14 04:52:00,B,Android
7463,click,2023-01-14 03:59:12,B,iOS
9935,view,2023-01-14 14:30:49,B,Android
8488,view,2023-01-14 20:02:26,A,iOS
7916,click,2023-01-14 01:59:03,A,iOS
85,view,2023-01-14 13:19:05,B,Android
8386,click,2023-01-14 03:33:24,A,Android
7686,registration,2023-01-14 11:44:07,A,Android
917,click,2023-01-14 12:30:00,B,iOS
6324,registration,2023-01-14 08:55:48,A,Android
9699,view,2023-01-14 09:30:42,A,iOS
5361,view,2023-01-14 04:46:02,B,iOS
2724,purchase,2023-01-14 04:18:13,A,iOS
3006,click,2023-01-14 10:56:14,B,iOS
5762,registration,2023-01-14 16:52:40,A,Android
9378,click,2023-01-14 18:50:40,A,iOS
5045,registration,2023-01-14 14:10:38,B,iOS
370,click,2023-01-14 16:48:54,B,iOS
4788,view,2023-01-14 05:47:13,B,Android
306,view,2023-01-14 04:41:38,B,Android
5226,click,2023-01-14 13:59:47,B,iOS
2076,view,2023-01-14 15:47:23,A,iOS
7289,click,2023-01-14 05:39:52,B,iOS
8070,view,2023-01-14 07:46:46,A,iOS
231,view,2023-01-14 13:15:30,A,Android
1428,purchase,2023-01-14 22:27:56,A,iOS
8957,click,2023-01-14 16:07:24,B,iOS
6595,purchase,2023-01-14 16:49:33,A,iOS
3973,click,2023-01-14 18:33:42,A,iOS
7927,view,2023-01-14 23:54:35,B,iOS
589,click,2023-01-14 22:31:54,A,iOS
9251,registration,2023-01-14 10:25:55,B,iOS
2876,view,2023-01-14 07:05:00,B,Android
1334,click,2023-01-14 23:32:22,A,iOS
89,registration,2023-01-14 07:09:24,B,Android
3618,view,2023-01-14 15:18:02,A,iOS
9293,click,2023-01-14 03:33:12,B,iOS
3220,purchase,2023-01-14 08:26:03,A,iOS
7710,view,2023-01-14 05:03:41,A,Android
7641,click,2023-01-14 04:27:58,B,Android
8621,click,2023-01-14 00:09:29,B,iOS
9430,view,2023-01-14 17:57:01,A,Android
453,registration,2023-01-14 19:31:03,A,Android
2790,view,2023-01-14 00:51:51,B,Android
5551,click,2023-01-14 23:16:27,B,Android
4406,click,2023-01-14 15:24:44,A,Android
9180,view,2023-01-14 07:25:43,A,iOS
9315,click,2023-01-14 13:27:03,A,Android
3162,purchase,2023-01-14 00:46:04,A,iOS
2545,click,2023-01-14 13:25:59,B,Android
6241,view,2023-01-14 01:21:35,A,iOS
1393,view,2023-01-14 07:50:15,B,iOS
9309,click,2023-01-14 12:53:57,B,Android
3457,view,2023-01-14 06:56:09,B,iOS
9052,registration,2023-01-14 22:46:03,B,Android
4266,click,2023-01-14 22:49:26,B,iOS
8067,click,2023-01-14 12:25:24,A,iOS
7339,purchase,2023-01-14 03:41:58,B,iOS
1308,registration,2023-01-14 11:33:08,A,Android
4667,click,2023-01-14 14:23:33,A,iOS
1332,click,2023-01-14 12:34:10,B,Android
9963,click,2023-01-14 13:48:07,A,iOS
2647,purchase,2023-01-14 14:04:21,A,iOS
671,click,2023-01-14 09:25:35,B,iOS
2612,registration,2023-01-14 14:35:47,A,Android
1177,click,2023-01-14 11:32:32,B,Android
3156,view,2023-01-14 21:47:38,A,iOS
1855,click,2023-01-14 01:50:21,A,iOS
5829,click,2023-01-14 13:23:31,A,iOS
9170,click,2023-01-14 01:03:46,B,iOS
4533,registration,2023-01-14 18:08:52,B,Android
9138,registration,2023-01-14 17:29:45,B,Android
7481,click,2023-01-14 08:50:05,B,iOS
6046,view,2023-01-14 22:23:05,A,iOS
2661,click,2023-01-14 06:05:38,A,iOS
949,view,2023-01-14 19:15:08,B,Android
2150,view,2023-01-14 12:20:28,A,Android
3997,view,2023-01-14 21:17:05,B,Android
3554,click,2023-01-14 02:40:29,A,Android
1862,view,2023-01-14 14:30:18,A,iOS
3446,view,2023-01-14 18:57:20,A,iOS
4591,registration,2023-01-14 03:06:34,A,Android
8484,view,2023-01-14 14:39:33,B,Android
813,click,2023-01-14 22:38:20,A,iOS
6967,view,2023-01-14 18:34:41,A,iOS
9413,registration,2023-01-14 14:08:35,A,iOS
2384,view,2023-01-14 09:16:09,A,iOS
5911,view,2023-01-14 08:31:27,B,iOS
7632,registration,2023-01-14 08:33:16,A,iOS
7943,purchase,2023-01-14 12:38:03,A,iOS
2530,click,2023-01-14 16:08:39,A,Android
2575,purchase,2023-01-14 06:34:38,A,iOS
964,click,2023-01-14 16:53:21,A,Android
4693,click,2023-01-14 01:50:14,B,Android
3325,click,2023-01-14 17:22:51,B,iOS
2880,view,2023-01-14 20:02:19,B,iOS
2198,click,2023-01-14 20:22:42,B,Android
4882,registration,2023-01-14 00:56:34,A,Android
9466,click,2023-01-14 18:18:52,A,Android
9337,purchase,2023-01-14 13:47:39,B,iOS
593,click,2023-01-14 04:23:35,A,Android
349,purchase,2023-01-14 18:54:02,A,iOS
7123,view,2023-01-14 22:11:31,B,iOS
5426,click,2023-01-14 08:43:17,A,iOS
8794,view,2023-01-14 01:09:51,A,iOS
4927,click,2023-01-14 21:46:27,A,iOS
9058,click,2023-01-14 13:12:29,B,iOS
9136,view,2023-01-14 17:27:57,A,iOS
7899,click,2023-01-14 16:56:49,A,Android
6278,click,2023-01-14 04:48:30,B,Android
5696,click,2023-01-14 16:38:33,A,iOS
4316,click,2023-01-14 12:24:05,B,iOS
9451,click,2023-01-14 12:19:12,A,Android
4810,view,2023-01-14 04:04:11,B,iOS
9877,click,2023-01-14 13:11:35,B,iOS
170,registration,2023-01-14 05:49:58,A,Android
8174,click,2023-01-14 22:28:28,B,iOS
6529,view,2023-01-14 11:13:46,B,Android
4270,click,2023-01-14 05:30:50,A,Android
3118,view,2023-01-14 16:37:33,B,iOS
9125,click,2023-01-14 23:26:39,B,iOS
7301,registration,2023-01-14 01:04:45,A,Android
4937,click,2023-01-14 06:28:26,B,Android
5,click,2023-01-14 02:43:54,A,Android
3946,registration,2023-01-14 18:03:49,B,Android
7839,purchase,2023-01-14 01:25:30,B,iOS
736,click,2023-01-14 18:08:44,B,iOS
9424,purchase,2023-01-14 09:07:21,A,Android
8829,view,2023-01-14 20:10:16,B,iOS
9515,view,2023-01-14 00:11:06,B,iOS
1852,registration,2023-01-14 00:15:27,B,Android
85,registration,2023-01-14 13:22:38,B,Android
5811,purchase,2023-01-14 18:10:28,B,Android
5313,view,2023-01-14 23:45:58,A,Android
1450,purchase,2023-01-14 19:10:46,B,Android
9156,view,2023-01-14 07:31:36,A,iOS
523,view,2023-01-14 03:02:34,A,iOS
1245,click,2023-01-14 15:27:05,B,iOS
2841,view,2023-01-14 12:14:57,B,Android
7699,click,2023-01-14 22:51:58,B,Android
816,view,2023-01-14 16:48:57,A,iOS
2908,click,2023-01-14 02:20:20,A,iOS
7725,click,2023-01-14 21:21:09,A,Android
2083,registration,2023-01-14 03:29:39,A,iOS
8061,click,2023-01-14 02:09:07,A,iOS
1097,view,2023-01-14 16:45:00,B,iOS
1815,registration,2023-01-14 21:46:26,B,Android
8066,click,2023-01-14 21:54:39,B,iOS
8929,click,2023-01-14 18:24:03,A,iOS
2026,registration,2023-01-14 10:52:29,A,Android
6884,click,2023-01-14 20:50:23,B,Android
6289,click,2023-01-14 00:32:54,A,Android
1495,registration,2023-01-14 03:13:28,A,iOS
9371,purchase,2023-01-14 23:50:11,A,Android
2849,click,2023-01-14 18:30:15,B,Android
1183,registration,2023-01-14 09:03:09,B,Android
7452,view,2023-01-14 02:37:39,A,Android
4354,purchase,2023-01-14 16:42:22,B,iOS
138,purchase,2023-01-14 07:05:01,B,Android
3547,view,2023-01-14 23:28:23,A,iOS
7830,view,2023-01-14 21:29:42,B,iOS
7521,registration,2023-01-14 16:03:26,A,iOS
1522,click,2023-01-14 05:25:29,B,Android
5010,click,2023-01-14 04:02:21,A,iOS
4715,purchase,2023-01-14 22:10:53,B,iOS
9331,registration,2023-01-14 15:50:27,A,iOS
4554,view,2023-01-14 06:56:32,B,iOS
6673,click,2023-01-14 14:47:12,A,iOS
3415,click,2023-01-14 22:40:53,A,Android
5176,registration,2023-01-14 10:30:01,A,Android
233,registration,2023-01-14 10:49:20,B,Android
703,view,2023-01-14 15:55:38,A,Android
3249,click,2023-01-14 12:31:30,A,iOS
846,click,2023-01-14 14:35:00,B,Android
2122,view,2023-01-14 20:52:02,B,Android
1457,click,2023-01-14 07:37:20,A,iOS
8500,click,2023-01-14 04:28:55,B,Android
488,click,2023-01-14 18:26:57,A,iOS
6196,view,2023-01-14 07:50:32,B,iOS
71,purchase,2023-01-14 11:15:01,A,iOS
5152,view,2023-01-14 17:17:05,A,iOS
2638,registration,2023-01-14 23:04:54,B,iOS
1464,click,2023-01-14 23:45:54,B,Android
7482,view,2023-01-14 01:57:28,B,iOS
295,view,2023-01-14 20:24:01,A,iOS
8667,click,2023-01-14 05:17:09,A,Android
5190,view,2023-01-14 15:29:18,B,Android
8595,view,2023-01-14 09:29:35,A,iOS
5943,registration,2023-01-14 05:33:41,A,iOS
7519,view,2023-01-14 03:00:14,A,iOS
4209,click,2023-01-14 15:05:57,B,Android
3530,click,2023-01-14 07:16:35,A,iOS
4024,click,2023-01-14 20:40:23,B,iOS
8235,click,2023-01-14 18:39:08,B,Android
9836,click,2023-01-14 05:30:21,B,iOS
9874,click,2023-01-14 22:08:36,B,Android
8187,click,2023-01-14 20:54:32,A,iOS
1117,registration,2023-01-14 14:26:39,A,Android
5364,view,2023-01-14 17:02:34,B,Android
6844,click,2023-01-14 20:59:17,A,Android
812,view,2023-01-14 17:09:15,B,iOS
457,click,2023-01-14 11:27:53,A,Android
993,click,2023-01-14 04:51:55,A,Android
483,click,2023-01-14 19:57:22,B,iOS
993,view,2023-01-14 04:17:30,A,Android
227,view,2023-01-14 13:01:22,B,Android
5916,click,2023-01-14 21:42:11,A,Android
2172,click,2023-01-14 14:01:19,B,iOS
9556,click,2023-01-14 16:56:15,B,Android
1958,view,2023-01-14 12:37:45,B,iOS
4453,click,2023-01-14 02:10:07,B,iOS
9060,registration,2023-01-14 04:38:43,B,iOS
2706,purchase,2023-01-14 15:06:26,B,iOS
3757,click,2023-01-14 01:09:54,A,Android
5325,registration,2023-01-14 17:25:33,B,iOS
1834,view,2023-01-14 21:34:51,B,iOS
6278,registration,2023-01-14 12:33:19,B,Android
7700,click,2023-01-14 05:31:27,B,iOS
9204,click,2023-01-14 07:48:36,A,Android
4830,view,2023-01-14 08:52:42,A,iOS
7030,view,2023-01-14 11:21:40,B,iOS
4163,click,2023-01-14 17:38:45,A,iOS
5513,view,2023-01-14 16:50:29,A,Android
6230,registration,2023-01-14 23:26:50,A,iOS
5713,view,2023-01-14 19:33:15,A,Android
2941,click,2023-01-14 10:45:33,B,iOS
5831,registration,2023-01-14 19:05:12,A,Android
7447,registration,2023-01-14 11:34:57,A,Android
9162,click,2023-01-14 03:29:49,B,iOS
9896,view,2023-01-14 17:38:40,B,Android
2455,registration,2023-01-14 18:21:52,B,Android
7363,click,2023-01-14 20:46:56,B,Android
7995,click,2023-01-14 06:04:14,B,Android
2740,click,2023-01-14 19:19:56,B,iOS
6229,click,2023-01-14 09:01:53,B,Android
7119,view,2023-01-14 05:28:33,A,Android
8349,click,2023-01-14 22:41:39,A,Android
1702,view,2023-01-14 10:57:55,A,iOS
5320,view,2023-01-14 23:13:35,B,Android
2574,view,2023-01-14 16:01:07,B,Android
9266,view,2023-01-14 03:35:43,B,iOS
1616,click,2023-01-14 21:03:54,B,iOS
4950,registration,2023-01-14 22:57:43,A,iOS
5803,view,2023-01-14 05:22:01,B,iOS
9322,view,2023-01-14 03:58:01,B,Android
9511,view,2023-01-14 21:17:27,A,iOS
8439,view,2023-01-14 08:02:13,A,iOS
576,registration,2023-01-14 09:32:01,B,iOS
8,click,2023-01-14 08:26:25,A,Android
6420,view,2023-01-14 12:01:28,B,iOS
9742,click,2023-01-14 14:24:06,A,Android
1310,click,2023-01-14 06:36:00,A,Android
7865,purchase,2023-01-14 16:32:32,A,iOS
6835,click,2023-01-14 11:32:51,A,Android
2153,view,2023-01-14 08:52:26,B,iOS
9424,click,2023-01-14 10:04:27,A,Android
4099,purchase,2023-01-14 09:13:35,B,iOS
8754,view,2023-01-14 02:41:06,A,Android
8330,click,2023-01-14 13:25:02,B,iOS
5983,click,2023-01-14 02:24:51,B,iOS
817,click,2023-01-14 01:22:46,B,Android
731,registration,2023-01-14 20:24:41,A,Android
1562,registration,2023-01-14 07:00:52,A,iOS
1720,click,2023-01-14 15:36:11,B,iOS
8805,click,2023-01-14 16:15:47,A,iOS
4617,click,2023-01-14 13:47:23,B,Android
3268,click,2023-01-14 22:01:05,A,Android
2875,click,2023-01-14 17:56:00,A,iOS
7917,view,2023-01-14 02:18:27,B,iOS
7747,registration,2023-01-14 18:33:23,B,iOS
7031,view,2023-01-14 19:36:45,A,iOS
5435,view,2023-01-14 14:02:06,A,iOS
3574,view,2023-01-14 02:31:35,B,Android
2722,registration,2023-01-14 18:07:28,B,iOS
6704,click,2023-01-14 21:07:36,B,Android
5374,registration,2023-01-14 23:23:54,B,iOS
3189,click,2023-01-14 01:30:08,A,Android
8132,click,2023-01-14 22:54:09,A,Android
6639,registration,2023-01-14 07:05:48,B,iOS
5587,click,2023-01-14 01:24:57,A,iOS
4921,view,2023-01-14 19:27:33,A,Android
6129,view,2023-01-14 23:27:50,B,iOS
1044,registration,2023-01-14 10:52:30,B,iOS
9344,view,2023-01-14 08:17:10,A,iOS
6104,purchase,2023-01-14 23:28:34,B,Android
1874,view,2023-01-14 12:53:06,B,Android
750,registration,2023-01-14 19:44:27,B,iOS
5217,click,2023-01-14 13:05:33,A,iOS
1136,registration,2023-01-14 08:21:00,B,iOS
9081,purchase,2023-01-14 19:50:17,B,Android
3321,view,2023-01-14 20:27:41,A,iOS
7441,view,2023-01-14 00:38:07,A,iOS
8181,registration,2023-01-14 09:01:41,A,Android
6963,view,2023-01-14 14:06:15,A,iOS
1468,registration,2023-01-14 02:19:48,B,Android
6073,click,2023-01-14 00:17:12,A,Android
2456,click,2023-01-14 11:53:24,B,iOS
7459,view,2023-01-14 15:59:11,B,Android
2358,purchase,2023-01-14 23:30:09,B,Android
1121,registration,2023-01-14 06:35:00,A,iOS
2183,view,2023-01-14 12:17:03,B,Android
8775,view,2023-01-14 09:48:12,B,iOS
5619,click,2023-01-14 20:27:16,A,Android
5578,click,2023-01-14 01:18:49,B,Android
9333,click,2023-01-14 01:56:19,A,Android
6931,view,2023-01-14 10:42:05,B,Android
9928,registration,2023-01-14 05:29:56,B,iOS
1003,click,2023-01-14 00:54:32,B,iOS
7244,view,2023-01-14 06:35:39,A,iOS
1044,click,2023-01-14 03:19:32,B,iOS
4178,click,2023-01-14 23:11:29,B,iOS
2592,registration,2023-01-14 18:40:43,B,iOS
7610,view,2023-01-14 21:48:01,A,Android
3375,click,2023-01-14 05:28:46,B,Android
9798,click,2023-01-14 06:56:03,B,iOS
7560,click,2023-01-14 00:30:55,A,iOS
7506,click,2023-01-14 17:25:01,B,Android
4096,view,2023-01-14 07:12:14,A,Android
7382,view,2023-01-14 12:25:31,A,Android
1611,view,2023-01-14 01:44:31,B,Android
7688,click,2023-01-14 01:33:04,B,Android
9765,view,2023-01-14 01:24:15,B,iOS
2642,view,2023-01-14 12:17:08,B,Android
7879,registration,2023-01-14 10:57:30,A,Android
2218,click,2023-01-14 01:55:45,B,Android
3660,view,2023-01-14 09:43:29,A,iOS
3293,view,2023-01-14 12:43:02,A,iOS
7297,view,2023-01-14 04:06:07,A,iOS
3458,click,2023-01-14 06:51:37,A,Android
8609,click,2023-01-14 14:56:21,B,iOS
23,click,2023-01-14 05:49:45,A,Android
9254,click,2023-01-14 04:50:32,B,Android
9281,click,2023-01-14 03:42:18,A,iOS
6031,registration,2023-01-14 14:43:07,B,iOS
9234,click,2023-01-14 15:53:19,A,iOS
9262,click,2023-01-14 05:16:15,B,iOS
3351,registration,2023-01-14 20:07:15,A,Android
4889,registration,2023-01-14 07:11:04,B,iOS
6399,click,2023-01-14 17:56:21,B,iOS
3950,view,2023-01-14 20:53:27,A,iOS
4563,registration,2023-01-14 08:42:33,B,Android
9652,view,2023-01-14 04:08:48,B,iOS
7738,view,2023-01-14 09:28:29,A,iOS
2525,purchase,2023-01-14 09:05:29,A,iOS
1530,click,2023-01-14 20:55:28,B,iOS
6158,view,2023-01-14 03:57:57,B,iOS
2599,click,2023-01-14 02:57:23,B,iOS
2565,click,2023-01-14 20:34:55,A,Android
8375,purchase,2023-01-14 07:16:45,B,Android
1852,purchase,2023-01-14 09:31:58,B,Android
7237,view,2023-01-14 03:06:01,A,iOS
3218,registration,2023-01-14 02:40:58,A,iOS
8490,click,2023-01-14 01:01:16,B,Android
278,click,2023-01-14 21:44:14,B,iOS
3134,view,2023-01-14 23:51:07,A,Android
1519,click,2023-01-14 00:35:24,B,iOS
7809,click,2023-01-14 05:18:25,A,iOS
7403,view,2023-01-14 12:45:57,A,iOS
1460,view,2023-01-14 21:51:04,B,Android
2942,view,2023-01-14 13:22:37,A,iOS
7807,purchase,2023-01-14 08:26:19,A,Android
3963,registration,2023-01-14 23:50:17,A,iOS
5340,view,2023-01-14 09:25:29,B,iOS
5141,view,2023-01-14 04:37:26,A,Android
637,registration,2023-01-14 22:00:56,A,iOS
7651,click,2023-01-14 12:24:06,A,iOS
4193,registration,2023-01-14 13:41:38,A,iOS
9295,purchase,2023-01-14 14:46:26,A,Android
9792,registration,2023-01-14 06:26:10,A,Android
6332,purchase,2023-01-14 05:25:52,A,iOS
6839,click,2023-01-14 05:24:57,A,iOS
910,view,2023-01-14 14:22:11,A,iOS
7562,click,2023-01-14 21:47:15,B,Android
3750,click,2023-01-14 13:37:42,B,iOS
2475,purchase,2023-01-14 07:31:10,B,Android
9979,registration,2023-01-14 05:27:02,A,iOS
8728,view,2023-01-14 12:39:30,A,Android
7685,registration,2023-01-14 10:12:19,A,Android
95,view,2023-01-14 19:04:17,B,Android
6179,view,2023-01-14 08:16:43,B,Android
6764,view,2023-01-14 02:16:48,B,Android
8638,view,2023-01-14 21:36:58,B,Android
747,click,2023-01-14 08:45:15,B,Android
6713,view,2023-01-14 12:11:49,B,iOS
7422,view,2023-01-14 11:39:47,B,iOS
4900,registration,2023-01-14 17:54:16,A,iOS
3924,registration,2023-01-14 18:17:16,A,iOS
9490,registration,2023-01-14 01:42:19,B,iOS
1896,registration,2023-01-14 03:25:45,A,Android
7172,registration,2023-01-14 22:50:43,B,iOS
5180,click,2023-01-14 11:28:13,B,Android
1866,purchase,2023-01-14 17:48:21,B,Android
316,click,2023-01-14 01:04:39,A,Android
2732,purchase,2023-01-14 13:19:06,B,iOS
9095,click,2023-01-14 09:08:25,A,iOS
9179,view,2023-01-14 04:49:30,B,Android
2911,purchase,2023-01-14 11:33:34,B,iOS
7451,purchase,2023-01-14 08:57:19,B,iOS
7744,click,2023-01-14 11:20:14,B,iOS
3731,view,2023-01-14 20:18:41,A,Android
2707,registration,2023-01-14 22:42:04,A,iOS
521,view,2023-01-14 14:34:47,B,iOS
1837,registration,2023-01-14 10:23:57,B,Android
5167,click,2023-01-14 00:39:17,B,iOS
3443,view,2023-01-14 08:01:16,A,iOS
9933,purchase,2023-01-14 13:09:07,A,Android
3452,click,2023-01-14 07:52:33,B,iOS
5187,view,2023-01-14 10:57:50,B,Android
5629,purchase,2023-01-14 22:34:23,A,iOS
1730,click,2023-01-14 06:51:29,A,iOS
4964,purchase,2023-01-14 12:03:02,A,Android
4743,view,2023-01-14 11:45:17,A,iOS
1699,click,2023-01-14 17:18:32,A,Android
6272,registration,2023-01-14 04:32:18,B,iOS
3108,view,2023-01-14 00:14:21,A,iOS
6420,registration,2023-01-14 19:05:51,B,iOS
4587,view,2023-01-14 15:37:57,B,iOS
7601,registration,2023-01-14 06:29:10,B,iOS
3594,view,2023-01-14 17:15:22,A,Android
5550,view,2023-01-14 23:20:32,A,iOS
2204,purchase,2023-01-14 20:21:35,A,iOS
9469,click,2023-01-14 14:48:35,B,iOS
4086,view,2023-01-14 08:59:23,B,Android
9848,click,2023-01-14 22:35:49,A,Android
5560,view,2023-01-14 14:10:56,A,iOS
3025,click,2023-01-14 06:43:20,A,Android
5800,purchase,2023-01-14 20:17:26,A,iOS
4567,click,2023-01-14 12:34:37,A,Android
9205,view,2023-01-14 21:22:30,B,Android
3258,view,2023-01-14 01:56:58,A,iOS
4606,click,2023-01-14 00:25:26,A,Android
5033,click,2023-01-14 21:41:42,A,iOS
9381,click,2023-01-14 06:18:38,A,iOS
4204,click,2023-01-14 19:07:03,A,Android
1516,registration,2023-01-14 07:25:26,B,iOS
1889,click,2023-01-14 01:51:56,B,iOS
3176,registration,2023-01-14 23:36:22,B,Android
411,registration,2023-01-14 06:20:30,A,Android
7784,click,2023-01-14 17:57:50,A,Android
997,view,2023-01-14 15:49:13,B,iOS
1677,click,2023-01-14 14:51:41,B,Android
2346,view,2023-01-14 19:40:51,B,Android
4415,click,2023-01-14 09:51:12,A,Android
4554,view,2023-01-14 09:24:09,B,iOS
7069,view,2023-01-14 06:28:21,B,Android
9371,purchase,2023-01-14 19:53:49,A,Android
7782,registration,2023-01-14 04:02:59,B,iOS
4883,registration,2023-01-14 20:03:25,A,Android
975,click,2023-01-14 00:08:54,A,Android
1856,click,2023-01-14 20:41:49,A,Android
6106,view,2023-01-14 17:08:51,B,iOS
9396,registration,2023-01-14 04:42:09,B,iOS
9776,purchase,2023-01-14 09:02:45,A,Android
9247,click,2023-01-14 23:28:05,B,Android
4521,purchase,2023-01-14 20:31:50,B,iOS
4044,click,2023-01-14 10:33:30,A,Android
1412,click,2023-01-14 21:16:28,A,Android
5382,purchase,2023-01-14 20:47:52,A,iOS
518,click,2023-01-14 13:27:16,B,iOS
5590,click,2023-01-14 12:22:33,A,Android
5874,view,2023-01-14 22:29:56,A,iOS
1509,registration,2023-01-14 19:30:12,A,iOS
5630,click,2023-01-14 20:05:49,B,Android
5398,click,2023-01-14 04:07:11,A,Android
3086,purchase,2023-01-14 12:47:44,A,iOS
7758,click,2023-01-14 19:43:16,B,Android
3520,click,2023-01-14 22:37:43,B,iOS
2615,click,2023-01-14 18:13:23,A,iOS
7486,view,2023-01-14 10:37:52,B,iOS
8403,click,2023-01-14 05:21:46,B,Android
393,click,2023-01-14 15:16:30,A,Android
9088,click,2023-01-14 14:22:11,A,Android
4976,view,2023-01-14 19:56:28,B,iOS
2690,registration,2023-01-14 20:50:13,B,iOS
3176,click,2023-01-14 10:53:53,B,Android
2897,view,2023-01-14 22:50:17,A,iOS
8135,click,2023-01-14 07:15:54,B,iOS
8527,click,2023-01-14 22:08:37,A,Android
3973,view,2023-01-14 11:54:57,A,iOS
4823,view,2023-01-14 23:09:35,A,Android
8676,click,2023-01-14 09:42:27,A,Android
7959,click,2023-01-14 08:06:04,A,iOS
1662,registration,2023-01-14 03:01:25,A,iOS
411,click,2023-01-14 06:04:43,A,Android
8028,registration,2023-01-14 16:55:02,B,iOS
2969,click,2023-01-14 10:47:38,B,iOS
4694,view,2023-01-14 17:19:15,B,iOS
3966,click,2023-01-14 13:23:56,A,iOS
4669,purchase,2023-01-14 11:01:10,A,Android
1028,view,2023-01-14 12:11:48,B,Android
4494,registration,2023-01-14 21:07:28,B,Android
9351,click,2023-01-14 12:03:28,B,iOS
7408,click,2023-01-14 10:39:22,A,iOS
1215,click,2023-01-14 03:59:15,A,iOS
6126,click,2023-01-14 22:13:38,B,iOS
2311,registration,2023-01-14 11:51:07,B,Android
57,registration,2023-01-14 19:49:12,B,Android
8430,registration,2023-01-14 06:19:29,B,iOS
7897,purchase,2023-01-14 02:12:39,B,iOS
1292,click,2023-01-14 03:30:57,A,Android
3704,purchase,2023-01-14 10:18:57,B,Android
5593,view,2023-01-14 11:08:23,B,iOS
6788,click,2023-01-14 03:00:15,A,iOS
7797,click,2023-01-14 16:36:47,B,Android
1451,purchase,2023-01-14 10:13:36,B,iOS
7652,registration,2023-01-14 14:31:27,B,Android
6533,registration,2023-01-14 09:39:10,A,Android
9746,click,2023-01-14 18:40:50,B,Android
7998,click,2023-01-14 11:42:37,B,Android
9240,view,2023-01-14 16:25:08,A,Android
1119,view,2023-01-14 15:31:59,B,Android
4863,registration,2023-01-14 20:28:59,B,iOS
2982,view,2023-01-14 11:50:36,A,iOS
7862,click,2023-01-14 11:30:53,B,iOS
3046,purchase,2023-01-14 01:23:11,A,iOS
9086,click,2023-01-14 17:46:12,B,iOS
8162,click,2023-01-14 14:52:03,A,Android
7283,click,2023-01-14 11:51:57,A,iOS
1053,click,2023-01-14 16:49:41,A,iOS
8848,view,2023-01-14 11:46:34,B,iOS
5175,registration,2023-01-14 06:33:13,B,iOS
958,click,2023-01-14 16:02:24,B,iOS
6159,click,2023-01-14 02:19:22,A,iOS
3503,purchase,2023-01-14 04:35:19,B,Android
2313,click,2023-01-14 02:20:46,B,Android
923,view,2023-01-14 00:54:33,B,Android
3585,registration,2023-01-14 22:26:30,B,Android
1115,click,2023-01-14 17:18:46,B,Android
7255,click,2023-01-14 14:25:15,A,Android
6651,purchase,2023-01-14 19:49:04,A,iOS
8956,purchase,2023-01-14 00:23:12,B,iOS
9238,click,2023-01-14 21:31:20,B,iOS
881,click,2023-01-14 07:49:56,B,iOS
4044,view,2023-01-14 11:49:30,A,Android
8833,purchase,2023-01-14 00:47:54,B,iOS
3455,click,2023-01-14 02:18:11,B,Android
2706,click,2023-01-14 23:43:37,B,iOS
1661,click,2023-01-14 16:22:49,B,iOS
2536,click,2023-01-14 01:00:16,A,Android
3521,click,2023-01-14 23:45:32,B,iOS
7641,view,2023-01-14 03:38:40,B,Android
9492,click,2023-01-14 17:45:41,A,iOS
5434,purchase,2023-01-14 03:34:37,B,Android
3221,click,2023-01-14 16:54:11,A,Android
2830,registration,2023-01-14 21:54:27,A,iOS
156,registration,2023-01-14 17:34:14,A,iOS
7827,registration,2023-01-14 15:59:09,B,Android
1073,view,2023-01-14 18:48:21,A,Android
3223,purchase,2023-01-14 16:54:54,A,Android
9426,registration,2023-01-14 02:17:58,B,Android
7079,view,2023-01-14 12:28:59,B,iOS
2397,click,2023-01-14 05:45:25,B,Android
601,click,2023-01-14 22:28:47,A,Android
6986,registration,2023-01-14 12:56:16,A,iOS
8172,view,2023-01-14 20:54:39,B,iOS
4061,click,2023-01-14 12:13:57,B,iOS
4599,view,2023-01-14 01:38:14,B,iOS
8512,click,2023-01-14 03:43:54,B,iOS
6603,view,2023-01-14 04:32:42,A,iOS
8324,purchase,2023-01-14 19:25:39,A,Android
4083,purchase,2023-01-14 07:32:36,A,Android
9791,click,2023-01-14 06:49:29,A,Android
2955,click,2023-01-14 01:40:30,B,Android
829,purchase,2023-01-14 11:46:39,A,iOS
7490,click,2023-01-14 14:11:19,B,Android
6676,purchase,2023-01-14 21:48:31,A,Android
6356,click,2023-01-14 00:38:53,A,Android
6448,view,2023-01-14 14:35:10,A,iOS
9096,registration,2023-01-14 23:34:47,A,iOS
1266,registration,2023-01-14 08:58:12,B,Android
3064,click,2023-01-14 09:17:25,B,Android
5452,view,2023-01-14 01:42:56,B,Android
7157,view,2023-01-14 14:47:19,B,Android
550,registration,2023-01-14 19:15:22,A,iOS
7005,view,2023-01-14 22:06:14,B,iOS
5788,view,2023-01-14 23:48:30,B,iOS
7462,click,2023-01-14 05:18:35,B,Android
5751,click,2023-01-14 22:46:21,A,iOS
1104,purchase,2023-01-14 06:12:43,A,Android
7880,view,2023-01-14 09:57:47,B,Android
8458,click,2023-01-14 13:33:25,A,Android
3991,click,2023-01-14 18:32:07,B,iOS
8392,purchase,2023-01-14 12:57:00,B,iOS
3989,view,2023-01-14 02:25:23,A,iOS
2714,click,2023-01-14 07:25:54,B,iOS
198,click,2023-01-14 12:45:57,B,Android
4469,view,2023-01-14 16:43:28,A,iOS
8248,click,2023-01-14 07:01:03,A,iOS
5380,purchase,2023-01-14 21:10:04,B,iOS
9740,view,2023-01-14 05:08:39,A,Android
241,click,2023-01-14 21:30:22,B,Android
4355,click,2023-01-14 11:02:16,B,Android
7798,view,2023-01-14 17:10:30,B,Android
8827,click,2023-01-14 06:12:22,A,Android
6500,click,2023-01-14 12:37:39,A,iOS
3219,click,2023-01-14 01:51:31,B,iOS
8184,click,2023-01-14 06:45:37,B,Android
3457,registration,2023-01-14 10:44:58,B,iOS
5047,view,2023-01-14 04:03:16,A,Android
3764,registration,2023-01-14 10:41:45,A,iOS
3324,click,2023-01-14 09:26:50,A,iOS
840,view,2023-01-14 17:55:19,A,Android
1099,registration,2023-01-14 08:15:24,B,Android
7685,click,2023-01-14 16:39:38,A,Android
1434,view,2023-01-14 00:17:07,B,Android
7142,purchase,2023-01-14 15:00:06,A,Android
8952,registration,2023-01-14 04:38:56,A,Android
1526,click,2023-01-14 09:44:45,B,Android
1990,click,2023-01-14 06:37:54,A,Android
5591,view,2023-01-14 22:41:04,B,iOS
6373,click,2023-01-14 06:15:31,A,Android
7454,click,2023-01-14 10:33:25,B,iOS
154,view,2023-01-14 05:59:04,B,Android
1270,view,2023-01-14 01:00:25,A,iOS
1027,registration,2023-01-14 14:34:10,B,iOS
2121,view,2023-01-14 18:00:41,B,iOS
4034,view,2023-01-14 10:42:37,A,iOS
4283,registration,2023-01-14 05:31:37,A,iOS
199,click,2023-01-14 15:59:43,A,iOS
2511,view,2023-01-14 04:28:37,B,Android
2748,purchase,2023-01-14 22:08:36,B,iOS
5706,registration,2023-01-14 10:06:06,B,Android
5338,purchase,2023-01-14 15:06:22,B,Android
6701,registration,2023-01-14 05:58:00,A,Android
5535,click,2023-01-14 05:26:55,A,iOS
3138,registration,2023-01-14 03:49:22,A,iOS
4850,click,2023-01-14 19:41:08,B,Android
7504,click,2023-01-14 14:20:31,B,Android
2471,click,2023-01-14 13:27:45,A,iOS
1395,click,2023-01-14 07:59:42,A,Android
8517,purchase,2023-01-14 07:38:59,B,iOS
9302,registration,2023-01-14 16:25:07,B,iOS
261,view,2023-01-14 20:19:07,B,iOS
7666,registration,2023-01-14 17:40:53,B,Android
5711,purchase,2023-01-14 01:29:07,B,Android
3147,view,2023-01-14 22:36:08,B,iOS
8816,view,2023-01-14 19:18:26,B,iOS
8132,view,2023-01-14 17:18:43,A,Android
9073,registration,2023-01-14 01:17:30,B,Android
21,click,2023-01-14 05:53:27,A,iOS
6061,view,2023-01-14 17:06:42,B,iOS
3785,purchase,2023-01-14 07:10:47,A,Android
5147,registration,2023-01-14 06:57:45,B,Android
4397,registration,2023-01-14 20:16:25,A,iOS
402,registration,2023-01-14 12:16:26,A,Android
1121,purchase,2023-01-14 05:12:47,A,iOS
36,click,2023-01-14 13:09:16,B,Android
7862,registration,2023-01-14 01:47:39,B,iOS
7184,view,2023-01-14 11:36:25,A,iOS
5289,click,2023-01-14 03:24:00,A,Android
9769,click,2023-01-14 13:44:06,B,Android
6921,click,2023-01-15 07:57:51,A,iOS
4268,registration,2023-01-15 09:28:38,A,iOS
9862,registration,2023-01-15 21:00:37,B,Android
3358,registration,2023-01-15 05:16:19,A,Android
2703,purchase,2023-01-15 19:45:04,B,Android
8291,click,2023-01-15 08:31:32,A,iOS
6517,registration,2023-01-15 04:48:01,B,iOS
5860,registration,2023-01-15 16:44:37,A,Android
2412,click,2023-01-15 09:27:57,A,Android
4241,purchase,2023-01-15 08:25:47,B,Android
6141,registration,2023-01-15 09:12:27,B,Android
5697,purchase,2023-01-15 12:49:33,B,Android
8779,registration,2023-01-15 16:08:11,B,Android
9430,click,2023-01-15 02:18:34,A,Android
8291,registration,2023-01-15 07:15:40,A,iOS
3673,click,2023-01-15 09:41:59,A,Android
1345,purchase,2023-01-15 18:12:46,A,Android
1047,purchase,2023-01-15 18:39:09,A,Android
7876,click,2023-01-15 22:50:30,B,iOS
7046,view,2023-01-15 14:28:52,B,iOS
6319,click,2023-01-15 08:11:34,A,iOS
40,click,2023-01-15 05:32:51,B,Android
7217,purchase,2023-01-15 10:16:54,B,iOS
3653,click,2023-01-15 23:24:30,B,Android
9099,click,2023-01-15 21:44:57,A,iOS
8788,registration,2023-01-15 14:29:38,B,Android
8215,purchase,2023-01-15 15:12:36,B,iOS
1348,click,2023-01-15 16:07:16,A,Android
7850,registration,2023-01-15 06:56:01,A,iOS
5555,click,2023-01-15 23:04:54,B,iOS
7925,click,2023-01-15 06:40:31,B,Android
9853,registration,2023-01-15 18:03:15,B,Android
4466,purchase,2023-01-15 05:43:17,B,Android
7242,click,2023-01-15 06:44:25,A,Android
2258,click,2023-01-15 02:29:59,B,iOS
8810,registration,2023-01-15 20:42:33,B,iOS
3129,registration,2023-01-15 12:49:17,B,iOS
610,click,2023-01-15 17:33:56,A,iOS
1534,purchase,2023-01-15 19:44:19,A,Android
1272,click,2023-01-15 00:33:34,B,iOS
9512,registration,2023-01-15 11:55:26,A,iOS
7662,registration,2023-01-15 10:44:56,A,Android
8885,purchase,2023-01-15 19:14:12,A,Android
4601,view,2023-01-15 15:17:21,A,Android
3162,view,2023-01-15 19:51:45,A,iOS
7062,view,2023-01-15 04:04:18,B,iOS
3210,click,2023-01-15 09:11:51,A,iOS
1769,purchase,2023-01-15 06:33:09,B,iOS
2057,click,2023-01-15 03:43:44,B,Android
9694,click,2023-01-15 06:18:30,A,Android
9800,registration,2023-01-15 09:43:52,A,iOS
5387,click,2023-01-15 14:29:32,B,iOS
3483,click,2023-01-15 20:42:48,B,iOS
3790,click,2023-01-15 23:17:03,B,Android
9409,view,2023-01-15 08:41:15,B,Android
4660,registration,2023-01-15 13:47:21,B,iOS
1452,registration,2023-01-15 05:01:53,A,Android
9863,click,2023-01-15 14:11:38,A,Android
9893,click,2023-01-15 17:58:06,B,iOS
6151,click,2023-01-15 15:41:49,A,iOS
8327,click,2023-01-15 14:09:41,A,iOS
9694,registration,2023-01-15 17:42:53,A,Android
5337,click,2023-01-15 23:39:07,A,iOS
211,registration,2023-01-15 04:00:34,B,iOS
8053,registration,2023-01-15 18:42:03,B,iOS
716,view,2023-01-15 03:45:20,B,iOS
3052,registration,2023-01-15 08:11:31,A,iOS
8297,click,2023-01-15 17:40:29,B,Android
8468,click,2023-01-15 22:51:30,A,iOS
8769,registration,2023-01-15 05:48:05,B,iOS
4441,click,2023-01-15 18:50:08,B,Android
1744,click,2023-01-15 17:33:04,A,Android
5363,view,2023-01-15 16:39:14,B,Android
4154,registration,2023-01-15 12:39:14,B,Android
8003,purchase,2023-01-15 21:19:36,B,Android
5452,registration,2023-01-15 04:23:33,B,Android
8494,purchase,2023-01-15 01:45:31,B,Android
5524,click,2023-01-15 09:03:48,A,Android
414,view,2023-01-15 22:17:23,A,iOS
2290,registration,2023-01-15 23:58:48,B,Android
352,purchase,2023-01-15 08:24:18,A,iOS
369,registration,2023-01-15 14:50:51,A,Android
6888,click,2023-01-15 02:16:58,A,iOS
2451,view,2023-01-15 07:18:30,B,Android
8790,view,2023-01-15 11:08:36,B,Android
3747,click,2023-01-15 13:47:53,B,iOS
9140,click,2023-01-15 10:59:15,B,iOS
7917,click,2023-01-15 16:16:25,B,iOS
9309,registration,2023-01-15 17:26:59,B,Android
7901,click,2023-01-15 21:37:02,A,iOS
4428,registration,2023-01-15 11:43:04,A,Android
1530,click,2023-01-15 15:46:45,B,iOS
8825,click,2023-01-15 05:34:04,A,Android
3494,view,2023-01-15 13:26:40,A,iOS
2080,view,2023-01-15 16:27:01,B,iOS
841,click,2023-01-15 08:08:21,B,iOS
5986,click,2023-01-15 10:53:29,A,Android
6007,click,2023-01-15 03:53:16,B,Android
5297,view,2023-01-15 00:06:50,A,iOS
6977,click,2023-01-15 06:11:24,A,Android
9535,click,2023-01-15 05:00:28,A,Android
9302,registration,2023-01-15 11:46:32,B,iOS
7107,purchase,2023-01-15 07:18:31,B,iOS
882,click,2023-01-15 22:08:16,B,Android
123,view,2023-01-15 11:44:10,A,iOS
1555,registration,2023-01-15 04:56:53,A,iOS
481,click,2023-01-15 06:52:59,B,Android
4569,purchase,2023-01-15 10:52:11,A,iOS
8111,click,2023-01-15 05:43:27,A,iOS
3225,purchase,2023-01-15 22:10:25,B,iOS
6103,registration,2023-01-15 17:24:52,A,iOS
8285,click,2023-01-15 19:03:21,B,Android
8617,purchase,2023-01-15 13:31:12,B,Android
3470,view,2023-01-15 10:59:08,A,iOS
368,registration,2023-01-15 06:23:53,B,Android
1187,view,2023-01-15 07:44:26,A,iOS
5803,registration,2023-01-15 20:03:24,B,iOS
3251,registration,2023-01-15 04:16:10,B,Android
4022,purchase,2023-01-15 01:33:08,A,iOS
7822,view,2023-01-15 16:16:41,A,iOS
5479,view,2023-01-15 01:00:13,B,iOS
4778,click,2023-01-15 16:19:31,A,Android
4146,registration,2023-01-15 11:46:58,A,Android
1947,purchase,2023-01-15 12:24:08,A,Android
465,view,2023-01-15 04:02:42,B,iOS
4436,view,2023-01-15 02:42:53,A,Android
3966,click,2023-01-15 19:26:36,A,iOS
3131,click,2023-01-15 06:03:31,A,iOS
4017,purchase,2023-01-15 15:31:01,B,Android
3314,purchase,2023-01-15 19:57:38,A,Android
9195,purchase,2023-01-15 01:28:21,A,iOS
7352,view,2023-01-15 14:41:10,A,Android
1988,purchase,2023-01-15 06:51:17,B,iOS
9752,purchase,2023-01-15 17:18:49,B,iOS
1073,click,2023-01-15 16:53:13,A,Android
34,registration,2023-01-15 22:20:55,A,Android
9624,view,2023-01-15 22:14:22,B,Android
1870,click,2023-01-15 00:18:59,A,Android
6262,purchase,2023-01-15 13:48:35,B,Android
3422,registration,2023-01-15 16:13:45,A,iOS
9639,click,2023-01-15 04:53:59,B,Android
8437,purchase,2023-01-15 18:07:02,A,iOS
3436,view,2023-01-15 14:59:37,B,Android
7121,registration,2023-01-15 13:00:14,B,iOS
1360,click,2023-01-15 05:00:51,A,iOS
5971,view,2023-01-15 10:02:01,B,Android
4782,click,2023-01-15 20:15:48,A,iOS
6047,click,2023-01-15 17:45:35,B,iOS
2690,registration,2023-01-15 04:23:20,B,iOS
9641,click,2023-01-15 00:59:08,A,Android
4734,view,2023-01-15 15:51:42,B,Android
1491,purchase,2023-01-15 15:51:32,B,iOS
8851,registration,2023-01-15 06:06:22,A,Android
1357,click,2023-01-15 12:22:21,B,Android
4084,click,2023-01-15 13:50:44,B,iOS
4248,click,2023-01-15 01:27:29,B,Android
4078,click,2023-01-15 20:09:30,B,Android
3381,view,2023-01-15 05:57:14,A,Android
3712,view,2023-01-15 16:12:45,B,iOS
1031,registration,2023-01-15 09:11:36,A,Android
5691,click,2023-01-15 05:11:03,B,iOS
5524,registration,2023-01-15 14:46:36,A,Android
956,view,2023-01-15 01:25:17,A,iOS
5212,click,2023-01-15 06:06:40,B,iOS
2037,click,2023-01-15 19:41:16,B,iOS
4989,registration,2023-01-15 10:49:33,A,iOS
6390,view,2023-01-15 21:38:34,A,Android
5564,click,2023-01-15 02:56:35,A,iOS
7655,click,2023-01-15 06:08:39,B,iOS
5479,click,2023-01-15 00:25:21,B,iOS
5207,view,2023-01-15 05:17:48,A,iOS
2447,view,2023-01-15 22:14:30,B,Android
8926,click,2023-01-15 16:31:30,A,Android
7424,click,2023-01-15 06:53:07,B,iOS
7067,registration,2023-01-15 01:17:55,A,Android
9824,registration,2023-01-15 18:00:18,B,iOS
6306,registration,2023-01-15 15:47:45,B,iOS
7031,registration,2023-01-15 13:19:58,A,iOS
2605,view,2023-01-15 23:54:36,A,iOS
1177,registration,2023-01-15 18:59:34,B,Android
3273,view,2023-01-15 15:28:47,B,iOS
428,click,2023-01-15 20:45:28,B,Android
5882,click,2023-01-15 08:09:34,A,Android
1141,click,2023-01-15 14:30:24,B,iOS
1891,view,2023-01-15 04:04:46,B,iOS
481,click,2023-01-15 20:03:52,B,Android
4009,click,2023-01-15 12:50:37,A,iOS
9410,view,2023-01-15 18:14:16,A,Android
3906,click,2023-01-15 21:50:50,B,iOS
7151,view,2023-01-15 19:34:04,B,Android
8239,click,2023-01-15 10:05:02,A,Android
3880,click,2023-01-15 04:25:13,B,Android
73,view,2023-01-15 04:07:33,A,Android
5668,registration,2023-01-15 04:04:34,B,iOS
4440,registration,2023-01-15 13:16:52,A,Android
894,click,2023-01-15 02:38:10,B,iOS
3316,registration,2023-01-15 21:04:14,B,Android
9261,click,2023-01-15 22:29:44,A,Android
7966,view,2023-01-15 22:52:34,A,iOS
301,click,2023-01-15 13:37:17,B,iOS
4966,view,2023-01-15 05:17:37,A,iOS
1057,registration,2023-01-15 14:25:05,B,Android
5245,purchase,2023-01-15 06:52:53,B,Android
2389,registration,2023-01-15 05:46:26,B,Android
4737,click,2023-01-15 14:10:00,A,Android
2081,click,2023-01-15 03:01:10,B,iOS
2887,click,2023-01-15 16:43:02,B,Android
1980,purchase,2023-01-15 22:57:22,A,Android
2328,click,2023-01-15 04:12:08,A,iOS
2984,click,2023-01-15 18:57:08,B,iOS
197,view,2023-01-15 03:05:09,B,Android
9109,purchase,2023-01-15 04:46:57,A,Android
4357,view,2023-01-15 04:59:20,B,Android
8601,click,2023-01-15 02:59:58,A,iOS
7767,click,2023-01-15 10:44:13,B,Android
4428,registration,2023-01-15 19:52:35,A,Android
6984,click,2023-01-15 17:11:43,A,iOS
8900,click,2023-01-15 16:17:01,B,Android
7108,registration,2023-01-15 23:00:35,A,iOS
2880,click,2023-01-15 22:56:08,B,iOS
7457,click,2023-01-15 23:07:53,A,Android
985,registration,2023-01-15 06:52:47,B,Android
9672,view,2023-01-15 18:52:39,A,iOS
4067,view,2023-01-15 18:57:41,B,Android
6004,view,2023-01-15 16:03:57,A,iOS
39,registration,2023-01-15 14:47:46,B,Android
4188,registration,2023-01-15 11:31:22,B,iOS
8628,registration,2023-01-15 17:16:06,B,Android
7042,registration,2023-01-15 20:46:46,B,Android
2817,click,2023-01-15 10:18:20,B,iOS
5210,click,2023-01-15 06:58:23,B,iOS
5862,click,2023-01-15 11:56:12,A,Android
7870,view,2023-01-15 21:41:47,A,iOS
7571,registration,2023-01-15 21:55:02,B,Android
8510,view,2023-01-15 05:16:57,B,Android
8055,click,2023-01-15 07:56:52,A,iOS
9219,view,2023-01-15 10:45:23,A,iOS
4331,view,2023-01-15 02:14:30,B,Android
7748,registration,2023-01-15 14:46:50,A,Android
8977,view,2023-01-15 20:33:59,A,iOS
3334,click,2023-01-15 11:45:51,A,iOS
9660,click,2023-01-15 07:19:23,A,iOS
908,registration,2023-01-15 15:44:58,B,Android
3970,click,2023-01-15 13:25:03,B,Android
9275,registration,2023-01-15 16:20:36,A,iOS
8041,view,2023-01-15 10:20:13,B,Android
3782,click,2023-01-15 09:59:54,B,iOS
5742,purchase,2023-01-15 00:45:36,A,Android
4664,purchase,2023-01-15 18:12:42,B,Android
2784,purchase,2023-01-15 12:31:21,A,Android
7716,purchase,2023-01-15 07:09:14,B,iOS
8469,click,2023-01-15 13:44:20,B,Android
4502,view,2023-01-15 20:07:26,B,iOS
6453,view,2023-01-15 13:48:43,A,Android
2714,click,2023-01-15 14:11:16,B,iOS
3694,view,2023-01-15 16:05:35,B,Android
6341,registration,2023-01-15 01:53:00,A,Android
7849,view,2023-01-15 22:09:48,A,iOS
359,click,2023-01-15 00:02:07,B,Android
6675,purchase,2023-01-15 06:41:14,A,iOS
5399,view,2023-01-15 10:40:41,B,iOS
9784,click,2023-01-15 09:13:07,B,Android
5,purchase,2023-01-15 06:40:00,A,Android
961,click,2023-01-15 16:26:57,B,Android
9181,purchase,2023-01-15 04:35:55,A,iOS
7610,registration,2023-01-15 11:05:04,A,Android
2141,view,2023-01-15 13:49:44,A,Android
4900,registration,2023-01-15 04:40:33,A,iOS
1896,view,2023-01-15 11:23:16,A,Android
2672,view,2023-01-15 17:21:40,B,Android
7571,registration,2023-01-15 00:14:35,B,Android
5235,click,2023-01-15 02:02:01,A,Android
7779,registration,2023-01-15 18:30:56,A,iOS
3112,purchase,2023-01-15 21:11:49,B,Android
4509,registration,2023-01-15 11:30:18,A,iOS
8010,click,2023-01-15 00:28:50,B,Android
8339,registration,2023-01-15 22:19:06,B,Android
3452,view,2023-01-15 04:46:46,B,iOS
4094,view,2023-01-15 22:38:39,A,Android
1343,view,2023-01-15 03:03:27,A,Android
7422,click,2023-01-15 21:50:03,B,iOS
5646,click,2023-01-15 12:42:40,A,iOS
3798,view,2023-01-15 17:45:31,B,Android
5353,registration,2023-01-15 11:50:40,A,iOS
75,view,2023-01-15 03:14:44,B,Android
5035,view,2023-01-15 12:54:04,A,iOS
4906,registration,2023-01-15 02:25:55,B,Android
2576,view,2023-01-15 01:45:46,A,iOS
6971,view,2023-01-15 17:04:24,A,iOS
5461,click,2023-01-15 12:57:27,B,Android
9477,click,2023-01-15 01:15:02,B,iOS
6113,view,2023-01-15 12:23:17,A,iOS
1202,view,2023-01-15 10:12:08,A,iOS
1806,click,2023-01-15 11:50:55,B,Android
7168,registration,2023-01-15 03:58:40,A,iOS
8677,view,2023-01-15 21:55:08,A,Android
3275,click,2023-01-15 03:37:58,A,iOS
7304,purchase,2023-01-15 09:23:52,A,iOS
9855,view,2023-01-15 23:53:46,A,Android
4186,view,2023-01-15 14:09:13,B,iOS
48,click,2023-01-15 09:27:46,B,Android
3891,click,2023-01-15 07:34:16,A,iOS
6198,view,2023-01-15 09:28:46,B,iOS
4012,click,2023-01-15 12:12:33,A,iOS
6527,click,2023-01-15 14:19:53,B,Android
1096,registration,2023-01-15 14:07:17,A,iOS
7730,click,2023-01-15 12:32:48,B,Android
8086,purchase,2023-01-15 01:03:02,A,iOS
3052,registration,2023-01-15 08:19:27,A,iOS
8984,purchase,2023-01-15 19:18:12,B,Android
1815,view,2023-01-15 04:37:31,B,Android
446,view,2023-01-15 09:13:01,B,iOS
2739,registration,2023-01-15 08:20:12,B,Android
5522,purchase,2023-01-15 10:24:52,A,Android
4203,view,2023-01-15 08:27:42,B,iOS
9914,view,2023-01-15 11:09:05,A,iOS
5089,click,2023-01-15 09:34:25,A,Android
8336,view,2023-01-15 16:09:26,B,iOS
1352,click,2023-01-15 15:16:21,B,Android
1946,click,2023-01-15 19:28:50,B,iOS
5505,registration,2023-01-15 19:21:32,A,iOS
7829,view,2023-01-15 07:58:22,B,iOS
9717,click,2023-01-15 11:51:37,A,iOS
1626,purchase,2023-01-15 16:14:43,B,Android
5659,click,2023-01-15 01:58:45,B,Android
1028,view,2023-01-15 09:52:27,B,Android
4270,click,2023-01-15 13:14:23,A,Android
4480,click,2023-01-15 11:32:28,A,iOS
4886,view,2023-01-15 07:40:27,B,iOS
9921,click,2023-01-15 22:57:33,B,iOS
5233,view,2023-01-15 21:57:09,A,iOS
6539,click,2023-01-15 02:42:58,A,Android
8285,click,2023-01-15 18:27:56,B,Android
9467,purchase,2023-01-15 13:43:45,B,Android
5759,purchase,2023-01-15 00:17:41,B,iOS
7081,registration,2023-01-15 18:37:56,A,Android
7683,view,2023-01-15 15:39:11,B,Android
9685,purchase,2023-01-15 05:06:43,B,iOS
5551,click,2023-01-15 18:10:09,B,Android
3780,click,2023-01-15 03:12:31,A,iOS
2746,registration,2023-01-15 11:43:43,B,Android
6652,purchase,2023-01-15 06:52:08,A,Android
4902,registration,2023-01-15 00:24:28,A,Android
3525,registration,2023-01-15 12:50:32,B,Android
2877,view,2023-01-15 04:14:02,A,Android
9055,purchase,2023-01-15 22:47:06,A,Android
9709,click,2023-01-15 11:36:52,A,iOS
8064,click,2023-01-15 04:30:46,B,iOS
190,registration,2023-01-15 14:24:11,A,iOS
208,purchase,2023-01-15 07:53:06,B,iOS
176,purchase,2023-01-15 20:26:22,B,Android
3207,registration,2023-01-15 21:30:37,B,iOS
8419,view,2023-01-15 20:41:24,A,Android
6506,view,2023-01-15 01:46:12,B,iOS
8769,view,2023-01-15 01:42:41,B,iOS
475,click,2023-01-15 13:06:44,A,Android
607,registration,2023-01-15 09:46:57,A,Android
98,click,2023-01-15 17:52:27,B,Android
9352,click,2023-01-15 08:03:50,A,Android
4908,click,2023-01-15 23:31:38,B,iOS
6522,purchase,2023-01-15 11:34:40,B,Android
7417,view,2023-01-15 09:55:37,A,Android
2666,registration,2023-01-15 04:06:31,B,Android
4527,view,2023-01-15 01:10:47,B,iOS
5171,registration,2023-01-15 20:35:00,A,iOS
293,registration,2023-01-15 19:48:45,B,Android
7758,registration,2023-01-15 04:08:37,B,Android
4111,registration,2023-01-15 21:55:22,A,iOS
2260,view,2023-01-15 08:16:28,A,iOS
9317,registration,2023-01-15 14:57:38,A,Android
516,view,2023-01-15 08:40:07,B,iOS
9055,view,2023-01-15 14:57:33,A,Android
4687,click,2023-01-15 09:22:00,A,iOS
5006,click,2023-01-15 03:55:05,A,iOS
3282,registration,2023-01-15 02:15:11,A,Android
3330,purchase,2023-01-15 01:50:51,B,iOS
3685,click,2023-01-15 11:56:42,B,Android
3611,click,2023-01-15 19:42:37,B,iOS
286,view,2023-01-15 16:05:10,A,iOS
1252,click,2023-01-15 05:49:37,A,iOS
4938,view,2023-01-15 03:19:23,A,Android
5255,registration,2023-01-15 15:09:16,B,Android
8358,registration,2023-01-15 04:54:50,B,iOS
3490,click,2023-01-15 09:55:56,A,Android
2118,view,2023-01-15 13:35:18,A,iOS
1632,click,2023-01-15 12:40:22,A,Android
2796,view,2023-01-15 13:12:29,B,Android
63,view,2023-01-15 21:59:21,A,iOS
5899,view,2023-01-15 16:16:53,B,Android
5955,registration,2023-01-15 20:21:38,A,Android
6919,purchase,2023-01-15 10:11:21,A,Android
6322,registration,2023-01-15 08:44:56,B,iOS
1823,purchase,2023-01-15 04:37:32,A,Android
861,view,2023-01-15 13:41:29,B,Android
1966,purchase,2023-01-15 16:04:23,B,iOS
8731,registration,2023-01-15 14:07:11,A,Android
8394,click,2023-01-15 14:40:31,A,Android
8775,click,2023-01-15 22:46:45,B,iOS
5684,click,2023-01-15 20:19:48,A,Android
6210,view,2023-01-15 17:39:35,B,iOS
4687,view,2023-01-15 13:29:07,A,iOS
9425,view,2023-01-15 06:34:04,A,Android
5048,view,2023-01-15 07:56:07,A,Android
1253,view,2023-01-15 14:24:16,B,Android
3548,view,2023-01-15 19:18:12,A,iOS
6115,purchase,2023-01-15 15:49:40,A,Android
1251,registration,2023-01-15 00:25:12,A,iOS
3883,view,2023-01-15 13:13:22,A,iOS
2348,click,2023-01-15 16:24:43,A,iOS
6951,view,2023-01-15 20:27:19,B,iOS
4359,purchase,2023-01-15 16:32:20,A,iOS
3694,view,2023-01-15 12:46:01,B,Android
9133,view,2023-01-15 23:57:13,A,iOS
8601,purchase,2023-01-15 09:07:31,A,iOS
8937,registration,2023-01-15 10:41:20,A,Android
4086,registration,2023-01-15 11:24:36,B,Android
8974,click,2023-01-15 05:12:07,B,iOS
1786,view,2023-01-15 12:06:29,B,iOS
2853,click,2023-01-15 10:22:13,A,iOS
5715,view,2023-01-15 08:52:32,A,Android
9336,view,2023-01-15 22:41:53,A,Android
1015,registration,2023-01-15 00:14:34,A,Android
2858,registration,2023-01-15 21:24:58,A,iOS
2827,click,2023-01-15 04:26:20,B,Android
8926,click,2023-01-15 19:48:45,A,Android
9083,registration,2023-01-15 16:39:06,B,iOS
9921,purchase,2023-01-15 12:20:15,B,iOS
8493,click,2023-01-15 10:11:04,B,Android
1838,purchase,2023-01-15 05:43:19,A,Android
2184,purchase,2023-01-15 19:02:02,B,iOS
3966,view,2023-01-15 16:08:53,A,iOS
3864,click,2023-01-15 20:57:45,B,iOS
956,registration,2023-01-15 01:27:18,A,iOS
8304,view,2023-01-15 21:29:57,B,iOS
1615,view,2023-01-15 07:18:09,B,Android
9904,click,2023-01-15 22:59:54,A,Android
6279,click,2023-01-15 23:20:23,B,iOS
4019,click,2023-01-15 00:43:23,A,Android
5336,purchase,2023-01-15 12:17:20,B,iOS
3102,purchase,2023-01-15 21:15:53,B,Android
805,click,2023-01-15 23:53:02,A,Android
8420,registration,2023-01-15 11:42:09,A,iOS
972,click,2023-01-15 03:54:46,A,Android
7456,registration,2023-01-15 09:35:53,B,iOS
6685,view,2023-01-15 08:29:46,B,Android
7679,click,2023-01-15 17:22:24,A,iOS
8474,view,2023-01-15 10:06:28,B,iOS
3566,view,2023-01-15 09:02:08,A,Android
7688,view,2023-01-15 14:45:14,B,Android
3402,click,2023-01-15 10:29:44,A,Android
1415,view,2023-01-15 08:03:32,A,Android
909,click,2023-01-15 09:36:10,A,Android
7456,registration,2023-01-15 21:36:30,B,iOS
1497,view,2023-01-15 10:27:11,A,iOS
3566,view,2023-01-15 00:19:00,A,Android
9063,view,2023-01-15 16:07:48,B,Android
4389,view,2023-01-15 17:09:22,A,Android
1227,click,2023-01-15 17:18:14,A,Android
9132,click,2023-01-15 03:21:13,B,iOS
3117,registration,2023-01-15 01:40:18,B,iOS
6236,view,2023-01-15 10:04:59,A,Android
6951,purchase,2023-01-15 16:45:01,B,iOS
2017,click,2023-01-15 11:04:42,A,Android
2507,view,2023-01-15 01:04:20,A,iOS
2266,view,2023-01-15 08:59:11,B,Android
2991,click,2023-01-15 17:52:04,B,iOS
8226,purchase,2023-01-15 23:34:22,B,iOS
2470,click,2023-01-15 02:38:04,B,iOS
9143,click,2023-01-15 06:49:01,A,Android
5401,registration,2023-01-15 10:00:15,B,Android
831,purchase,2023-01-15 21:50:46,B,iOS
778,click,2023-01-15 00:23:11,A,iOS
2490,purchase,2023-01-15 03:47:15,A,Android
7174,click,2023-01-15 23:41:27,A,Android
7843,click,2023-01-15 14:26:46,B,Android
2471,view,2023-01-15 20:09:33,A,iOS
2712,registration,2023-01-15 07:12:23,B,Android
4928,view,2023-01-15 18:34:02,B,Android
5202,click,2023-01-15 20:28:48,A,iOS
3672,view,2023-01-15 22:39:31,A,iOS
757,view,2023-01-15 23:16:53,B,Android
2047,click,2023-01-15 20:49:08,B,Android
6936,click,2023-01-15 03:13:33,B,iOS
2505,view,2023-01-15 13:28:33,A,Android
2166,view,2023-01-15 16:33:01,A,Android
5518,click,2023-01-15 08:04:38,A,Android
8232,registration,2023-01-15 03:59:15,A,Android
3650,purchase,2023-01-15 04:54:04,A,iOS
5504,click,2023-01-15 15:39:17,A,Android
9669,view,2023-01-15 04:17:14,A,Android
9834,view,2023-01-15 13:18:14,B,Android
6572,purchase,2023-01-15 20:43:48,B,Android
9502,view,2023-01-15 07:05:14,A,iOS
812,click,2023-01-15 18:31:16,B,iOS
7453,registration,2023-01-15 14:05:04,A,Android
5126,click,2023-01-15 15:34:59,B,iOS
206,click,2023-01-15 11:10:41,B,iOS
3859,registration,2023-01-15 14:12:51,A,Android
6123,click,2023-01-15 19:32:33,A,Android
8084,purchase,2023-01-15 06:00:49,B,iOS
8746,view,2023-01-15 10:31:37,B,Android
6338,registration,2023-01-15 21:16:41,B,iOS
2522,view,2023-01-15 13:24:26,B,iOS
5838,click,2023-01-15 16:08:20,B,iOS
7133,click,2023-01-15 02:55:47,A,Android
1903,click,2023-01-15 04:50:03,A,iOS
9866,view,2023-01-15 06:43:43,B,iOS
9294,purchase,2023-01-15 20:50:31,A,iOS
557,view,2023-01-15 12:23:28,A,Android
5188,click,2023-01-15 12:31:02,B,Android
1303,view,2023-01-15 16:27:06,B,Android
5011,view,2023-01-15 03:29:16,A,iOS
7612,click,2023-01-15 20:14:16,B,Android
9154,view,2023-01-15 15:39:05,A,Android
1847,registration,2023-01-15 23:23:45,B,iOS
5296,click,2023-01-15 04:39:44,B,Android
1682,click,2023-01-15 18:49:26,A,Android
9120,click,2023-01-15 03:32:18,A,iOS
2499,click,2023-01-15 11:11:55,B,iOS
7075,registration,2023-01-15 12:28:49,A,iOS
7965,click,2023-01-15 16:39:45,A,Android
300,click,2023-01-15 05:27:49,B,Android
7004,click,2023-01-15 11:48:26,A,Android
3586,click,2023-01-15 21:07:58,A,Android
7631,registration,2023-01-15 14:27:03,B,iOS
3763,click,2023-01-15 09:49:40,A,Android
2732,registration,2023-01-15 14:33:05,B,iOS
280,view,2023-01-15 22:45:32,B,iOS
6358,click,2023-01-15 09:43:53,B,Android
6763,click,2023-01-15 03:41:38,B,iOS
8751,registration,2023-01-15 20:41:34,A,iOS
5698,click,2023-01-15 00:06:51,B,iOS
9770,click,2023-01-15 02:11:26,B,Android
1570,click,2023-01-15 22:44:44,B,Android
3903,click,2023-01-15 14:37:05,A,iOS
9109,click,2023-01-15 07:14:27,A,Android
701,view,2023-01-15 07:55:20,B,iOS
1704,registration,2023-01-15 06:37:14,A,Android
861,view,2023-01-15 18:01:47,B,Android
9757,click,2023-01-15 19:17:25,A,iOS
7449,view,2023-01-15 11:42:42,B,iOS
1187,view,2023-01-15 14:15:13,A,iOS
4143,registration,2023-01-15 14:09:27,A,iOS
165,click,2023-01-15 00:11:14,B,Android
5213,click,2023-01-15 11:20:41,A,iOS
7476,registration,2023-01-15 16:02:48,B,iOS
3303,view,2023-01-15 12:45:45,A,Android
474,registration,2023-01-15 11:56:10,B,iOS
5040,view,2023-01-15 17:42:58,A,iOS
3611,click,2023-01-15 11:35:47,B,iOS
7494,registration,2023-01-15 03:03:25,B,iOS
5006,click,2023-01-15 21:22:17,A,iOS
211,registration,2023-01-15 03:13:03,B,iOS
3900,purchase,2023-01-15 13:07:09,A,Android
2975,purchase,2023-01-15 21:39:41,A,Android
7945,registration,2023-01-15 16:57:45,A,iOS
4483,view,2023-01-15 18:07:16,B,Android
7145,view,2023-01-15 01:37:27,B,iOS
3991,click,2023-01-15 16:17:52,B,iOS
1680,registration,2023-01-15 12:19:14,B,iOS
3007,click,2023-01-15 07:35:26,B,iOS
9896,click,2023-01-15 14:39:31,B,Android
1366,click,2023-01-15 04:08:44,A,iOS
824,purchase,2023-01-15 06:57:52,A,iOS
5912,click,2023-01-15 08:52:19,B,Android
1535,click,2023-01-15 19:20:17,A,iOS
5679,view,2023-01-15 23:11:45,A,Android
8362,view,2023-01-15 12:44:22,B,Android
9354,view,2023-01-15 01:18:51,A,iOS
5280,click,2023-01-15 00:49:36,A,Android
1175,purchase,2023-01-15 00:23:45,B,Android
4596,registration,2023-01-15 11:02:38,B,Android
4742,click,2023-01-15 13:21:08,A,iOS
2227,purchase,2023-01-15 02:07:45,B,Android
6254,click,2023-01-15 14:37:07,A,iOS
3646,registration,2023-01-15 04:56:06,A,iOS
9682,click,2023-01-15 21:27:37,A,Android
1961,click,2023-01-15 20:48:49,B,Android
4840,purchase,2023-01-15 08:27:31,B,Android
4979,click,2023-01-15 02:44:42,A,Android
4060,view,2023-01-15 01:06:51,B,iOS
2981,registration,2023-01-15 20:06:39,A,iOS
2902,click,2023-01-15 23:29:26,B,Android
7703,click,2023-01-15 09:17:49,B,Android
6183,registration,2023-01-15 14:37:01,B,iOS
293,view,2023-01-15 07:07:26,B,Android
6400,registration,2023-01-15 14:05:32,B,Android
4335,registration,2023-01-15 01:06:37,A,Android
9013,click,2023-01-15 07:24:00,B,Android
6974,click,2023-01-15 23:25:33,A,iOS
7504,view,2023-01-15 01:54:43,B,Android
152,view,2023-01-15 11:21:40,B,iOS
2876,registration,2023-01-15 16:05:01,B,Android
7550,click,2023-01-15 11:42:41,B,iOS
3158,click,2023-01-15 17:37:04,A,Android
2143,click,2023-01-15 23:16:41,B,iOS
4587,click,2023-01-15 06:58:45,B,iOS
7974,view,2023-01-15 03:39:08,B,Android
5373,view,2023-01-15 02:10:32,A,Android
4675,click,2023-01-15 19:38:20,B,iOS
3650,view,2023-01-15 04:24:23,A,iOS
8957,click,2023-01-15 03:44:16,B,iOS
1418,registration,2023-01-15 09:25:29,B,iOS
3971,purchase,2023-01-15 22:49:59,B,iOS
6351,view,2023-01-15 13:53:04,B,iOS
167,click,2023-01-15 02:25:43,A,iOS
1562,view,2023-01-15 05:04:36,A,iOS
8739,registration,2023-01-15 23:27:19,A,Android
1753,registration,2023-01-15 10:19:03,B,iOS
4948,registration,2023-01-15 16:29:40,A,Android
5506,view,2023-01-15 12:05:52,B,Android
2215,click,2023-01-15 08:51:08,B,Android
2052,click,2023-01-15 03:33:35,A,iOS
1792,click,2023-01-15 04:50:16,A,iOS
3657,purchase,2023-01-15 12:34:21,A,iOS
4092,click,2023-01-15 19:47:29,A,Android
9842,registration,2023-01-15 15:49:58,B,iOS
757,registration,2023-01-15 12:11:03,B,Android
7944,click,2023-01-15 21:18:52,B,iOS
2421,view,2023-01-15 05:30:24,B,iOS
4904,click,2023-01-15 23:56:26,B,iOS
5198,registration,2023-01-15 18:01:50,A,iOS
2943,view,2023-01-15 16:56:02,B,Android
1366,click,2023-01-15 12:34:58,A,iOS
5921,click,2023-01-15 05:09:16,A,Android
2616,registration,2023-01-15 09:53:44,B,Android
5936,click,2023-01-15 03:32:10,B,Android
286,click,2023-01-15 03:20:33,A,iOS
1073,view,2023-01-15 17:00:40,A,Android
7517,registration,2023-01-15 02:02:52,A,Android
4983,click,2023-01-15 14:22:44,B,Android
6397,click,2023-01-15 23:34:43,A,iOS
4719,click,2023-01-15 12:02:13,A,iOS
4827,view,2023-01-15 19:50:36,A,iOS
8500,view,2023-01-15 12:56:22,B,Android
562,click,2023-01-15 06:32:29,A,iOS
5589,click,2023-01-15 02:14:29,A,Android
199,click,2023-01-15 13:53:41,A,iOS
250,click,2023-01-15 02:30:47,B,Android
1482,view,2023-01-15 15:35:05,B,iOS
1458,registration,2023-01-15 20:50:24,B,iOS
6068,click,2023-01-15 10:35:43,B,Android
5436,click,2023-01-15 00:19:14,B,Android
6068,view,2023-01-15 23:53:58,B,Android
3811,view,2023-01-15 05:08:21,B,iOS
4642,click,2023-01-15 02:27:45,A,Android
8499,click,2023-01-15 02:45:50,A,iOS
3508,view,2023-01-15 20:31:42,B,iOS
4452,view,2023-01-15 11:37:42,A,Android
4223,purchase,2023-01-15 05:43:13,B,iOS
2860,view,2023-01-15 07:35:11,A,Android
1731,view,2023-01-15 01:44:29,B,Android
812,click,2023-01-15 07:12:56,B,iOS
4273,registration,2023-01-15 03:56:20,B,iOS
1265,view,2023-01-15 09:05:07,A,iOS
3344,click,2023-01-15 06:28:44,B,iOS
6355,click,2023-01-15 10:21:41,B,Android
9560,view,2023-01-15 21:01:49,A,iOS
7627,click,2023-01-15 01:28:08,B,Android
7528,registration,2023-01-15 13:48:48,A,iOS
7479,click,2023-01-15 14:19:37,A,Android
402,view,2023-01-15 15:03:26,A,Android
9071,registration,2023-01-15 12:16:30,A,Android
609,view,2023-01-15 22:50:09,B,iOS
5952,click,2023-01-15 20:21:45,A,Android
4162,view,2023-01-15 07:06:05,B,Android
2218,click,2023-01-15 01:50:13,B,Android
6100,view,2023-01-15 19:50:41,B,Android
7378,click,2023-01-15 04:51:57,B,Android
9561,click,2023-01-15 03:19:41,B,iOS
3437,view,2023-01-15 04:41:14,B,iOS
8661,view,2023-01-15 07:55:43,B,iOS
1621,registration,2023-01-15 23:09:34,B,iOS
409,view,2023-01-15 03:52:32,B,Android
8082,registration,2023-01-15 22:42:18,B,iOS
4075,view,2023-01-15 18:20:39,A,Android
9579,click,2023-01-15 18:57:30,B,Android
9852,purchase,2023-01-15 23:20:54,B,Android
1606,click,2023-01-15 10:43:55,A,iOS
7204,view,2023-01-15 03:28:42,B,Android
7233,view,2023-01-15 11:35:16,B,Android
1931,registration,2023-01-15 14:21:40,A,Android
2119,registration,2023-01-15 02:42:59,B,Android
6586,registration,2023-01-15 07:19:52,A,iOS
9656,registration,2023-01-15 01:24:48,B,Android
7466,registration,2023-01-15 23:03:30,B,Android
8212,click,2023-01-15 03:27:47,A,iOS
72,view,2023-01-15 02:51:06,A,iOS
627,click,2023-01-15 12:37:13,A,Android
946,view,2023-01-15 18:59:58,B,iOS
8456,view,2023-01-15 03:04:00,A,Android
599,click,2023-01-15 07:02:37,A,iOS
4606,view,2023-01-15 13:55:28,A,Android
63,click,2023-01-15 15:13:05,A,iOS
8043,click,2023-01-15 07:09:27,B,Android
9091,click,2023-01-15 15:49:39,B,iOS
1397,registration,2023-01-15 00:28:33,A,Android
9756,click,2023-01-15 22:47:35,B,iOS
2398,view,2023-01-15 08:35:58,A,iOS
7803,registration,2023-01-15 13:12:30,A,Android
120,view,2023-01-15 01:08:01,B,Android
3824,registration,2023-01-15 23:22:38,B,Android
7317,view,2023-01-15 04:15:30,A,Android
6463,registration,2023-01-15 09:34:06,A,iOS
1418,purchase,2023-01-15 04:29:10,B,iOS
6156,click,2023-01-15 20:27:22,B,Android
4312,click,2023-01-15 09:36:19,A,Android
8231,click,2023-01-15 06:50:05,B,iOS
3468,view,2023-01-15 18:01:59,B,iOS
4461,view,2023-01-15 23:24:40,A,iOS
7078,view,2023-01-15 04:13:06,A,iOS
2380,view,2023-01-15 04:59:00,B,iOS
1186,click,2023-01-15 09:20:34,B,Android
9384,view,2023-01-15 08:24:04,A,iOS
796,purchase,2023-01-15 05:57:04,B,Android
9047,registration,2023-01-15 05:34:19,A,iOS
7018,view,2023-01-15 04:05:19,B,Android
8045,view,2023-01-15 11:24:56,A,Android
9628,click,2023-01-15 08:29:04,B,iOS
3415,registration,2023-01-15 09:56:25,A,Android
6099,registration,2023-01-15 01:26:42,B,iOS
1509,registration,2023-01-15 08:03:57,A,iOS
1981,click,2023-01-15 06:18:15,A,iOS
3915,view,2023-01-15 20:05:56,A,iOS
4572,click,2023-01-15 23:46:52,A,iOS
5564,view,2023-01-15 09:08:06,A,iOS
6598,click,2023-01-15 07:13:22,B,iOS
8519,click,2023-01-15 18:11:52,B,iOS
8116,purchase,2023-01-15 05:01:39,B,iOS
728,registration,2023-01-15 14:59:19,B,Android
7736,click,2023-01-15 18:33:42,A,iOS
8172,click,2023-01-15 18:17:21,B,iOS
6161,view,2023-01-16 09:45:19,A,iOS
2930,registration,2023-01-16 22:34:45,A,Android
1410,click,2023-01-16 01:05:08,B,Android
139,click,2023-01-16 03:29:39,B,iOS
2714,click,2023-01-16 06:51:54,B,iOS
202,registration,2023-01-16 19:34:13,A,iOS
6185,click,2023-01-16 23:17:33,A,iOS
7159,click,2023-01-16 22:12:55,A,iOS
1233,registration,2023-01-16 03:09:47,A,Android
4688,click,2023-01-16 09:00:39,B,Android
5490,view,2023-01-16 17:32:27,B,Android
7651,purchase,2023-01-16 02:37:54,A,iOS
2853,registration,2023-01-16 13:01:25,A,iOS
5760,registration,2023-01-16 19:41:11,A,Android
4563,registration,2023-01-16 11:57:24,B,Android
68,click,2023-01-16 15:59:22,B,iOS
2256,registration,2023-01-16 23:29:42,A,Android
8662,purchase,2023-01-16 22:56:24,A,Android
3987,click,2023-01-16 19:41:06,B,Android
3501,click,2023-01-16 19:13:30,A,Android
8607,registration,2023-01-16 07:34:16,B,Android
5202,click,2023-01-16 11:29:37,A,iOS
5077,view,2023-01-16 17:26:34,A,iOS
9877,view,2023-01-16 14:31:20,B,iOS
4229,click,2023-01-16 08:33:40,A,iOS
474,click,2023-01-16 13:59:04,B,iOS
6111,view,2023-01-16 05:09:34,A,Android
6722,click,2023-01-16 23:06:35,B,iOS
1052,registration,2023-01-16 06:33:12,A,iOS
1335,view,2023-01-16 05:20:48,A,Android
253,registration,2023-01-16 05:32:16,B,Android
6701,click,2023-01-16 09:26:40,A,Android
3135,click,2023-01-16 11:10:18,B,iOS
552,view,2023-01-16 23:30:18,B,iOS
2181,click,2023-01-16 12:36:17,A,Android
7394,registration,2023-01-16 18:19:28,B,iOS
1131,view,2023-01-16 02:06:07,B,Android
8283,click,2023-01-16 10:44:39,B,iOS
4892,click,2023-01-16 08:14:14,B,Android
3633,view,2023-01-16 05:18:52,B,iOS
7852,click,2023-01-16 14:29:26,A,Android
2295,view,2023-01-16 22:16:58,B,iOS
5978,view,2023-01-16 17:49:30,B,iOS
7610,registration,2023-01-16 01:35:18,A,Android
6918,purchase,2023-01-16 09:18:15,B,iOS
4707,purchase,2023-01-16 12:09:23,A,Android
3773,click,2023-01-16 05:52:19,B,Android
1233,click,2023-01-16 22:59:50,A,Android
673,click,2023-01-16 18:36:52,A,Android
6753,view,2023-01-16 17:07:26,A,Android
3442,click,2023-01-16 21:54:51,B,iOS
8795,view,2023-01-16 15:11:01,B,iOS
3862,registration,2023-01-16 08:43:58,A,iOS
3885,click,2023-01-16 05:01:55,A,iOS
6041,view,2023-01-16 21:42:18,B,iOS
8405,click,2023-01-16 08:32:12,A,iOS
6620,registration,2023-01-16 08:22:06,A,Android
3725,purchase,2023-01-16 20:31:25,A,Android
3617,registration,2023-01-16 08:17:08,B,Android
910,registration,2023-01-16 14:01:46,A,iOS
2517,view,2023-01-16 01:13:28,A,iOS
6076,registration,2023-01-16 17:52:18,A,Android
160,click,2023-01-16 12:43:43,A,Android
8117,view,2023-01-16 22:32:45,A,iOS
2227,view,2023-01-16 16:50:49,B,Android
6031,click,2023-01-16 01:48:55,B,iOS
2683,click,2023-01-16 21:51:11,A,iOS
691,purchase,2023-01-16 19:31:51,A,Android
8153,click,2023-01-16 01:53:03,A,iOS
3834,click,2023-01-16 09:53:27,B,Android
9273,click,2023-01-16 12:14:38,B,iOS
7541,click,2023-01-16 02:57:08,A,Android
581,registration,2023-01-16 15:05:17,B,Android
5451,registration,2023-01-16 01:22:46,A,iOS
6146,view,2023-01-16 20:02:50,A,Android
9169,view,2023-01-16 05:51:42,B,Android
3391,registration,2023-01-16 21:10:48,B,Android
6648,purchase,2023-01-16 21:33:50,A,iOS
9154,registration,2023-01-16 10:49:14,A,Android
2601,registration,2023-01-16 22:59:24,B,Android
6135,view,2023-01-16 07:28:08,A,iOS
9500,click,2023-01-16 06:52:05,A,Android
2367,click,2023-01-16 22:50:08,A,Android
4294,registration,2023-01-16 19:31:29,B,iOS
7929,view,2023-01-16 21:47:46,B,iOS
6459,view,2023-01-16 21:49:18,A,Android
1390,click,2023-01-16 00:23:41,B,iOS
6005,purchase,2023-01-16 12:30:41,A,iOS
9407,purchase,2023-01-16 04:05:39,A,Android
953,view,2023-01-16 00:23:44,B,Android
7842,click,2023-01-16 02:24:59,B,Android
4219,view,2023-01-16 01:53:58,A,Android
2372,click,2023-01-16 00:36:02,B,Android
1435,view,2023-01-16 06:31:15,A,Android
2585,view,2023-01-16 17:07:08,A,Android
2536,click,2023-01-16 04:12:49,A,Android
813,view,2023-01-16 23:26:27,A,iOS
2362,view,2023-01-16 20:23:52,B,iOS
1377,purchase,2023-01-16 21:31:19,A,iOS
959,click,2023-01-16 09:05:54,A,iOS
4883,registration,2023-01-16 01:31:06,A,Android
798,click,2023-01-16 11:15:20,A,iOS
5056,click,2023-01-16 06:54:53,B,iOS
18,view,2023-01-16 05:50:37,B,Android
1665,purchase,2023-01-16 00:31:59,A,Android
3158,click,2023-01-16 18:19:23,A,Android
6831,click,2023-01-16 04:48:46,B,iOS
6317,view,2023-01-16 22:48:08,A,iOS
7752,click,2023-01-16 11:38:39,B,Android
4988,registration,2023-01-16 12:10:26,B,Android
2572,registration,2023-01-16 01:59:50,A,Android
1187,purchase,2023-01-16 05:20:20,A,iOS
6464,registration,2023-01-16 02:39:08,B,Android
9671,click,2023-01-16 10:16:16,B,Android
2826,view,2023-01-16 19:29:22,A,iOS
8129,click,2023-01-16 18:11:19,B,Android
6831,view,2023-01-16 22:57:04,B,iOS
1579,registration,2023-01-16 07:49:32,B,iOS
3079,view,2023-01-16 00:36:14,B,Android
7931,view,2023-01-16 02:43:08,A,Android
693,registration,2023-01-16 15:52:06,B,iOS
3158,view,2023-01-16 10:46:15,A,Android
8511,view,2023-01-16 15:07:38,B,iOS
6759,purchase,2023-01-16 11:37:00,A,iOS
9051,registration,2023-01-16 04:31:55,B,Android
869,view,2023-01-16 20:35:21,A,iOS
1800,view,2023-01-16 23:41:35,A,iOS
7160,view,2023-01-16 18:55:53,B,iOS
6093,click,2023-01-16 19:43:01,A,Android
5999,click,2023-01-16 13:21:29,B,iOS
7823,registration,2023-01-16 23:20:13,A,iOS
9221,registration,2023-01-16 23:06:52,B,Android
7143,registration,2023-01-16 13:09:49,B,iOS
219,purchase,2023-01-16 23:11:14,A,Android
857,view,2023-01-16 05:42:16,B,iOS
6770,click,2023-01-16 04:38:26,A,Android
1225,click,2023-01-16 21:31:34,B,iOS
6827,registration,2023-01-16 18:32:27,B,iOS
3901,click,2023-01-16 19:30:24,B,iOS
3304,click,2023-01-16 22:29:42,B,Android
3475,purchase,2023-01-16 03:30:20,B,iOS
9429,click,2023-01-16 09:13:10,B,iOS
4471,registration,2023-01-16 19:32:44,B,iOS
1049,purchase,2023-01-16 08:24:03,A,iOS
3220,click,2023-01-16 05:00:25,A,iOS
640,click,2023-01-16 22:03:48,A,Android
2984,click,2023-01-16 23:41:11,B,iOS
3396,registration,2023-01-16 22:08:32,A,Android
6692,purchase,2023-01-16 16:24:47,B,Android
2006,click,2023-01-16 20:10:31,B,Android
5989,registration,2023-01-16 08:00:22,A,iOS
5251,view,2023-01-16 14:06:34,A,iOS
8054,view,2023-01-16 08:23:34,A,Android
4553,registration,2023-01-16 04:51:00,B,iOS
4659,click,2023-01-16 07:23:05,A,iOS
1864,registration,2023-01-16 15:19:37,B,iOS
2004,view,2023-01-16 18:42:07,B,Android
6415,click,2023-01-16 13:36:25,A,iOS
7497,view,2023-01-16 14:06:03,B,iOS
7167,registration,2023-01-16 10:44:58,B,Android
4358,registration,2023-01-16 23:26:09,A,Android
1104,click,2023-01-16 05:43:26,A,Android
9946,purchase,2023-01-16 13:14:02,A,iOS
5251,click,2023-01-16 20:07:59,A,iOS
3241,view,2023-01-16 00:10:52,B,iOS
9247,registration,2023-01-16 23:05:56,B,Android
9432,registration,2023-01-16 10:26:01,A,iOS
9874,view,2023-01-16 16:19:45,B,Android
8649,click,2023-01-16 09:04:05,A,Android
7928,view,2023-01-16 21:07:16,A,iOS
4279,purchase,2023-01-16 20:51:06,A,iOS
2465,view,2023-01-16 04:23:33,B,Android
47,registration,2023-01-16 04:58:06,A,iOS
7999,registration,2023-01-16 23:52:20,A,iOS
423,click,2023-01-16 00:34:07,A,iOS
6846,click,2023-01-16 00:07:58,B,Android
2470,click,2023-01-16 01:26:23,B,iOS
3421,registration,2023-01-16 06:28:37,A,iOS
3373,click,2023-01-16 18:57:01,B,iOS
7850,click,2023-01-16 13:30:38,A,iOS
2286,view,2023-01-16 16:41:10,B,iOS
8071,click,2023-01-16 07:07:56,A,Android
4645,view,2023-01-16 23:02:48,A,iOS
8239,view,2023-01-16 23:51:57,A,Android
9401,purchase,2023-01-16 23:15:10,B,iOS
8733,click,2023-01-16 08:21:48,B,Android
2703,purchase,2023-01-16 18:53:31,B,Android
507,view,2023-01-16 22:38:33,B,iOS
7998,registration,2023-01-16 05:08:40,B,Android
9779,view,2023-01-16 22:55:21,B,Android
2615,click,2023-01-16 12:31:09,A,iOS
8234,purchase,2023-01-16 04:53:32,B,iOS
4317,registration,2023-01-16 22:40:05,A,iOS
5462,click,2023-01-16 00:38:23,B,iOS
123,view,2023-01-16 00:16:58,A,iOS
7560,view,2023-01-16 23:10:21,A,iOS
8506,view,2023-01-16 14:41:40,A,iOS
5464,registration,2023-01-16 05:32:15,B,iOS
2336,click,2023-01-16 21:15:43,B,Android
7259,view,2023-01-16 17:45:18,B,iOS
5591,view,2023-01-16 00:38:24,B,iOS
3262,click,2023-01-16 05:34:05,B,Android
515,view,2023-01-16 17:16:31,A,iOS
6455,purchase,2023-01-16 00:51:56,A,Android
7084,purchase,2023-01-16 21:05:25,B,iOS
1264,click,2023-01-16 20:13:08,B,iOS
4864,registration,2023-01-16 10:48:51,A,Android
4484,purchase,2023-01-16 01:08:58,A,iOS
4442,registration,2023-01-16 06:59:50,A,iOS
8628,click,2023-01-16 22:48:34,B,Android
8711,click,2023-01-16 20:31:16,A,iOS
7050,click,2023-01-16 03:55:46,A,iOS
8215,purchase,2023-01-16 16:39:37,B,iOS
9517,view,2023-01-16 02:38:14,A,Android
422,purchase,2023-01-16 22:14:33,A,iOS
6248,click,2023-01-16 06:09:36,A,Android
5586,view,2023-01-16 18:26:37,A,Android
9308,click,2023-01-16 12:43:23,A,Android
187,view,2023-01-16 10:43:24,A,Android
5468,registration,2023-01-16 02:45:49,A,iOS
773,purchase,2023-01-16 12:30:08,A,Android
2014,view,2023-01-16 07:42:17,B,iOS
6806,click,2023-01-16 19:55:57,A,iOS
6300,registration,2023-01-16 05:06:49,A,iOS
7581,click,2023-01-16 19:06:34,B,Android
7885,click,2023-01-16 05:11:26,B,iOS
6712,click,2023-01-16 21:40:52,B,Android
756,purchase,2023-01-16 15:15:29,A,iOS
1920,click,2023-01-16 02:25:00,B,iOS
9725,registration,2023-01-16 16:09:13,B,iOS
2297,click,2023-01-16 18:35:00,A,Android
2597,click,2023-01-16 02:09:52,B,Android
2060,view,2023-01-16 13:47:29,A,Android
3227,click,2023-01-16 00:13:21,A,iOS
4429,view,2023-01-16 14:00:53,B,Android
3825,click,2023-01-16 19:14:00,A,iOS
7144,click,2023-01-16 12:03:37,A,iOS
578,registration,2023-01-16 01:06:56,B,Android
6574,click,2023-01-16 20:31:25,A,Android
4133,purchase,2023-01-16 02:49:58,A,iOS
6612,view,2023-01-16 07:12:43,B,Android
6336,view,2023-01-16 12:00:13,A,iOS
5926,click,2023-01-16 16:39:19,B,iOS
1365,click,2023-01-16 02:29:13,A,iOS
3417,click,2023-01-16 00:37:53,B,Android
1734,click,2023-01-16 17:22:34,A,iOS
9534,view,2023-01-16 00:34:51,A,iOS
1731,registration,2023-01-16 03:32:19,B,Android
7644,click,2023-01-16 10:56:27,B,iOS
3887,view,2023-01-16 03:51:47,B,Android
2318,registration,2023-01-16 06:41:20,B,Android
4652,view,2023-01-16 14:11:18,A,iOS
1123,click,2023-01-16 02:31:57,B,Android
3204,click,2023-01-16 13:07:19,B,iOS
5269,view,2023-01-16 05:20:40,B,Android
6439,view,2023-01-16 00:31:44,A,iOS
2853,purchase,2023-01-16 15:34:18,A,iOS
7374,click,2023-01-16 02:41:10,B,Android
5298,click,2023-01-16 09:46:15,A,Android
1902,registration,2023-01-16 13:33:24,B,iOS
5001,purchase,2023-01-16 10:20:44,A,iOS
9071,click,2023-01-16 18:47:49,A,Android
8399,view,2023-01-16 15:49:01,A,Android
3357,view,2023-01-16 13:54:19,B,Android
4621,click,2023-01-16 19:03:40,B,iOS
6628,click,2023-01-16 21:01:24,B,Android
8470,registration,2023-01-16 12:00:36,A,iOS
8112,click,2023-01-16 05:49:53,A,iOS
1425,registration,2023-01-16 02:55:55,A,Android
5298,registration,2023-01-16 05:27:58,A,Android
1836,purchase,2023-01-16 02:04:17,B,Android
5437,click,2023-01-16 21:35:23,B,iOS
234,click,2023-01-16 06:00:19,B,Android
1526,view,2023-01-16 14:29:54,B,Android
5351,registration,2023-01-16 14:11:14,A,Android
8421,click,2023-01-16 15:34:18,B,Android
1366,view,2023-01-16 23:54:32,A,iOS
1885,click,2023-01-16 01:54:15,B,Android
1691,click,2023-01-16 22:47:42,B,Android
1765,view,2023-01-16 12:13:49,B,iOS
4668,view,2023-01-16 00:37:18,B,iOS
1007,click,2023-01-16 17:11:28,A,iOS
1397,click,2023-01-16 14:32:20,A,Android
5371,click,2023-01-16 18:51:08,B,iOS
17,click,2023-01-16 04:34:34,B,iOS
5502,view,2023-01-16 23:59:52,B,Android
8475,click,2023-01-16 13:52:39,A,iOS
1101,click,2023-01-16 06:45:42,A,Android
5587,view,2023-01-16 08:54:52,A,iOS
628,purchase,2023-01-16 20:58:13,A,Android
8126,registration,2023-01-16 19:34:05,A,iOS
8814,click,2023-01-16 03:09:04,A,iOS
1013,click,2023-01-16 03:25:40,A,Android
8988,registration,2023-01-16 06:13:33,B,Android
6887,view,2023-01-16 06:25:57,B,iOS
465,registration,2023-01-16 20:47:56,B,iOS
3154,click,2023-01-16 06:47:09,B,Android
5700,view,2023-01-16 17:31:48,A,Android
2483,click,2023-01-16 17:53:40,A,Android
7496,click,2023-01-16 14:56:13,B,iOS
2426,click,2023-01-16 06:02:04,A,iOS
5843,view,2023-01-16 04:16:53,A,Android
6318,click,2023-01-16 23:03:33,A,Android
8808,view,2023-01-16 08:00:14,B,iOS
909,view,2023-01-16 13:41:04,A,Android
2942,click,2023-01-16 17:18:17,A,iOS
5624,registration,2023-01-16 23:18:05,B,Android
5318,view,2023-01-16 19:58:53,B,iOS
8876,click,2023-01-16 18:48:07,A,Android
5404,click,2023-01-16 01:45:53,A,iOS
6851,click,2023-01-16 00:48:09,B,Android
9405,registration,2023-01-16 02:35:58,B,Android
8970,purchase,2023-01-16 04:37:31,B,iOS
2616,view,2023-01-16 23:24:16,B,Android
6314,registration,2023-01-16 00:40:51,A,iOS
2571,purchase,2023-01-16 08:57:32,B,Android
6465,view,2023-01-16 00:14:48,B,Android
995,click,2023-01-16 11:48:55,B,iOS
786,view,2023-01-16 05:57:33,A,Android
5117,view,2023-01-16 03:04:03,A,iOS
230,click,2023-01-16 22:09:41,A,iOS
9810,click,2023-01-16 09:35:18,B,iOS
3157,click,2023-01-16 06:36:57,B,iOS
5682,click,2023-01-16 13:13:03,B,Android
2238,view,2023-01-16 18:09:39,B,Android
2036,view,2023-01-16 23:08:21,A,iOS
6555,click,2023-01-16 08:26:42,B,iOS
8552,view,2023-01-16 15:27:37,B,Android
1457,registration,2023-01-16 11:21:40,A,iOS
5390,click,2023-01-16 09:43:20,A,Android
7251,registration,2023-01-16 14:17:10,A,Android
4584,purchase,2023-01-16 05:29:52,B,iOS
3516,purchase,2023-01-16 20:19:29,B,iOS
6406,click,2023-01-16 00:47:54,B,iOS
2828,click,2023-01-16 01:39:10,A,Android
9816,click,2023-01-16 19:38:41,A,Android
4559,registration,2023-01-16 19:21:54,A,iOS
8379,view,2023-01-16 12:33:49,B,Android
2942,click,2023-01-16 15:15:30,A,iOS
8058,registration,2023-01-16 01:49:35,B,iOS
9889,view,2023-01-16 01:54:48,B,iOS
5160,registration,2023-01-16 23:41:29,B,Android
2423,click,2023-01-16 11:58:35,A,Android
7642,click,2023-01-16 10:16:58,A,Android
6673,click,2023-01-16 08:58:04,A,iOS
6283,view,2023-01-16 01:06:05,B,iOS
7490,click,2023-01-16 10:26:58,B,Android
2843,click,2023-01-16 13:02:42,A,Android
4861,view,2023-01-16 08:14:46,A,Android
5401,registration,2023-01-16 07:42:50,B,Android
2059,registration,2023-01-16 01:21:17,A,Android
2435,registration,2023-01-16 19:28:38,A,iOS
9438,view,2023-01-16 09:04:35,A,iOS
3160,view,2023-01-16 17:07:43,B,Android
9783,view,2023-01-16 16:56:42,A,Android
9861,click,2023-01-16 09:22:41,B,Android
7979,view,2023-01-16 14:55:57,A,Android
7889,click,2023-01-16 18:12:19,A,Android
7919,click,2023-01-16 12:43:47,A,Android
5674,click,2023-01-16 15:59:30,A,Android
5709,registration,2023-01-16 04:12:28,A,iOS
8200,click,2023-01-16 05:52:50,A,iOS
5175,view,2023-01-16 20:45:22,B,iOS
9817,click,2023-01-16 14:40:48,B,iOS
9787,registration,2023-01-16 05:26:20,A,Android
7006,click,2023-01-16 17:32:09,B,iOS
7995,click,2023-01-16 21:24:04,B,Android
2325,registration,2023-01-16 04:39:01,A,iOS
8425,registration,2023-01-16 17:09:39,A,iOS
7727,view,2023-01-16 15:07:03,A,iOS
9935,view,2023-01-16 21:31:20,B,Android
2312,click,2023-01-16 14:03:56,A,Android
7516,view,2023-01-16 08:01:47,B,Android
6052,purchase,2023-01-16 04:51:54,A,iOS
5347,click,2023-01-16 02:25:22,A,iOS
6508,click,2023-01-16 03:46:01,A,Android
161,registration,2023-01-16 00:11:03,A,iOS
4248,purchase,2023-01-16 09:55:24,B,Android
7959,view,2023-01-16 21:30:17,A,iOS
2145,view,2023-01-16 13:38:05,B,iOS
7572,purchase,2023-01-16 17:44:01,A,iOS
6247,registration,2023-01-16 05:13:03,A,Android
1847,click,2023-01-16 15:45:33,B,iOS
9817,registration,2023-01-16 20:02:51,B,iOS
8547,view,2023-01-16 10:17:09,B,iOS
6801,click,2023-01-16 14:51:42,B,iOS
2253,purchase,2023-01-16 16:29:43,A,Android
6862,click,2023-01-16 05:18:22,B,Android
5596,registration,2023-01-16 00:42:50,A,iOS
3053,registration,2023-01-16 20:19:36,B,Android
3462,click,2023-01-16 23:51:14,B,iOS
2591,registration,2023-01-16 22:16:44,B,iOS
5085,view,2023-01-16 16:16:37,B,iOS
7864,registration,2023-01-16 02:33:50,B,iOS
279,click,2023-01-16 19:16:11,B,Android
5759,purchase,2023-01-16 08:16:52,B,iOS
9345,view,2023-01-16 02:48:02,A,iOS
4865,registration,2023-01-16 07:15:30,B,Android
4983,click,2023-01-16 12:28:14,B,Android
5240,purchase,2023-01-16 16:51:58,B,iOS
4208,registration,2023-01-16 13:43:15,A,iOS
9103,registration,2023-01-16 16:23:04,B,Android
4780,view,2023-01-16 13:23:36,A,Android
539,view,2023-01-16 04:56:18,B,Android
2930,view,2023-01-16 12:36:39,A,Android
5645,view,2023-01-16 00:21:40,A,iOS
7942,registration,2023-01-16 01:14:24,B,iOS
4068,registration,2023-01-16 01:08:41,B,iOS
1398,click,2023-01-16 04:33:16,B,iOS
4044,click,2023-01-16 06:25:58,A,Android
4729,click,2023-01-16 11:46:07,A,Android
4238,purchase,2023-01-16 22:35:43,A,Android
6624,click,2023-01-16 19:24:27,A,iOS
3623,click,2023-01-16 09:27:41,A,iOS
2649,purchase,2023-01-16 16:35:24,B,iOS
4447,click,2023-01-16 14:00:54,A,iOS
91,registration,2023-01-16 13:51:51,A,Android
4031,view,2023-01-16 13:12:25,A,iOS
9080,registration,2023-01-16 06:59:19,B,iOS
8711,view,2023-01-16 06:55:34,A,iOS
2509,view,2023-01-16 16:50:16,B,Android
1367,click,2023-01-16 20:18:16,B,iOS
5368,view,2023-01-16 10:20:19,B,iOS
4271,registration,2023-01-16 01:08:39,B,Android
9143,click,2023-01-16 23:14:29,A,Android
3991,view,2023-01-16 23:44:30,B,iOS
1017,view,2023-01-16 12:56:08,A,iOS
7668,registration,2023-01-16 21:07:23,A,Android
9917,view,2023-01-16 13:08:18,B,iOS
8235,click,2023-01-16 13:04:06,B,Android
6239,click,2023-01-16 19:04:10,A,iOS
5199,view,2023-01-16 06:53:14,A,iOS
2086,click,2023-01-16 16:15:40,B,iOS
7986,registration,2023-01-16 23:13:14,A,iOS
4624,purchase,2023-01-16 11:21:08,B,Android
7342,purchase,2023-01-16 21:45:35,A,iOS
8530,view,2023-01-16 00:53:59,A,Android
8872,view,2023-01-16 15:04:08,B,iOS
2320,registration,2023-01-16 12:44:14,B,iOS
2842,click,2023-01-16 22:19:10,A,iOS
6784,view,2023-01-16 20:01:06,B,iOS
9761,registration,2023-01-16 02:46:33,B,Android
672,registration,2023-01-16 16:12:16,A,iOS
6900,click,2023-01-16 21:47:25,B,Android
4012,click,2023-01-16 05:53:42,A,iOS
1700,view,2023-01-16 12:43:49,B,Android
7761,click,2023-01-16 00:52:03,A,iOS
632,registration,2023-01-16 16:22:37,A,iOS
1602,registration,2023-01-16 07:02:44,A,Android
9624,view,2023-01-16 06:08:34,B,Android
8374,click,2023-01-16 21:49:38,B,Android
2487,click,2023-01-16 12:17:38,B,iOS
207,click,2023-01-16 19:08:43,A,Android
9342,view,2023-01-16 10:15:53,A,Android
964,click,2023-01-16 17:43:39,A,Android
7030,click,2023-01-16 16:09:34,B,iOS
4292,registration,2023-01-16 05:18:26,A,iOS
1790,view,2023-01-16 07:38:54,B,Android
109,view,2023-01-16 05:03:28,A,Android
6255,click,2023-01-16 21:01:02,B,Android
3744,click,2023-01-16 02:24:45,A,iOS
8233,registration,2023-01-16 11:13:40,B,Android
5092,click,2023-01-16 18:19:49,B,iOS
7238,registration,2023-01-16 11:37:50,A,iOS
7792,registration,2023-01-16 19:13:45,A,Android
1357,click,2023-01-16 18:09:33,B,Android
4450,purchase,2023-01-16 00:30:00,A,Android
8138,registration,2023-01-16 11:30:24,B,iOS
5498,click,2023-01-16 04:55:13,A,iOS
7367,click,2023-01-16 22:43:27,A,Android
7825,view,2023-01-16 18:11:12,B,Android
8774,click,2023-01-16 05:37:27,A,Android
317,purchase,2023-01-16 08:02:11,A,iOS
4907,view,2023-01-16 22:30:57,B,Android
7418,view,2023-01-16 09:02:19,B,iOS
2534,click,2023-01-16 16:08:38,B,Android
9525,purchase,2023-01-16 03:45:30,B,iOS
293,click,2023-01-16 19:09:52,B,Android
7509,purchase,2023-01-16 22:11:52,B,Android
1184,click,2023-01-16 00:58:39,A,Android
4355,view,2023-01-16 15:43:31,B,Android
2479,registration,2023-01-16 11:02:12,A,iOS
3643,view,2023-01-16 08:42:55,B,Android
3156,purchase,2023-01-16 12:57:39,A,iOS
7693,view,2023-01-16 11:38:28,B,Android
5856,purchase,2023-01-16 19:23:30,B,iOS
8713,click,2023-01-16 08:11:05,B,iOS
7923,purchase,2023-01-16 03:38:10,A,iOS
8322,view,2023-01-16 03:30:06,B,Android
1971,registration,2023-01-16 08:04:06,A,Android
6171,click,2023-01-16 16:59:59,A,Android
5147,registration,2023-01-16 16:34:26,B,Android
6838,view,2023-01-16 09:18:07,A,iOS
1752,click,2023-01-16 00:06:28,B,Android
8077,click,2023-01-16 06:00:53,B,Android
2146,click,2023-01-16 13:44:07,B,Android
2871,view,2023-01-16 13:12:02,B,Android
7311,click,2023-01-16 12:19:15,A,iOS
7381,view,2023-01-16 23:25:34,B,iOS
2213,registration,2023-01-16 17:14:19,A,Android
1449,view,2023-01-16 11:29:03,B,iOS
5172,purchase,2023-01-16 00:15:32,A,iOS
6725,view,2023-01-16 03:02:10,A,Android
7518,view,2023-01-16 12:34:43,A,Android
1231,click,2023-01-16 12:36:01,A,iOS
6591,registration,2023-01-16 19:58:44,B,Android
775,click,2023-01-16 15:39:26,A,Android
4582,view,2023-01-16 14:26:24,A,iOS
7214,click,2023-01-16 18:23:32,A,Android
4448,click,2023-01-16 13:19:41,A,iOS
5907,click,2023-01-16 16:07:42,A,iOS
9194,click,2023-01-16 06:02:45,B,Android
4311,view,2023-01-16 02:12:21,B,Android
2179,purchase,2023-01-16 23:22:12,A,iOS
608,registration,2023-01-16 23:01:00,B,iOS
4887,view,2023-01-16 21:29:44,A,Android
6250,view,2023-01-16 13:10:12,B,iOS
229,view,2023-01-16 01:14:17,B,Android
3778,registration,2023-01-16 15:57:56,B,Android
7707,view,2023-01-16 19:21:35,B,iOS
5796,view,2023-01-16 23:08:39,B,iOS
7854,click,2023-01-16 05:03:21,A,Android
1784,view,2023-01-16 02:26:34,B,Android
8187,view,2023-01-16 20:28:45,A,iOS
5093,view,2023-01-16 12:40:35,A,Android
9719,view,2023-01-16 17:44:24,A,iOS
8608,view,2023-01-16 04:29:27,A,iOS
3775,purchase,2023-01-16 16:23:12,B,Android
8776,view,2023-01-16 19:49:48,A,iOS
8899,registration,2023-01-16 14:22:48,A,iOS
1597,view,2023-01-16 07:30:19,B,iOS
4087,view,2023-01-16 10:03:26,A,Android
3413,view,2023-01-16 15:04:57,B,iOS
4846,click,2023-01-16 09:47:13,B,iOS
7407,click,2023-01-16 08:37:45,A,Android
9139,click,2023-01-16 23:14:23,A,iOS
4132,view,2023-01-16 20:23:00,A,Android
4591,purchase,2023-01-16 06:33:03,A,Android
3680,registration,2023-01-16 09:04:39,A,Android
849,view,2023-01-16 22:30:54,B,iOS
6752,click,2023-01-16 05:33:18,B,Android
972,click,2023-01-16 00:00:25,A,Android
4695,click,2023-01-16 09:01:00,B,iOS
5825,click,2023-01-16 15:29:32,A,iOS
5921,registration,2023-01-16 11:43:54,A,Android
8992,registration,2023-01-16 05:34:42,B,Android
4591,click,2023-01-16 02:10:08,A,Android
736,view,2023-01-16 08:50:36,B,iOS
8226,click,2023-01-16 14:42:45,B,iOS
8853,registration,2023-01-16 11:10:19,A,Android
4009,click,2023-01-16 09:15:30,A,iOS
7500,click,2023-01-16 08:55:53,A,iOS
415,click,2023-01-16 22:07:12,B,Android
74,click,2023-01-16 02:44:14,A,Android
3403,view,2023-01-16 18:45:06,B,Android
4784,purchase,2023-01-16 02:54:37,A,Android
5266,view,2023-01-16 04:24:27,A,iOS
8384,click,2023-01-16 12:25:47,B,iOS
9375,view,2023-01-16 23:11:46,A,iOS
7944,registration,2023-01-16 22:46:25,B,iOS
1710,registration,2023-01-16 20:18:56,B,iOS
6457,view,2023-01-16 23:19:23,B,iOS
3197,registration,2023-01-16 12:01:15,B,Android
7696,registration,2023-01-16 22:53:34,B,iOS
2806,registration,2023-01-16 16:34:35,B,iOS
9878,click,2023-01-16 11:42:24,B,Android
4658,click,2023-01-16 23:58:27,A,Android
9738,click,2023-01-16 18:38:25,B,iOS
2357,view,2023-01-16 02:47:05,B,Android
7649,view,2023-01-16 19:28:15,B,iOS
5057,click,2023-01-16 14:14:32,A,iOS
2625,click,2023-01-16 15:01:47,A,iOS
4941,view,2023-01-16 06:20:19,B,Android
3369,click,2023-01-16 01:35:07,B,iOS
3066,click,2023-01-16 05:50:29,A,Android
65,view,2023-01-16 16:44:06,B,iOS
3269,registration,2023-01-16 22:43:15,B,iOS
9431,click,2023-01-16 21:48:56,A,iOS
4825,click,2023-01-16 03:29:03,A,Android
6251,purchase,2023-01-16 09:44:41,B,iOS
5259,view,2023-01-16 12:54:29,A,iOS
6712,click,2023-01-16 10:11:29,B,Android
964,view,2023-01-16 15:32:43,A,Android
732,registration,2023-01-16 12:12:07,A,Android
1901,registration,2023-01-16 04:37:57,A,iOS
5658,registration,2023-01-16 13:36:45,A,Android
9114,click,2023-01-16 04:42:04,A,iOS
9116,click,2023-01-16 06:35:52,B,iOS
7665,click,2023-01-16 01:50:07,A,Android
914,click,2023-01-16 18:34:56,B,Android
7978,click,2023-01-16 18:40:55,A,iOS
9970,view,2023-01-16 19:34:09,A,Android
4936,view,2023-01-16 18:18:01,B,Android
9071,click,2023-01-16 02:47:37,A,Android
8336,click,2023-01-16 07:34:40,B,iOS
9984,click,2023-01-16 02:10:51,A,iOS
6660,registration,2023-01-16 12:48:59,A,Android
2731,registration,2023-01-16 23:31:48,B,Android
6712,view,2023-01-16 01:14:02,B,Android
1926,purchase,2023-01-16 22:32:18,A,Android
32,registration,2023-01-16 23:53:37,A,iOS
5789,click,2023-01-16 05:26:28,B,Android
7175,purchase,2023-01-16 16:11:32,B,Android
7163,click,2023-01-16 01:11:06,A,iOS
9900,view,2023-01-16 05:53:09,A,iOS
9312,view,2023-01-16 11:58:38,A,Android
2558,click,2023-01-16 13:56:18,A,Android
9227,view,2023-01-16 04:22:20,B,Android
9369,view,2023-01-16 21:42:51,A,Android
4376,registration,2023-01-16 20:45:32,A,Android
148,purchase,2023-01-16 07:28:29,A,Android
1833,registration,2023-01-16 08:27:39,B,Android
7997,registration,2023-01-16 21:49:35,B,Android
577,registration,2023-01-16 09:50:02,A,Android
3859,click,2023-01-16 12:17:59,A,Android
7764,registration,2023-01-16 09:09:46,A,Android
698,view,2023-01-16 18:58:31,A,Android
5213,view,2023-01-16 21:01:47,A,iOS
9037,click,2023-01-16 16:10:40,B,iOS
7934,view,2023-01-16 07:04:57,B,iOS
1207,view,2023-01-16 05:26:15,A,Android
8815,click,2023-01-16 19:21:59,B,Android
4476,view,2023-01-16 05:50:14,A,Android
3609,view,2023-01-16 10:18:35,B,Android
4885,view,2023-01-16 16:25:29,B,Android
2565,click,2023-01-16 09:53:31,A,Android
8414,purchase,2023-01-16 11:07:44,A,Android
4827,click,2023-01-16 00:06:56,A,iOS
9217,view,2023-01-16 22:13:20,A,Android
9143,click,2023-01-16 10:10:28,A,Android
8275,click,2023-01-16 12:46:56,B,iOS
5098,click,2023-01-16 08:42:18,A,Android
1293,click,2023-01-16 20:55:22,A,iOS
1430,click,2023-01-16 20:01:14,B,Android
8240,click,2023-01-16 07:11:53,B,Android
981,purchase,2023-01-16 00:47:10,A,iOS
2792,click,2023-01-16 06:09:27,A,Android
1114,click,2023-01-16 01:43:25,B,Android
5726,click,2023-01-16 13:06:58,B,Android
852,view,2023-01-16 04:43:07,B,Android
4576,registration,2023-01-16 13:33:18,B,iOS
232,click,2023-01-16 17:54:23,B,iOS
6821,click,2023-01-16 16:50:17,B,Android
3361,purchase,2023-01-16 15:35:11,A,iOS
8437,purchase,2023-01-16 15:09:38,A,iOS
1125,purchase,2023-01-16 09:17:37,B,Android
5833,view,2023-01-16 05:00:41,B,Android
6733,registration,2023-01-16 11:28:16,A,Android
5185,purchase,2023-01-16 16:37:06,B,iOS
6665,click,2023-01-16 14:49:23,A,iOS
7703,registration,2023-01-16 09:56:16,B,Android
4998,click,2023-01-16 08:26:21,A,Android
6756,click,2023-01-16 20:03:52,A,iOS
8390,view,2023-01-16 08:08:35,B,Android
6955,registration,2023-01-16 11:23:54,B,iOS
5452,click,2023-01-16 04:08:22,B,Android
6488,view,2023-01-16 09:50:27,A,iOS
5353,click,2023-01-16 21:17:01,A,iOS
9486,registration,2023-01-16 07:58:01,B,iOS
187,registration,2023-01-16 20:21:44,A,Android
5425,registration,2023-01-16 16:30:28,A,Android
9809,purchase,2023-01-16 21:31:08,B,Android
9501,registration,2023-01-16 11:30:06,A,iOS
4375,registration,2023-01-16 19:34:05,B,iOS
7564,click,2023-01-16 20:27:42,B,Android
5339,click,2023-01-16 17:17:26,A,Android
5440,purchase,2023-01-16 13:39:27,B,iOS
7789,view,2023-01-16 00:50:07,B,iOS
3092,purchase,2023-01-16 06:15:08,B,iOS
8485,registration,2023-01-16 00:28:17,B,Android
1138,registration,2023-01-16 14:25:06,A,iOS
9588,registration,2023-01-16 07:01:54,A,Android
155,purchase,2023-01-16 18:25:56,B,Android
4251,registration,2023-01-16 01:43:19,B,Android
6810,view,2023-01-16 12:20:35,B,Android
8849,click,2023-01-16 05:50:32,A,iOS
745,click,2023-01-16 19:05:28,B,Android
3449,click,2023-01-16 21:27:51,A,iOS
1061,view,2023-01-16 17:33:26,A,Android
9981,view,2023-01-16 17:28:57,B,Android
5410,view,2023-01-16 03:22:23,B,iOS
97,registration,2023-01-16 23:09:11,A,Android
6887,click,2023-01-16 13:10:57,B,iOS
9845,click,2023-01-16 10:59:49,A,iOS
366,view,2023-01-16 20:42:47,B,Android
3493,view,2023-01-16 19:51:12,A,iOS
4576,view,2023-01-16 04:22:03,B,iOS
1808,view,2023-01-16 12:16:38,B,iOS
5584,click,2023-01-16 14:56:20,B,iOS
6028,click,2023-01-16 01:03:51,B,iOS
7722,registration,2023-01-16 12:43:45,A,Android
8591,view,2023-01-16 13:12:59,A,Android
7167,purchase,2023-01-16 09:06:19,B,Android
6333,view,2023-01-16 09:44:47,A,Android
2563,click,2023-01-16 14:25:09,B,iOS
8231,click,2023-01-16 05:49:06,B,iOS
6121,registration,2023-01-16 23:58:14,A,iOS
198,click,2023-01-16 07:13:48,B,Android
131,registration,2023-01-16 01:04:11,A,iOS
375,view,2023-01-16 19:32:14,A,iOS
4116,click,2023-01-17 11:08:20,B,Android
3839,view,2023-01-17 22:29:55,A,iOS
8514,purchase,2023-01-17 02:01:34,B,iOS
3559,click,2023-01-17 00:40:34,A,iOS
6587,click,2023-01-17 19:40:22,B,iOS
5564,view,2023-01-17 06:50:31,A,iOS
3507,purchase,2023-01-17 14:54:57,A,Android
2252,click,2023-01-17 04:48:50,A,Android
7622,view,2023-01-17 06:56:52,B,Android
7221,view,2023-01-17 02:59:28,A,iOS
4393,view,2023-01-17 15:48:37,B,Android
2975,view,2023-01-17 18:06:39,A,Android
5935,click,2023-01-17 20:06:01,A,Android
7220,click,2023-01-17 21:28:28,A,iOS
1922,registration,2023-01-17 03:57:46,A,Android
5211,click,2023-01-17 03:31:03,B,iOS
5416,purchase,2023-01-17 21:32:42,B,iOS
7970,click,2023-01-17 07:22:43,A,Android
5072,click,2023-01-17 09:15:48,A,iOS
3542,click,2023-01-17 12:34:42,A,iOS
6146,click,2023-01-17 11:29:40,A,Android
4703,view,2023-01-17 16:19:06,B,Android
9630,click,2023-01-17 23:30:16,A,Android
1881,click,2023-01-17 10:27:24,A,Android
2575,registration,2023-01-17 06:49:09,A,iOS
1772,view,2023-01-17 02:05:03,A,Android
9298,click,2023-01-17 02:56:21,B,Android
4068,registration,2023-01-17 22:25:12,B,iOS
2941,click,2023-01-17 15:35:29,B,iOS
9757,click,2023-01-17 23:53:19,A,iOS
7297,view,2023-01-17 18:12:49,A,iOS
8330,click,2023-01-17 18:49:22,B,iOS
4005,view,2023-01-17 13:38:12,A,Android
6879,click,2023-01-17 02:05:27,B,Android
8047,view,2023-01-17 12:45:13,A,iOS
6839,view,2023-01-17 05:34:16,A,iOS
4417,view,2023-01-17 02:19:19,A,iOS
603,registration,2023-01-17 05:41:10,A,Android
2739,registration,2023-01-17 07:54:47,B,Android
4583,view,2023-01-17 07:49:59,A,Android
3155,purchase,2023-01-17 20:26:01,B,Android
2962,registration,2023-01-17 09:41:21,B,iOS
6129,view,2023-01-17 08:49:24,B,iOS
6311,click,2023-01-17 18:55:46,B,iOS
6522,view,2023-01-17 21:15:22,B,Android
9247,click,2023-01-17 19:26:13,B,Android
1418,click,2023-01-17 17:05:43,B,iOS
3835,view,2023-01-17 17:19:41,A,iOS
2822,registration,2023-01-17 01:46:19,B,Android
2442,registration,2023-01-17 02:20:28,B,iOS
4256,view,2023-01-17 00:54:22,B,Android
3565,view,2023-01-17 21:51:28,B,Android
5919,registration,2023-01-17 21:07:05,A,iOS
9440,click,2023-01-17 11:21:10,B,Android
1071,click,2023-01-17 18:21:12,B,iOS
3538,click,2023-01-17 19:56:03,B,Android
2902,click,2023-01-17 21:10:59,B,Android
7194,registration,2023-01-17 18:23:52,A,Android
6740,click,2023-01-17 17:38:42,A,Android
8737,registration,2023-01-17 06:46:17,A,iOS
161,click,2023-01-17 21:45:20,A,iOS
4685,registration,2023-01-17 22:58:21,A,Android
762,click,2023-01-17 05:24:03,B,Android
312,view,2023-01-17 21:59:25,A,Android
8188,click,2023-01-17 22:35:42,B,Android
1326,click,2023-01-17 23:35:59,A,Android
9980,registration,2023-01-17 20:14:07,A,iOS
7152,registration,2023-01-17 02:02:07,B,Android
7581,view,2023-01-17 01:10:52,B,Android
4840,registration,2023-01-17 20:41:45,B,Android
618,registration,2023-01-17 20:32:34,B,Android
5042,registration,2023-01-17 14:29:56,A,iOS
3808,click,2023-01-17 09:33:40,B,Android
4455,click,2023-01-17 19:53:12,B,Android
6330,click,2023-01-17 10:33:44,A,iOS
9262,click,2023-01-17 10:18:13,B,iOS
8604,click,2023-01-17 01:02:48,B,Android
9163,click,2023-01-17 20:53:17,B,iOS
7455,click,2023-01-17 00:39:00,B,iOS
1681,registration,2023-01-17 17:43:03,B,Android
9736,registration,2023-01-17 14:04:51,A,iOS
874,view,2023-01-17 15:40:42,A,Android
6382,view,2023-01-17 15:06:39,A,iOS
7659,click,2023-01-17 01:12:27,B,iOS
197,click,2023-01-17 16:11:11,B,Android
771,click,2023-01-17 16:34:36,B,Android
7170,registration,2023-01-17 07:34:13,A,iOS
4584,purchase,2023-01-17 13:50:38,B,iOS
4674,registration,2023-01-17 08:56:54,A,iOS
6666,view,2023-01-17 19:58:00,A,Android
9622,registration,2023-01-17 08:51:31,A,Android
7896,view,2023-01-17 18:28:57,B,Android
3636,view,2023-01-17 08:58:13,A,Android
3623,registration,2023-01-17 15:48:32,A,iOS
179,view,2023-01-17 21:02:53,B,iOS
4392,purchase,2023-01-17 18:57:24,B,Android
5164,registration,2023-01-17 15:09:52,B,Android
4102,view,2023-01-17 23:00:59,A,Android
3763,view,2023-01-17 15:41:52,A,Android
7623,purchase,2023-01-17 06:23:14,B,Android
9375,purchase,2023-01-17 22:43:16,A,iOS
8263,view,2023-01-17 17:19:09,B,Android
1829,purchase,2023-01-17 08:22:34,B,iOS
9623,click,2023-01-17 18:16:40,A,Android
2873,registration,2023-01-17 12:23:28,B,iOS
6072,view,2023-01-17 14:31:32,A,Android
2933,click,2023-01-17 09:40:37,A,Android
1923,view,2023-01-17 16:36:53,B,iOS
9780,view,2023-01-17 04:31:18,A,iOS
6869,view,2023-01-17 02:10:34,B,Android
5321,registration,2023-01-17 08:55:49,B,iOS
6230,purchase,2023-01-17 12:59:07,A,iOS
2100,registration,2023-01-17 17:56:24,A,iOS
9238,view,2023-01-17 08:15:26,B,iOS
9419,registration,2023-01-17 03:15:27,B,iOS
8174,view,2023-01-17 17:10:05,B,iOS
576,click,2023-01-17 01:48:32,B,iOS
7292,click,2023-01-17 09:04:24,A,Android
2391,click,2023-01-17 23:13:44,A,iOS
2638,purchase,2023-01-17 02:49:31,B,iOS
1261,registration,2023-01-17 20:36:09,B,Android
2754,view,2023-01-17 01:47:38,A,iOS
9357,registration,2023-01-17 17:25:47,B,iOS
9687,click,2023-01-17 20:20:40,A,iOS
8981,registration,2023-01-17 12:19:44,B,iOS
7572,view,2023-01-17 13:39:49,A,iOS
1793,purchase,2023-01-17 01:09:43,B,iOS
8474,view,2023-01-17 21:01:47,B,iOS
9655,click,2023-01-17 13:32:37,A,iOS
8283,purchase,2023-01-17 12:33:11,B,iOS
7740,view,2023-01-17 06:54:11,B,Android
3702,click,2023-01-17 22:10:11,B,iOS
9574,registration,2023-01-17 11:25:31,A,Android
3086,view,2023-01-17 12:02:25,A,iOS
1313,view,2023-01-17 06:37:24,A,iOS
6675,click,2023-01-17 04:44:03,A,iOS
6778,registration,2023-01-17 01:56:01,B,iOS
4102,view,2023-01-17 17:50:16,A,Android
906,click,2023-01-17 07:37:32,A,Android
2690,view,2023-01-17 07:12:19,B,iOS
5286,click,2023-01-17 11:47:14,B,iOS
9811,view,2023-01-17 13:00:55,B,iOS
3462,click,2023-01-17 08:56:29,B,iOS
7084,click,2023-01-17 19:33:52,B,iOS
2039,view,2023-01-17 02:03:49,B,iOS
217,view,2023-01-17 01:37:20,B,Android
8714,click,2023-01-17 01:12:23,B,Android
5362,click,2023-01-17 15:11:20,A,iOS
3397,registration,2023-01-17 09:54:57,A,iOS
2278,click,2023-01-17 11:36:32,A,Android
8423,view,2023-01-17 16:58:16,B,iOS
1792,click,2023-01-17 02:10:38,A,iOS
4984,registration,2023-01-17 01:52:00,A,Android
754,click,2023-01-17 04:43:22,B,Android
5822,view,2023-01-17 03:49:59,B,iOS
5196,purchase,2023-01-17 03:52:17,A,iOS
1683,registration,2023-01-17 23:34:03,A,iOS
2861,registration,2023-01-17 00:57:11,B,Android
2445,view,2023-01-17 04:04:17,B,iOS
1320,click,2023-01-17 19:41:57,A,iOS
3638,purchase,2023-01-17 02:56:33,A,Android
4730,purchase,2023-01-17 12:01:58,A,Android
9315,click,2023-01-17 09:02:28,A,Android
2298,click,2023-01-17 21:23:16,B,iOS
981,click,2023-01-17 04:24:25,A,iOS
7380,registration,2023-01-17 04:02:09,A,iOS
3189,view,2023-01-17 07:56:00,A,Android
1448,registration,2023-01-17 17:53:03,B,iOS
3045,click,2023-01-17 06:13:27,A,iOS
4683,click,2023-01-17 07:30:08,B,iOS
2003,view,2023-01-17 16:06:09,B,iOS
410,registration,2023-01-17 10:12:55,A,Android
6985,purchase,2023-01-17 15:49:15,A,iOS
651,click,2023-01-17 05:28:22,B,Android
3778,click,2023-01-17 16:04:05,B,Android
4261,click,2023-01-17 20:32:38,A,Android
249,purchase,2023-01-17 20:54:12,A,Android
6519,registration,2023-01-17 03:04:09,A,Android
1307,view,2023-01-17 04:57:28,A,iOS
9766,click,2023-01-17 10:36:09,A,Android
6222,purchase,2023-01-17 00:33:43,B,Android
736,click,2023-01-17 10:01:17,B,iOS
1239,click,2023-01-17 06:37:16,A,Android
4445,view,2023-01-17 03:13:13,B,Android
3951,view,2023-01-17 19:55:13,B,iOS
941,registration,2023-01-17 14:31:08,A,iOS
4746,click,2023-01-17 13:26:17,B,iOS
4979,view,2023-01-17 03:07:01,A,Android
3104,click,2023-01-17 20:18:37,B,Android
4428,click,2023-01-17 18:58:57,A,Android
4386,view,2023-01-17 11:52:23,B,Android
1869,click,2023-01-17 15:41:55,B,iOS
7760,click,2023-01-17 18:25:14,A,Android
6530,registration,2023-01-17 09:24:56,B,iOS
5731,click,2023-01-17 05:20:02,B,iOS
3908,registration,2023-01-17 22:18:00,A,Android
2896,registration,2023-01-17 09:34:43,B,Android
6225,registration,2023-01-17 16:07:04,A,Android
9370,registration,2023-01-17 02:05:11,B,Android
5315,registration,2023-01-17 00:43:32,B,iOS
2977,registration,2023-01-17 20:42:45,B,Android
1968,click,2023-01-17 22:59:36,A,iOS
8331,click,2023-01-17 23:30:44,A,iOS
1650,registration,2023-01-17 20:52:10,B,iOS
1615,registration,2023-01-17 07:02:05,B,Android
6215,registration,2023-01-17 02:13:12,B,iOS
6005,registration,2023-01-17 01:19:12,A,iOS
3099,view,2023-01-17 13:07:54,A,iOS
3960,view,2023-01-17 14:47:43,A,iOS
3750,view,2023-01-17 01:41:21,B,iOS
7124,click,2023-01-17 14:23:29,A,Android
7878,click,2023-01-17 10:56:12,B,Android
3680,view,2023-01-17 00:56:23,A,Android
3738,click,2023-01-17 22:41:16,A,iOS
5535,view,2023-01-17 00:04:37,A,iOS
9704,click,2023-01-17 18:42:47,B,Android
2483,view,2023-01-17 19:22:58,A,Android
8688,view,2023-01-17 11:47:05,A,Android
7347,registration,2023-01-17 19:56:16,B,Android
5666,purchase,2023-01-17 20:46:50,A,iOS
7063,view,2023-01-17 05:29:48,B,iOS
8748,view,2023-01-17 12:25:24,A,Android
8906,registration,2023-01-17 20:32:29,B,iOS
773,click,2023-01-17 01:09:24,A,Android
1527,view,2023-01-17 15:43:21,B,iOS
3685,purchase,2023-01-17 19:36:35,B,Android
5704,registration,2023-01-17 19:29:30,A,Android
7383,click,2023-01-17 15:46:02,B,iOS
3256,registration,2023-01-17 17:41:00,B,Android
217,purchase,2023-01-17 20:44:45,B,Android
8404,registration,2023-01-17 21:23:23,B,Android
8510,click,2023-01-17 11:52:48,B,Android
5541,registration,2023-01-17 06:00:52,A,iOS
9639,registration,2023-01-17 23:03:19,B,Android
9167,registration,2023-01-17 11:15:18,A,iOS
4122,purchase,2023-01-17 01:05:45,A,iOS
9563,click,2023-01-17 10:44:36,A,Android
4693,view,2023-01-17 20:45:14,B,Android
4046,purchase,2023-01-17 01:48:49,B,iOS
9239,purchase,2023-01-17 02:08:32,A,Android
1041,click,2023-01-17 22:43:38,A,iOS
3424,registration,2023-01-17 13:37:07,A,Android
9317,view,2023-01-17 20:50:08,A,Android
5821,view,2023-01-17 15:32:02,B,Android
5222,registration,2023-01-17 17:40:10,A,Android
4550,click,2023-01-17 15:47:59,B,Android
9722,registration,2023-01-17 05:42:32,B,iOS
7815,view,2023-01-17 01:34:20,A,Android
5112,click,2023-01-17 02:29:54,B,Android
72,click,2023-01-17 20:49:38,A,iOS
175,view,2023-01-17 19:08:04,B,iOS
2559,purchase,2023-01-17 13:14:07,B,iOS
6935,click,2023-01-17 21:37:12,B,iOS
2142,click,2023-01-17 10:21:01,B,iOS
4969,view,2023-01-17 06:42:37,B,iOS
6607,click,2023-01-17 01:54:10,A,Android
4862,click,2023-01-17 22:05:43,B,Android
4795,registration,2023-01-17 18:50:54,A,iOS
9410,click,2023-01-17 05:46:25,A,Android
2382,registration,2023-01-17 15:33:58,A,iOS
494,purchase,2023-01-17 06:48:51,B,Android
8711,click,2023-01-17 06:56:53,A,iOS
9809,click,2023-01-17 04:11:03,B,Android
9342,registration,2023-01-17 16:10:12,A,Android
8116,click,2023-01-17 22:47:31,B,iOS
3667,view,2023-01-17 16:31:11,B,Android
6131,registration,2023-01-17 07:08:24,A,iOS
9717,registration,2023-01-17 08:17:48,A,iOS
7194,click,2023-01-17 21:54:13,A,Android
920,click,2023-01-17 16:01:34,A,Android
3090,purchase,2023-01-17 13:05:38,A,iOS
4909,purchase,2023-01-17 08:45:38,A,iOS
154,view,2023-01-17 17:14:41,B,Android
6967,view,2023-01-17 22:35:45,A,iOS
376,purchase,2023-01-17 10:02:04,B,Android
2169,click,2023-01-17 01:07:18,B,iOS
8449,click,2023-01-17 00:26:39,A,iOS
3384,registration,2023-01-17 20:41:07,B,Android
1696,click,2023-01-17 23:37:48,A,Android
7435,click,2023-01-17 01:41:43,A,Android
6768,click,2023-01-17 09:59:00,B,Android
4061,click,2023-01-17 05:47:15,B,iOS
3621,registration,2023-01-17 17:23:39,B,Android
1672,view,2023-01-17 08:45:18,A,Android
1394,view,2023-01-17 05:22:45,A,iOS
6726,click,2023-01-17 12:17:17,A,Android
4630,click,2023-01-17 21:03:28,B,Android
9656,view,2023-01-17 23:18:14,B,Android
460,click,2023-01-17 09:36:10,B,Android
307,click,2023-01-17 14:43:41,A,Android
3471,registration,2023-01-17 23:48:09,B,iOS
3790,click,2023-01-17 21:43:24,B,Android
256,registration,2023-01-17 06:38:56,B,iOS
7811,view,2023-01-17 07:10:18,A,Android
5603,registration,2023-01-17 04:38:27,A,iOS
3518,view,2023-01-17 05:32:13,B,iOS
5672,click,2023-01-17 18:13:34,B,Android
8040,click,2023-01-17 00:13:26,A,iOS
249,purchase,2023-01-17 00:34:38,A,Android
1407,click,2023-01-17 17:31:12,A,Android
3458,registration,2023-01-17 03:18:26,A,Android
8161,click,2023-01-17 00:10:27,A,iOS
8155,click,2023-01-17 17:51:25,A,iOS
280,registration,2023-01-17 04:40:09,B,iOS
5988,view,2023-01-17 11:41:43,A,iOS
8234,click,2023-01-17 10:41:31,B,iOS
3800,purchase,2023-01-17 17:58:59,A,iOS
3191,view,2023-01-17 03:57:44,B,iOS
5702,registration,2023-01-17 01:44:02,B,Android
6120,click,2023-01-17 22:50:04,A,Android
7011,purchase,2023-01-17 08:00:03,A,iOS
4244,purchase,2023-01-17 09:42:03,B,iOS
14,registration,2023-01-17 07:19:40,A,iOS
4578,registration,2023-01-17 16:00:12,A,iOS
7255,registration,2023-01-17 05:30:02,A,Android
6142,view,2023-01-17 07:23:14,B,Android
2904,view,2023-01-17 17:14:28,B,Android
2443,click,2023-01-17 08:07:09,B,Android
5064,view,2023-01-17 20:12:48,B,Android
6757,click,2023-01-17 17:06:23,B,Android
5497,view,2023-01-17 04:55:15,B,Android
5909,click,2023-01-17 23:45:29,A,Android
9790,purchase,2023-01-17 04:29:15,A,Android
2948,click,2023-01-17 14:12:20,B,Android
7486,click,2023-01-17 02:54:48,B,iOS
4394,click,2023-01-17 01:16:39,B,Android
5440,registration,2023-01-17 00:38:08,B,iOS
1472,click,2023-01-17 18:54:32,A,Android
4103,view,2023-01-17 06:22:23,B,Android
2746,purchase,2023-01-17 01:47:22,B,Android
7113,click,2023-01-17 10:52:32,A,iOS
2930,registration,2023-01-17 05:01:26,A,Android
4590,click,2023-01-17 20:41:36,B,Android
4138,click,2023-01-17 20:25:06,A,iOS
1612,click,2023-01-17 03:22:39,A,iOS
5521,click,2023-01-17 01:06:59,B,iOS
1811,purchase,2023-01-17 19:10:31,B,iOS
6097,click,2023-01-17 19:44:37,A,Android
1542,view,2023-01-17 14:33:54,B,iOS
7048,view,2023-01-17 17:35:09,A,Android
2880,view,2023-01-17 14:49:58,B,iOS
2697,click,2023-01-17 18:52:34,A,iOS
3029,click,2023-01-17 10:04:47,B,Android
7499,click,2023-01-17 04:54:17,B,iOS
7491,registration,2023-01-17 10:43:47,A,Android
9380,click,2023-01-17 15:48:33,A,iOS
9665,click,2023-01-17 20:07:12,B,Android
2733,click,2023-01-17 17:31:19,B,Android
1761,view,2023-01-17 21:34:59,A,iOS
2384,purchase,2023-01-17 08:07:46,A,iOS
9804,view,2023-01-17 01:15:01,B,Android
3853,purchase,2023-01-17 00:49:36,A,iOS
334,click,2023-01-17 02:32:43,B,iOS
8736,purchase,2023-01-17 03:27:48,B,iOS
7745,view,2023-01-17 13:50:46,A,iOS
3946,click,2023-01-17 07:57:00,B,Android
9066,view,2023-01-17 22:03:50,B,Android
5851,registration,2023-01-17 13:46:14,A,Android
6821,purchase,2023-01-17 02:56:27,B,Android
8831,click,2023-01-17 06:43:03,B,iOS
3213,view,2023-01-17 23:02:45,A,Android
6653,click,2023-01-17 17:23:07,A,Android
8861,click,2023-01-17 22:31:05,B,iOS
6985,click,2023-01-17 02:19:00,A,iOS
421,registration,2023-01-17 20:23:14,B,Android
535,view,2023-01-17 21:31:25,B,Android
4276,view,2023-01-17 01:00:38,B,iOS
9103,click,2023-01-17 12:26:46,B,Android
5368,click,2023-01-17 22:58:05,B,iOS
8325,click,2023-01-17 10:20:21,B,Android
1089,click,2023-01-17 15:24:04,A,iOS
6840,view,2023-01-17 09:38:16,A,Android
5900,view,2023-01-17 04:19:19,B,iOS
9573,view,2023-01-17 22:27:49,B,Android
9425,view,2023-01-17 11:03:29,A,Android
3916,registration,2023-01-17 10:07:26,B,Android
8378,view,2023-01-17 05:24:41,B,iOS
9526,purchase,2023-01-17 12:20:28,A,Android
7463,click,2023-01-17 10:55:13,B,iOS
8595,purchase,2023-01-17 02:00:54,A,iOS
8427,registration,2023-01-17 06:13:40,A,iOS
4986,view,2023-01-17 20:16:22,B,iOS
5901,view,2023-01-17 21:58:12,A,Android
5223,click,2023-01-17 11:08:09,B,iOS
6636,click,2023-01-17 00:01:11,B,iOS
7082,view,2023-01-17 17:53:14,A,iOS
2119,registration,2023-01-17 14:25:11,B,Android
1380,registration,2023-01-17 19:16:30,B,Android
8238,view,2023-01-17 17:03:51,A,iOS
2652,click,2023-01-17 21:02:28,A,iOS
1566,click,2023-01-17 20:01:55,B,Android
5041,click,2023-01-17 15:17:50,B,Android
6022,view,2023-01-17 01:38:31,A,Android
9712,click,2023-01-17 23:18:41,B,iOS
1007,click,2023-01-17 04:07:03,A,iOS
7085,view,2023-01-17 20:23:28,A,Android
8970,registration,2023-01-17 02:38:22,B,iOS
194,click,2023-01-17 08:57:28,B,iOS
700,view,2023-01-17 04:29:30,A,Android
6027,view,2023-01-17 17:15:02,A,Android
6097,purchase,2023-01-17 14:01:53,A,Android
9117,click,2023-01-17 06:13:15,B,Android
4983,registration,2023-01-17 07:39:50,B,Android
2476,registration,2023-01-17 06:49:58,A,iOS
3958,view,2023-01-17 15:38:01,A,Android
6264,click,2023-01-17 03:41:46,B,Android
6287,view,2023-01-17 22:22:25,A,iOS
5854,click,2023-01-17 00:12:39,A,Android
4969,click,2023-01-17 07:59:02,B,iOS
8207,view,2023-01-17 21:24:06,A,iOS
1020,click,2023-01-17 10:42:45,A,Android
8480,registration,2023-01-17 22:16:24,B,Android
413,click,2023-01-17 22:55:57,A,Android
808,purchase,2023-01-17 13:11:02,A,iOS
3687,click,2023-01-17 15:14:19,A,Android
1002,view,2023-01-17 20:25:24,B,iOS
2330,click,2023-01-17 09:56:05,B,Android
7693,click,2023-01-17 17:19:01,B,Android
1899,click,2023-01-17 21:44:55,B,Android
1585,purchase,2023-01-17 11:53:22,A,iOS
164,click,2023-01-17 05:04:20,A,Android
5490,click,2023-01-17 15:47:58,B,Android
8712,registration,2023-01-17 03:55:22,A,iOS
8053,view,2023-01-17 14:59:20,B,iOS
3272,registration,2023-01-17 20:23:20,A,iOS
5588,view,2023-01-17 14:02:37,A,iOS
4628,click,2023-01-17 09:15:15,A,Android
7921,registration,2023-01-17 10:56:11,B,Android
9705,click,2023-01-17 02:15:46,B,iOS
8575,view,2023-01-17 14:51:54,B,Android
4986,registration,2023-01-17 17:30:52,B,iOS
9565,registration,2023-01-17 13:40:03,B,iOS
4187,registration,2023-01-17 14:52:51,A,iOS
8011,view,2023-01-17 14:21:15,B,iOS
6363,registration,2023-01-17 16:23:53,A,Android
5190,click,2023-01-17 02:42:15,B,Android
5624,registration,2023-01-17 13:02:34,B,Android
1518,view,2023-01-17 05:57:20,B,iOS
9234,click,2023-01-17 21:22:15,A,iOS
1995,view,2023-01-17 09:56:56,B,iOS
829,view,2023-01-17 10:22:37,A,iOS
3012,click,2023-01-17 16:41:29,B,iOS
6663,registration,2023-01-17 19:23:33,A,iOS
4920,click,2023-01-17 13:08:28,A,Android
1619,view,2023-01-17 07:53:17,B,iOS
5441,view,2023-01-17 01:41:14,B,Android
2351,registration,2023-01-17 17:25:18,B,iOS
1467,registration,2023-01-17 04:27:21,B,iOS
9893,registration,2023-01-17 20:51:29,B,iOS
103,view,2023-01-17 09:48:37,B,iOS
6846,click,2023-01-17 06:16:44,B,Android
8169,view,2023-01-17 18:27:42,B,Android
3925,view,2023-01-17 15:12:19,A,iOS
8744,click,2023-01-17 23:51:41,B,iOS
4937,registration,2023-01-17 20:11:01,B,Android
8903,registration,2023-01-17 17:25:08,B,Android
4464,registration,2023-01-17 22:49:30,B,iOS
6621,view,2023-01-17 03:24:29,A,iOS
9582,click,2023-01-17 22:17:18,B,iOS
5581,view,2023-01-17 20:41:17,B,Android
1981,view,2023-01-17 12:43:37,A,iOS
2718,click,2023-01-17 03:59:36,A,Android
4494,view,2023-01-17 01:53:53,B,Android
4167,view,2023-01-17 16:47:32,B,iOS
536,click,2023-01-17 09:57:16,B,iOS
9787,registration,2023-01-17 11:26:54,A,Android
9724,click,2023-01-17 21:02:56,B,Android
8568,click,2023-01-17 06:54:22,A,iOS
3991,click,2023-01-17 09:53:32,B,iOS
3103,registration,2023-01-17 20:58:42,A,iOS
7952,click,2023-01-17 08:56:46,A,iOS
1641,registration,2023-01-17 20:38:02,A,iOS
3642,view,2023-01-17 20:49:52,A,iOS
796,view,2023-01-17 04:55:10,B,Android
8812,view,2023-01-17 00:17:25,A,iOS
1050,registration,2023-01-17 11:40:09,A,iOS
8891,registration,2023-01-17 18:48:11,A,Android
5696,registration,2023-01-17 14:18:21,A,iOS
1495,click,2023-01-17 01:42:35,A,iOS
7593,registration,2023-01-17 04:10:57,A,Android
6173,click,2023-01-17 02:12:22,A,Android
2325,click,2023-01-17 01:22:26,A,iOS
1509,click,2023-01-17 19:49:20,A,iOS
6381,view,2023-01-17 13:54:17,A,iOS
6908,registration,2023-01-17 11:31:35,A,Android
3763,click,2023-01-17 14:15:11,A,Android
9390,view,2023-01-17 12:17:59,B,iOS
8422,registration,2023-01-17 04:31:27,B,Android
5477,view,2023-01-17 06:21:25,A,iOS
8318,registration,2023-01-17 01:20:50,B,Android
4499,click,2023-01-17 00:20:59,A,Android
2350,click,2023-01-17 22:07:46,B,Android
1566,purchase,2023-01-17 06:29:05,B,Android
3607,click,2023-01-17 01:33:53,A,iOS
6058,view,2023-01-17 11:46:05,B,iOS
1846,click,2023-01-17 08:41:27,B,iOS
3934,click,2023-01-17 04:32:52,B,Android
1638,view,2023-01-17 07:17:46,B,iOS
5140,view,2023-01-17 19:05:12,A,Android
4088,purchase,2023-01-17 20:32:11,A,iOS
813,view,2023-01-17 10:15:36,A,iOS
5932,view,2023-01-17 10:46:16,B,Android
2583,click,2023-01-17 06:08:45,B,Android
9207,view,2023-01-17 15:56:21,B,Android
2421,registration,2023-01-17 09:27:36,B,iOS
2469,click,2023-01-17 04:37:07,A,iOS
7769,purchase,2023-01-17 07:28:11,A,Android
5590,registration,2023-01-17 12:50:08,A,Android
1330,view,2023-01-17 11:37:26,A,Android
9397,view,2023-01-17 20:09:32,B,Android
430,click,2023-01-17 01:15:50,A,Android
7841,registration,2023-01-17 13:52:39,B,Android
6034,registration,2023-01-17 21:03:44,B,iOS
9101,purchase,2023-01-17 23:12:13,A,iOS
5017,view,2023-01-17 13:14:12,A,iOS
3850,registration,2023-01-17 17:08:17,A,iOS
6306,click,2023-01-17 21:09:14,B,iOS
7175,click,2023-01-17 16:39:04,B,Android
8153,click,2023-01-17 22:50:53,A,iOS
8612,view,2023-01-17 21:05:26,A,Android
576,registration,2023-01-17 16:46:08,B,iOS
5503,view,2023-01-17 11:55:04,A,Android
1351,view,2023-01-17 05:36:37,B,iOS
7636,click,2023-01-17 06:46:00,A,iOS
1598,click,2023-01-17 01:13:03,B,iOS
9679,click,2023-01-17 17:55:33,B,iOS
238,view,2023-01-17 13:40:10,B,Android
4948,click,2023-01-17 00:21:46,A,Android
9874,click,2023-01-17 15:38:06,B,Android
3210,view,2023-01-17 11:02:21,A,iOS
1992,purchase,2023-01-17 02:46:24,B,iOS
5321,view,2023-01-17 22:02:29,B,iOS
5970,click,2023-01-17 15:58:16,B,iOS
7225,view,2023-01-17 03:10:14,B,iOS
4386,click,2023-01-17 12:55:30,B,Android
1869,click,2023-01-17 03:59:00,B,iOS
9318,registration,2023-01-17 11:28:13,B,iOS
7970,view,2023-01-17 18:39:21,A,Android
3223,view,2023-01-17 16:28:24,A,Android
145,click,2023-01-17 08:47:50,B,Android
4046,view,2023-01-17 14:09:10,B,iOS
6859,click,2023-01-17 13:29:45,B,Android
3497,view,2023-01-17 09:08:14,B,iOS
4352,purchase,2023-01-17 15:33:07,B,Android
361,registration,2023-01-17 23:12:34,B,iOS
7578,view,2023-01-17 02:13:43,A,iOS
2141,click,2023-01-17 13:21:48,A,Android
2881,purchase,2023-01-17 03:09:48,A,iOS
7533,view,2023-01-17 03:32:01,B,iOS
3462,click,2023-01-17 16:06:13,B,iOS
4230,view,2023-01-17 10:09:06,A,Android
7297,registration,2023-01-17 19:21:20,A,iOS
8754,click,2023-01-17 03:55:44,A,Android
2201,click,2023-01-17 09:51:42,A,Android
6818,registration,2023-01-17 16:03:08,A,Android
9989,click,2023-01-17 11:47:17,A,iOS
2858,view,2023-01-17 07:36:41,A,iOS
9628,purchase,2023-01-17 04:47:17,B,iOS
8213,click,2023-01-17 10:56:22,A,Android
6630,click,2023-01-17 07:54:33,B,Android
5567,click,2023-01-17 01:17:02,B,Android
4654,click,2023-01-17 21:42:40,B,iOS
783,view,2023-01-17 07:59:28,B,iOS
1345,registration,2023-01-17 13:39:21,A,Android
2753,registration,2023-01-17 13:52:28,A,Android
2636,click,2023-01-17 13:11:17,A,iOS
2040,click,2023-01-17 14:20:33,B,Android
2655,click,2023-01-17 12:06:03,A,Android
4351,purchase,2023-01-17 12:37:44,A,iOS
556,registration,2023-01-17 04:48:23,A,iOS
7007,click,2023-01-17 21:19:40,A,iOS
8858,click,2023-01-17 14:26:52,A,Android
5343,view,2023-01-17 00:04:14,B,iOS
5206,view,2023-01-17 08:53:17,A,iOS
5101,view,2023-01-17 04:21:45,B,Android
8378,click,2023-01-17 15:46:08,B,iOS
3157,registration,2023-01-17 08:19:02,B,iOS
3246,view,2023-01-17 06:51:45,A,iOS
2399,registration,2023-01-17 00:25:34,A,Android
2865,view,2023-01-17 18:52:43,A,iOS
9060,view,2023-01-17 07:00:31,B,iOS
5124,view,2023-01-17 09:21:16,B,Android
7999,registration,2023-01-17 16:02:02,A,iOS
9453,purchase,2023-01-17 23:31:21,A,Android
1708,view,2023-01-17 20:09:32,B,iOS
2353,registration,2023-01-17 11:43:26,B,iOS
4046,click,2023-01-17 20:25:23,B,iOS
9593,click,2023-01-17 21:26:46,B,iOS
6179,view,2023-01-17 15:30:37,B,Android
9728,view,2023-01-17 20:35:10,B,Android
6242,registration,2023-01-17 04:54:57,A,Android
7355,view,2023-01-17 22:34:16,A,iOS
3805,view,2023-01-17 12:11:22,B,iOS
2428,registration,2023-01-17 16:34:28,B,Android
623,click,2023-01-17 19:50:22,A,Android
3602,click,2023-01-17 03:01:03,B,iOS
977,registration,2023-01-17 16:44:36,B,iOS
6355,click,2023-01-17 18:51:39,B,Android
7677,click,2023-01-17 10:46:24,A,iOS
8774,click,2023-01-17 06:15:26,A,Android
7879,registration,2023-01-17 02:48:42,A,Android
1259,click,2023-01-17 13:18:13,B,Android
468,registration,2023-01-17 13:38:10,B,Android
7369,click,2023-01-17 04:41:16,A,iOS
2594,view,2023-01-17 05:57:16,B,Android
5084,registration,2023-01-17 11:58:24,B,iOS
2639,click,2023-01-17 16:55:23,A,Android
8066,registration,2023-01-17 08:09:10,B,iOS
3578,click,2023-01-17 20:42:31,B,Android
6377,click,2023-01-17 22:20:28,A,iOS
8059,click,2023-01-17 20:53:08,B,Android
5683,click,2023-01-17 06:01:35,A,iOS
5572,click,2023-01-17 11:24:18,A,Android
885,view,2023-01-17 08:09:03,A,iOS
9807,registration,2023-01-17 09:35:33,B,iOS
728,registration,2023-01-17 17:40:07,B,Android
7444,registration,2023-01-17 00:25:30,A,iOS
5378,registration,2023-01-17 17:06:50,A,iOS
8159,view,2023-01-17 09:47:31,B,Android
4047,click,2023-01-17 20:49:59,A,iOS
8713,view,2023-01-17 04:05:47,B,iOS
7376,click,2023-01-17 10:23:46,B,Android
2231,view,2023-01-17 14:52:28,A,Android
5304,click,2023-01-17 13:43:46,B,Android
6334,click,2023-01-17 14:58:44,A,Android
2694,purchase,2023-01-17 12:33:47,B,Android
5809,view,2023-01-17 05:48:36,A,iOS
8238,click,2023-01-17 16:09:46,A,iOS
4465,registration,2023-01-17 12:52:05,A,iOS
8194,registration,2023-01-17 15:51:48,A,iOS
6290,view,2023-01-17 05:34:31,B,iOS
9209,view,2023-01-17 06:38:23,B,iOS
468,click,2023-01-17 03:17:38,B,Android
6527,registration,2023-01-17 04:40:01,B,Android
7677,click,2023-01-17 03:45:00,A,iOS
4977,view,2023-01-17 21:40:31,A,Android
7234,view,2023-01-17 09:08:46,A,iOS
7362,click,2023-01-17 05:15:40,A,iOS
3415,click,2023-01-17 05:16:38,A,Android
6194,click,2023-01-17 05:46:55,B,iOS
993,view,2023-01-17 03:44:35,A,Android
211,click,2023-01-17 07:24:41,B,iOS
4077,click,2023-01-17 20:33:43,B,iOS
5380,purchase,2023-01-17 14:26:28,B,iOS
5900,click,2023-01-17 22:26:31,B,iOS
5171,purchase,2023-01-17 06:43:23,A,iOS
9522,view,2023-01-17 11:20:46,B,iOS
378,registration,2023-01-17 12:44:38,A,Android
5075,purchase,2023-01-17 20:53:17,B,iOS
5264,registration,2023-01-17 19:41:58,A,Android
2905,view,2023-01-17 15:48:22,B,iOS
1669,click,2023-01-17 07:21:32,A,Android
1841,click,2023-01-17 02:47:09,B,iOS
5334,view,2023-01-17 21:38:40,B,iOS
2846,view,2023-01-17 21:14:36,B,Android
2195,registration,2023-01-17 22:40:19,A,iOS
4878,registration,2023-01-17 07:59:33,A,Android
5992,click,2023-01-17 14:21:20,B,Android
3908,click,2023-01-17 18:10:02,A,Android
1437,registration,2023-01-17 12:54:27,A,iOS
1213,registration,2023-01-17 05:56:05,A,iOS
9535,click,2023-01-17 00:44:33,A,Android
6550,view,2023-01-17 04:45:55,B,Android
3840,view,2023-01-17 02:02:11,A,Android
1337,click,2023-01-17 06:41:59,B,iOS
5202,click,2023-01-17 23:24:13,A,iOS
1115,click,2023-01-17 10:48:39,B,Android
2674,click,2023-01-17 03:51:00,B,iOS
4513,view,2023-01-17 06:31:39,B,Android
5859,view,2023-01-17 15:36:46,A,iOS
892,registration,2023-01-17 13:22:51,A,Android
2209,click,2023-01-17 01:14:38,B,Android
2708,click,2023-01-17 09:47:09,A,iOS
2226,purchase,2023-01-17 11:41:27,B,Android
6256,registration,2023-01-17 04:49:53,B,Android
8271,click,2023-01-17 14:10:25,A,Android
6166,purchase,2023-01-17 19:10:53,B,iOS
722,view,2023-01-17 12:56:39,A,iOS
3989,registration,2023-01-17 15:26:31,A,iOS
4494,click,2023-01-17 22:20:42,B,Android
5549,click,2023-01-17 21:27:25,A,Android
3079,click,2023-01-17 01:33:30,B,Android
3822,registration,2023-01-17 07:01:43,A,Android
6434,purchase,2023-01-17 18:35:02,A,Android
93,view,2023-01-17 03:45:26,A,iOS
4860,purchase,2023-01-17 20:05:14,A,Android
6926,purchase,2023-01-17 08:54:18,B,iOS
8940,click,2023-01-17 17:39:39,A,Android
2660,registration,2023-01-17 11:06:37,B,iOS
3920,purchase,2023-01-17 09:37:20,B,Android
6921,purchase,2023-01-17 13:04:53,A,iOS
9585,registration,2023-01-17 13:38:04,A,iOS
4702,click,2023-01-17 21:29:47,A,Android
415,registration,2023-01-17 13:31:24,B,Android
9285,click,2023-01-17 14:22:52,A,Android
4717,registration,2023-01-17 02:07:50,B,Android
4664,click,2023-01-17 19:34:46,B,Android
5345,click,2023-01-17 22:05:00,A,iOS
3086,view,2023-01-17 10:46:58,A,iOS
856,purchase,2023-01-17 09:43:50,B,Android
4507,purchase,2023-01-17 16:14:30,A,iOS
2481,click,2023-01-17 08:39:59,B,iOS
6946,click,2023-01-17 17:20:50,B,Android
2585,view,2023-01-17 08:17:34,A,Android
8226,click,2023-01-17 07:55:31,B,iOS
972,click,2023-01-17 06:35:32,A,Android
3102,view,2023-01-17 22:07:08,B,Android
3954,view,2023-01-17 17:50:49,B,Android
3237,click,2023-01-17 17:18:38,B,iOS
9299,view,2023-01-17 18:39:49,A,Android
7965,click,2023-01-17 20:35:03,A,Android
9860,click,2023-01-17 17:49:18,B,iOS
1924,view,2023-01-17 00:51:26,A,Android
5303,purchase,2023-01-17 06:28:23,B,iOS
80,view,2023-01-17 21:37:11,B,Android
2794,click,2023-01-17 04:05:06,A,Android
6012,click,2023-01-17 06:13:06,A,iOS
5137,click,2023-01-18 07:11:06,B,Android
4192,click,2023-01-18 08:47:29,A,Android
455,click,2023-01-18 17:54:35,B,Android
3176,view,2023-01-18 20:20:58,B,Android
2067,purchase,2023-01-18 08:46:46,A,Android
1971,registration,2023-01-18 12:57:55,A,Android
8501,click,2023-01-18 09:16:37,A,Android
6843,click,2023-01-18 10:34:24,B,Android
1777,purchase,2023-01-18 13:18:49,A,Android
1481,view,2023-01-18 03:10:49,A,Android
951,view,2023-01-18 05:37:50,A,iOS
6035,click,2023-01-18 01:27:11,A,Android
2662,click,2023-01-18 12:34:27,B,iOS
5826,purchase,2023-01-18 02:54:58,B,iOS
6543,view,2023-01-18 13:21:09,A,iOS
434,view,2023-01-18 05:59:59,A,Android
1045,registration,2023-01-18 05:02:32,B,Android
7173,registration,2023-01-18 20:05:41,A,iOS
1109,click,2023-01-18 11:11:10,B,Android
6057,registration,2023-01-18 04:57:30,A,Android
2774,click,2023-01-18 10:21:22,A,iOS
2691,view,2023-01-18 02:03:24,B,Android
3666,click,2023-01-18 01:25:55,B,Android
1479,click,2023-01-18 00:41:16,A,Android
2879,purchase,2023-01-18 18:59:00,A,iOS
4413,view,2023-01-18 12:33:25,A,Android
1294,view,2023-01-18 03:08:34,B,Android
8200,click,2023-01-18 20:29:10,A,iOS
5661,click,2023-01-18 23:24:23,B,iOS
9755,registration,2023-01-18 17:10:22,B,iOS
1708,click,2023-01-18 08:26:54,B,iOS
2036,click,2023-01-18 16:37:22,A,iOS
2651,click,2023-01-18 07:40:45,A,iOS
4168,registration,2023-01-18 12:32:01,B,iOS
7212,registration,2023-01-18 16:01:57,B,Android
6549,click,2023-01-18 04:58:54,B,iOS
4960,purchase,2023-01-18 18:40:01,B,iOS
2673,click,2023-01-18 23:34:50,A,Android
9478,registration,2023-01-18 05:56:50,B,Android
3031,view,2023-01-18 20:09:52,B,iOS
6062,click,2023-01-18 03:45:22,B,Android
4047,view,2023-01-18 09:24:43,A,iOS
7362,view,2023-01-18 13:40:21,A,iOS
4110,view,2023-01-18 19:04:19,B,iOS
2305,view,2023-01-18 19:42:07,A,Android
4647,view,2023-01-18 00:48:17,B,iOS
5497,click,2023-01-18 12:25:54,B,Android
5009,purchase,2023-01-18 22:18:16,A,iOS
1115,click,2023-01-18 17:16:59,B,Android
5684,click,2023-01-18 01:14:56,A,Android
6951,registration,2023-01-18 19:24:35,B,iOS
357,registration,2023-01-18 17:40:47,A,Android
8311,purchase,2023-01-18 01:33:44,B,iOS
168,registration,2023-01-18 20:23:02,A,Android
5626,click,2023-01-18 21:16:38,A,Android
658,click,2023-01-18 02:56:48,A,iOS
9435,click,2023-01-18 09:27:49,A,Android
963,view,2023-01-18 00:40:14,B,iOS
9372,purchase,2023-01-18 15:14:54,B,iOS
7209,registration,2023-01-18 22:32:07,B,iOS
903,view,2023-01-18 08:35:29,A,Android
1385,registration,2023-01-18 01:41:26,A,iOS
8642,registration,2023-01-18 07:49:12,A,Android
207,view,2023-01-18 08:24:26,A,Android
7392,click,2023-01-18 12:55:51,B,Android
9706,click,2023-01-18 01:05:14,A,Android
1037,view,2023-01-18 12:28:07,A,Android
2500,purchase,2023-01-18 13:01:07,A,iOS
8962,view,2023-01-18 15:22:58,A,Android
4629,click,2023-01-18 09:58:49,A,Android
8900,registration,2023-01-18 19:31:10,B,Android
8110,view,2023-01-18 12:11:35,B,Android
213,click,2023-01-18 23:02:27,A,iOS
7974,view,2023-01-18 15:38:01,B,Android
9587,registration,2023-01-18 16:39:52,B,iOS
7360,purchase,2023-01-18 13:17:38,A,iOS
3952,view,2023-01-18 02:10:59,B,Android
2811,click,2023-01-18 14:04:26,B,iOS
1343,view,2023-01-18 15:32:10,A,Android
9722,purchase,2023-01-18 01:44:04,B,iOS
1615,purchase,2023-01-18 03:09:01,B,Android
5405,view,2023-01-18 17:06:59,A,Android
3761,click,2023-01-18 11:16:13,A,iOS
1096,view,2023-01-18 06:04:36,A,iOS
6754,click,2023-01-18 19:12:01,A,Android
278,click,2023-01-18 09:50:58,B,iOS
9163,view,2023-01-18 18:24:24,B,iOS
3320,view,2023-01-18 16:58:57,A,iOS
5033,click,2023-01-18 02:25:09,A,iOS
5110,registration,2023-01-18 03:14:04,B,Android
6369,click,2023-01-18 13:19:58,B,iOS
1905,view,2023-01-18 15:43:02,B,Android
5588,view,2023-01-18 06:19:49,A,iOS
6382,view,2023-01-18 03:11:08,A,iOS
8532,registration,2023-01-18 07:59:23,B,Android
2929,click,2023-01-18 08:50:14,A,iOS
633,click,2023-01-18 16:33:39,A,Android
6466,view,2023-01-18 22:04:50,A,Android
629,purchase,2023-01-18 06:14:16,A,Android
7985,registration,2023-01-18 09:02:37,A,iOS
270,click,2023-01-18 23:43:01,B,iOS
5831,click,2023-01-18 22:37:01,A,Android
7324,click,2023-01-18 17:56:05,A,Android
7543,registration,2023-01-18 16:04:52,A,Android
1853,purchase,2023-01-18 19:42:56,B,iOS
7372,purchase,2023-01-18 20:25:11,B,iOS
7741,click,2023-01-18 00:14:52,B,iOS
6378,view,2023-01-18 06:32:38,A,iOS
2330,click,2023-01-18 19:27:02,B,Android
2318,view,2023-01-18 01:25:53,B,Android
2366,purchase,2023-01-18 18:54:41,B,iOS
1232,click,2023-01-18 16:02:12,A,iOS
1075,view,2023-01-18 14:18:09,A,iOS
4161,view,2023-01-18 04:55:03,B,Android
2953,registration,2023-01-18 17:25:41,B,Android
1172,view,2023-01-18 03:20:51,B,iOS
8245,click,2023-01-18 06:48:35,B,Android
3187,click,2023-01-18 11:55:46,B,iOS
3078,view,2023-01-18 19:35:30,B,Android
9517,view,2023-01-18 05:15:49,A,Android
1220,click,2023-01-18 18:34:54,B,iOS
3934,click,2023-01-18 23:00:32,B,Android
3470,view,2023-01-18 16:41:37,A,iOS
2469,registration,2023-01-18 23:44:48,A,iOS
3862,registration,2023-01-18 19:10:02,A,iOS
1759,click,2023-01-18 03:07:37,A,iOS
2910,registration,2023-01-18 21:44:57,A,Android
3292,view,2023-01-18 20:10:00,A,Android
7027,purchase,2023-01-18 02:26:22,A,Android
5501,view,2023-01-18 11:22:47,A,Android
6707,click,2023-01-18 01:36:28,B,iOS
718,registration,2023-01-18 00:31:34,B,iOS
8006,registration,2023-01-18 06:18:50,A,iOS
8501,click,2023-01-18 12:38:21,A,Android
2360,registration,2023-01-18 04:36:40,B,iOS
4607,view,2023-01-18 23:09:54,B,iOS
1439,click,2023-01-18 05:06:05,A,iOS
9051,purchase,2023-01-18 21:34:44,B,Android
900,registration,2023-01-18 12:18:19,A,iOS
1197,click,2023-01-18 20:49:48,A,Android
7649,click,2023-01-18 13:27:49,B,iOS
2760,click,2023-01-18 01:46:38,B,iOS
3316,view,2023-01-18 22:33:35,B,Android
8990,click,2023-01-18 08:52:21,A,Android
5310,view,2023-01-18 00:16:41,B,iOS
5852,view,2023-01-18 16:08:09,B,iOS
6557,view,2023-01-18 12:28:18,B,Android
646,view,2023-01-18 14:28:09,A,iOS
6134,view,2023-01-18 05:28:02,B,iOS
5949,view,2023-01-18 08:53:36,B,iOS
3118,registration,2023-01-18 03:58:42,B,iOS
1612,registration,2023-01-18 08:09:46,A,iOS
8338,click,2023-01-18 07:56:48,A,iOS
8954,click,2023-01-18 01:37:08,A,Android
5614,purchase,2023-01-18 16:30:25,A,Android
9614,click,2023-01-18 16:41:42,A,Android
694,click,2023-01-18 13:03:36,A,Android
3013,click,2023-01-18 09:55:58,A,iOS
9645,purchase,2023-01-18 09:57:10,B,Android
5151,click,2023-01-18 00:33:18,B,Android
8287,view,2023-01-18 20:42:02,A,Android
8529,click,2023-01-18 01:46:01,A,Android
6414,click,2023-01-18 10:21:26,B,iOS
5794,click,2023-01-18 21:48:39,A,iOS
7681,click,2023-01-18 04:08:52,B,iOS
324,registration,2023-01-18 07:29:41,A,Android
4078,click,2023-01-18 16:17:53,B,Android
7642,registration,2023-01-18 21:46:31,A,Android
8026,registration,2023-01-18 16:23:50,B,Android
7376,click,2023-01-18 02:33:07,B,Android
4566,click,2023-01-18 14:08:08,B,Android
7301,registration,2023-01-18 20:03:40,A,Android
6893,click,2023-01-18 12:31:03,B,Android
2752,click,2023-01-18 06:50:57,A,iOS
8919,click,2023-01-18 19:47:14,A,Android
2445,registration,2023-01-18 12:46:24,B,iOS
1907,click,2023-01-18 19:00:10,A,Android
1541,click,2023-01-18 04:41:33,B,Android
4317,view,2023-01-18 06:18:24,A,iOS
4231,registration,2023-01-18 16:37:33,A,iOS
2810,view,2023-01-18 17:19:39,A,Android
361,view,2023-01-18 20:07:50,B,iOS
6807,view,2023-01-18 01:00:04,A,Android
6994,purchase,2023-01-18 18:17:41,B,Android
9513,registration,2023-01-18 08:41:27,B,iOS
6326,click,2023-01-18 22:14:11,B,Android
9692,registration,2023-01-18 04:52:22,A,iOS
5548,view,2023-01-18 11:35:46,B,Android
6241,registration,2023-01-18 20:46:02,A,iOS
399,view,2023-01-18 09:58:04,B,Android
5391,purchase,2023-01-18 16:21:28,B,iOS
4243,click,2023-01-18 11:03:27,B,iOS
1273,view,2023-01-18 07:47:20,B,Android
1191,click,2023-01-18 12:20:27,A,iOS
3043,registration,2023-01-18 12:16:53,B,Android
6255,click,2023-01-18 11:01:02,B,Android
7232,view,2023-01-18 21:06:46,B,Android
8320,view,2023-01-18 12:08:28,A,Android
2662,click,2023-01-18 15:52:49,B,iOS
8510,registration,2023-01-18 17:27:19,B,Android
8608,registration,2023-01-18 09:46:31,A,iOS
1021,click,2023-01-18 17:07:37,B,iOS
5304,view,2023-01-18 14:20:15,B,Android
8913,click,2023-01-18 00:40:34,B,iOS
9600,purchase,2023-01-18 20:14:51,A,Android
2077,click,2023-01-18 14:11:40,B,iOS
2394,view,2023-01-18 02:52:21,B,Android
7586,view,2023-01-18 07:12:42,B,Android
3386,view,2023-01-18 09:26:37,B,iOS
8517,click,2023-01-18 21:48:50,B,iOS
7602,view,2023-01-18 04:15:33,B,iOS
9574,purchase,2023-01-18 14:26:46,A,Android
3063,view,2023-01-18 06:39:42,A,Android
3835,click,2023-01-18 11:20:51,A,iOS
7479,click,2023-01-18 23:24:00,A,Android
9985,click,2023-01-18 02:17:08,B,iOS
5244,click,2023-01-18 15:08:07,A,iOS
4025,registration,2023-01-18 15:08:40,A,Android
5603,click,2023-01-18 00:17:49,A,iOS
126,purchase,2023-01-18 15:28:02,A,Android
468,click,2023-01-18 18:12:51,B,Android
3243,click,2023-01-18 20:42:44,A,Android
3453,registration,2023-01-18 04:08:57,A,Android
9374,registration,2023-01-18 18:06:48,A,iOS
3695,registration,2023-01-18 03:43:11,B,Android
7746,click,2023-01-18 23:44:38,A,Android
4509,view,2023-01-18 10:47:42,A,iOS
3691,view,2023-01-18 07:12:54,A,Android
4408,click,2023-01-18 22:54:50,A,iOS
4878,click,2023-01-18 01:07:53,A,Android
4921,view,2023-01-18 01:51:18,A,Android
7118,view,2023-01-18 16:00:57,A,Android
623,click,2023-01-18 07:15:38,A,Android
3347,click,2023-01-18 06:13:56,A,Android
7918,click,2023-01-18 22:03:35,B,Android
7845,registration,2023-01-18 04:48:23,B,iOS
2468,click,2023-01-18 01:59:50,A,iOS
9739,registration,2023-01-18 02:59:42,B,iOS
4229,click,2023-01-18 15:15:25,A,iOS
4994,view,2023-01-18 04:13:57,A,iOS
8293,click,2023-01-18 08:48:33,B,iOS
1458,click,2023-01-18 09:07:08,B,iOS
5459,registration,2023-01-18 03:40:22,B,iOS
9615,registration,2023-01-18 20:00:59,A,iOS
83,click,2023-01-18 16:40:29,B,iOS
5801,registration,2023-01-18 23:44:31,A,Android
4284,click,2023-01-18 08:05:31,B,iOS
5453,click,2023-01-18 20:06:01,B,iOS
1664,click,2023-01-18 02:00:37,A,iOS
3523,view,2023-01-18 17:58:20,B,iOS
3473,registration,2023-01-18 19:21:17,A,iOS
1528,click,2023-01-18 03:55:52,A,iOS
370,purchase,2023-01-18 01:02:21,B,iOS
200,click,2023-01-18 22:03:00,A,iOS
2447,click,2023-01-18 01:46:32,B,Android
3481,view,2023-01-18 05:01:14,B,Android
7622,registration,2023-01-18 22:18:35,B,Android
3044,view,2023-01-18 14:40:03,A,iOS
8062,click,2023-01-18 22:24:55,A,Android
1504,click,2023-01-18 00:48:16,B,iOS
5988,view,2023-01-18 04:39:07,A,iOS
1074,view,2023-01-18 20:12:40,A,iOS
9895,view,2023-01-18 00:39:57,A,iOS
2665,registration,2023-01-18 16:37:15,B,Android
8966,click,2023-01-18 17:58:55,B,iOS
3506,click,2023-01-18 01:56:28,A,iOS
7068,purchase,2023-01-18 19:35:37,A,Android
6316,click,2023-01-18 01:06:43,B,Android
488,click,2023-01-18 06:28:17,A,iOS
5126,purchase,2023-01-18 21:20:15,B,iOS
7771,click,2023-01-18 09:46:30,B,iOS
7613,click,2023-01-18 23:03:31,A,Android
1072,registration,2023-01-18 22:17:54,A,iOS
4616,registration,2023-01-18 18:45:49,A,iOS
2699,view,2023-01-18 11:57:27,A,Android
4694,view,2023-01-18 05:36:40,B,iOS
8189,click,2023-01-18 10:57:00,B,iOS
8635,view,2023-01-18 07:40:56,B,Android
3205,click,2023-01-18 06:35:32,A,iOS
1970,click,2023-01-18 13:19:42,B,iOS
8030,registration,2023-01-18 09:31:19,B,Android
4154,view,2023-01-18 11:08:08,B,Android
1475,click,2023-01-18 19:29:16,A,iOS
1971,click,2023-01-18 14:25:48,A,Android
1492,view,2023-01-18 09:16:56,A,iOS
7151,view,2023-01-18 07:18:13,B,Android
7123,purchase,2023-01-18 19:48:39,B,iOS
9943,registration,2023-01-18 03:32:12,A,Android
1364,click,2023-01-18 15:56:28,B,iOS
4831,click,2023-01-18 22:37:17,A,Android
4981,view,2023-01-18 21:20:17,B,Android
87,view,2023-01-18 15:47:07,A,Android
7772,purchase,2023-01-18 10:12:18,A,Android
4815,registration,2023-01-18 09:56:34,B,Android
1410,purchase,2023-01-18 23:12:33,B,Android
4674,view,2023-01-18 00:13:58,A,iOS
9106,view,2023-01-18 14:24:21,A,iOS
246,view,2023-01-18 00:42:14,A,Android
2132,view,2023-01-18 04:25:44,B,iOS
8230,view,2023-01-18 14:27:09,A,iOS
8979,view,2023-01-18 11:26:31,A,Android
134,registration,2023-01-18 12:05:01,B,Android
2679,click,2023-01-18 23:08:10,B,Android
3009,view,2023-01-18 19:57:57,B,iOS
7910,view,2023-01-18 08:16:03,B,iOS
8694,purchase,2023-01-18 10:01:17,A,Android
8650,view,2023-01-18 21:16:14,B,Android
9794,click,2023-01-18 02:34:01,B,iOS
3609,registration,2023-01-18 15:07:17,B,Android
954,registration,2023-01-18 05:12:31,A,iOS
8175,view,2023-01-18 04:39:36,A,Android
2017,registration,2023-01-18 13:45:32,A,Android
3436,click,2023-01-18 15:55:52,B,Android
4547,click,2023-01-18 19:25:59,B,Android
6612,click,2023-01-18 00:45:45,B,Android
7217,registration,2023-01-18 02:33:41,B,iOS
3642,click,2023-01-18 14:07:24,A,iOS
8305,view,2023-01-18 01:34:38,B,iOS
5066,view,2023-01-18 20:53:53,B,Android
938,click,2023-01-18 14:26:26,B,Android
9596,click,2023-01-18 17:43:17,B,iOS
3323,view,2023-01-18 13:34:58,B,iOS
8632,click,2023-01-18 00:16:44,B,iOS
4452,view,2023-01-18 20:09:18,A,Android
4729,view,2023-01-18 14:31:03,A,Android
2147,view,2023-01-18 10:12:17,B,iOS
6054,click,2023-01-18 12:48:00,A,Android
6118,registration,2023-01-18 16:27:58,B,Android
113,click,2023-01-18 03:15:54,A,Android
9766,registration,2023-01-18 16:14:12,A,Android
5881,click,2023-01-18 04:57:11,A,Android
9180,view,2023-01-18 00:28:25,A,iOS
2888,view,2023-01-18 15:37:13,A,Android
1007,registration,2023-01-18 12:59:05,A,iOS
5086,registration,2023-01-18 17:40:00,B,iOS
4768,click,2023-01-18 23:06:23,B,Android
7065,view,2023-01-18 09:40:30,A,iOS
93,purchase,2023-01-18 12:18:11,A,iOS
5856,click,2023-01-18 08:15:38,B,iOS
3041,purchase,2023-01-18 06:49:50,B,Android
4387,registration,2023-01-18 23:34:24,B,Android
9387,registration,2023-01-18 17:13:53,B,Android
9635,view,2023-01-18 09:13:44,B,Android
814,view,2023-01-18 19:51:08,A,iOS
6519,view,2023-01-18 06:43:36,A,Android
5822,click,2023-01-18 15:48:36,B,iOS
5878,registration,2023-01-18 19:51:32,A,iOS
7698,view,2023-01-18 10:49:04,B,Android
4563,click,2023-01-18 18:29:54,B,Android
9350,click,2023-01-18 05:48:28,B,iOS
8037,purchase,2023-01-18 00:06:52,B,iOS
6319,registration,2023-01-18 14:27:30,A,iOS
8658,view,2023-01-18 09:39:14,B,iOS
1372,click,2023-01-18 06:19:57,A,iOS
3388,registration,2023-01-18 03:18:07,B,iOS
793,view,2023-01-18 18:12:45,A,Android
1115,view,2023-01-18 16:29:58,B,Android
7495,click,2023-01-18 16:40:47,B,Android
3647,view,2023-01-18 07:02:32,A,iOS
7758,registration,2023-01-18 16:26:27,B,Android
8842,click,2023-01-18 07:48:49,A,iOS
7297,click,2023-01-18 02:31:55,A,iOS
8080,registration,2023-01-18 17:53:26,A,Android
3374,view,2023-01-18 18:53:08,B,iOS
4249,click,2023-01-18 17:50:41,A,Android
4093,view,2023-01-18 09:21:59,B,iOS
611,registration,2023-01-18 13:37:50,A,Android
1637,view,2023-01-18 06:08:04,A,Android
7986,registration,2023-01-18 22:56:26,A,iOS
99,purchase,2023-01-18 19:00:46,B,Android
5117,click,2023-01-18 15:14:06,A,iOS
6934,click,2023-01-18 12:23:26,A,iOS
4575,registration,2023-01-18 17:11:55,A,Android
8503,purchase,2023-01-18 10:20:04,A,iOS
8550,click,2023-01-18 13:13:56,A,Android
4668,click,2023-01-18 16:08:48,B,iOS
9584,view,2023-01-18 07:26:16,B,iOS
7260,purchase,2023-01-18 15:25:20,A,Android
8735,view,2023-01-18 09:20:58,A,Android
3992,registration,2023-01-18 00:29:50,B,Android
28,click,2023-01-18 11:14:00,B,iOS
2111,click,2023-01-18 04:00:36,B,Android
479,click,2023-01-18 02:21:06,A,Android
4417,click,2023-01-18 16:18:52,A,iOS
9140,view,2023-01-18 08:38:49,B,iOS
1423,purchase,2023-01-18 06:28:24,A,Android
3207,click,2023-01-18 00:52:53,B,iOS
4466,view,2023-01-18 13:54:11,B,Android
7597,view,2023-01-18 18:52:11,A,Android
8932,registration,2023-01-18 12:59:02,A,Android
7747,view,2023-01-18 00:41:44,B,iOS
8933,click,2023-01-18 19:11:57,B,Android
3045,click,2023-01-18 23:40:15,A,iOS
8296,registration,2023-01-18 02:31:29,B,Android
6533,registration,2023-01-18 22:56:22,A,Android
6666,view,2023-01-18 00:21:42,A,Android
1574,click,2023-01-18 06:26:06,B,Android
7044,click,2023-01-18 04:25:52,B,iOS
2165,click,2023-01-18 04:04:38,A,Android
7315,view,2023-01-18 21:13:48,B,iOS
979,click,2023-01-18 17:29:00,A,iOS
5562,registration,2023-01-18 09:50:33,A,iOS
1841,click,2023-01-18 22:22:45,B,iOS
3534,registration,2023-01-18 19:47:02,B,Android
1742,click,2023-01-18 17:47:00,B,Android
1536,click,2023-01-18 12:55:34,A,Android
981,registration,2023-01-18 02:16:02,A,iOS
8386,view,2023-01-18 19:05:12,A,Android
2470,click,2023-01-18 21:02:29,B,iOS
7889,view,2023-01-18 01:37:02,A,Android
7399,click,2023-01-18 16:22:30,A,iOS
3752,purchase,2023-01-18 02:22:42,A,Android
5273,click,2023-01-18 16:43:41,B,Android
5595,click,2023-01-18 18:41:55,A,Android
4563,registration,2023-01-18 05:19:45,B,Android
155,click,2023-01-18 20:18:06,B,Android
7033,registration,2023-01-18 03:56:06,A,iOS
5063,click,2023-01-18 16:07:12,A,Android
3604,view,2023-01-18 15:02:14,B,Android
1587,view,2023-01-18 04:50:58,A,iOS
2280,click,2023-01-18 20:06:24,A,Android
5331,view,2023-01-18 13:50:02,B,Android
7302,registration,2023-01-18 15:05:36,A,iOS
7099,registration,2023-01-18 08:17:38,B,iOS
3400,registration,2023-01-18 17:05:09,B,Android
8591,click,2023-01-18 05:25:01,A,Android
474,view,2023-01-18 06:30:49,B,iOS
8018,click,2023-01-18 00:22:47,B,Android
9938,click,2023-01-18 11:49:50,A,iOS
5296,click,2023-01-18 09:59:06,B,Android
8353,click,2023-01-18 20:51:03,A,Android
1290,purchase,2023-01-18 03:58:16,A,Android
5602,click,2023-01-18 20:11:02,A,iOS
4385,click,2023-01-18 02:09:43,B,iOS
5163,click,2023-01-18 07:27:53,A,iOS
8261,registration,2023-01-18 07:48:01,A,Android
4214,click,2023-01-18 02:08:43,A,iOS
7995,view,2023-01-18 16:46:56,B,Android
3975,registration,2023-01-18 06:38:31,B,iOS
5315,click,2023-01-18 11:59:18,B,iOS
7622,purchase,2023-01-18 21:53:15,B,Android
7007,purchase,2023-01-18 07:30:11,A,iOS
5144,click,2023-01-18 11:28:46,B,iOS
5298,purchase,2023-01-18 09:59:18,A,Android
805,click,2023-01-18 05:14:22,A,Android
1558,view,2023-01-18 14:59:50,B,Android
7857,click,2023-01-18 07:05:32,B,iOS
5235,view,2023-01-18 05:09:30,A,Android
9640,view,2023-01-18 19:38:23,A,Android
537,purchase,2023-01-18 22:13:19,A,Android
5556,click,2023-01-18 04:28:27,A,Android
3707,view,2023-01-18 22:28:08,A,Android
918,click,2023-01-18 09:04:15,B,iOS
8569,purchase,2023-01-18 00:02:38,B,iOS
6594,click,2023-01-18 10:21:14,B,iOS
2292,view,2023-01-18 01:56:18,A,Android
3258,click,2023-01-18 06:24:09,A,iOS
9360,view,2023-01-18 15:58:06,A,iOS
4056,click,2023-01-18 14:30:44,B,iOS
8881,purchase,2023-01-18 17:30:35,A,Android
8619,click,2023-01-18 15:15:50,B,iOS
7155,registration,2023-01-18 15:59:58,B,Android
2114,click,2023-01-18 15:59:21,A,iOS
4236,view,2023-01-18 23:29:15,B,iOS
7565,view,2023-01-18 18:18:29,A,Android
354,click,2023-01-18 02:28:07,A,iOS
5555,view,2023-01-18 12:17:49,B,iOS
290,registration,2023-01-18 14:46:17,A,Android
3396,click,2023-01-18 08:27:14,A,Android
1487,view,2023-01-18 10:31:31,B,iOS
1650,click,2023-01-18 20:37:43,B,iOS
9596,view,2023-01-18 22:21:28,B,iOS
705,click,2023-01-18 05:35:08,B,Android
2571,registration,2023-01-18 02:30:25,B,Android
1455,registration,2023-01-18 20:43:05,A,iOS
4116,click,2023-01-18 08:03:34,B,Android
7170,click,2023-01-18 09:34:39,A,iOS
8334,click,2023-01-18 04:39:13,B,iOS
5892,click,2023-01-18 14:41:31,B,iOS
6416,registration,2023-01-18 03:03:25,B,iOS
2089,click,2023-01-18 10:35:16,B,iOS
3337,view,2023-01-18 06:09:50,A,Android
7865,click,2023-01-18 00:01:09,A,iOS
9923,click,2023-01-18 01:13:01,B,Android
7542,click,2023-01-18 06:22:28,A,Android
2335,click,2023-01-18 20:50:04,B,Android
3226,click,2023-01-18 01:28:45,B,Android
472,purchase,2023-01-18 16:44:23,B,iOS
9687,view,2023-01-18 06:09:15,A,iOS
3898,click,2023-01-18 00:52:19,B,iOS
2203,click,2023-01-18 10:02:50,B,Android
7524,click,2023-01-18 06:02:20,A,Android
8376,view,2023-01-18 17:39:29,A,iOS
6963,click,2023-01-18 00:20:49,A,iOS
2538,view,2023-01-18 17:29:40,B,iOS
2684,click,2023-01-18 14:20:51,B,Android
9311,click,2023-01-18 16:42:24,A,Android
5979,view,2023-01-18 19:25:56,A,iOS
9829,purchase,2023-01-18 13:32:29,B,Android
1719,view,2023-01-18 18:01:44,A,iOS
3746,view,2023-01-18 15:47:42,A,Android
1556,click,2023-01-18 15:28:15,B,Android
2565,click,2023-01-18 03:54:16,A,Android
9070,click,2023-01-18 03:56:50,B,Android
1538,registration,2023-01-18 22:41:48,B,Android
2512,registration,2023-01-18 17:09:27,B,iOS
6208,click,2023-01-18 09:38:04,A,Android
2220,click,2023-01-18 12:32:10,A,iOS
1361,registration,2023-01-18 01:57:10,B,Android
6100,registration,2023-01-18 22:05:26,B,Android
8124,view,2023-01-18 10:00:45,A,iOS
7234,view,2023-01-18 16:09:05,A,iOS
5612,view,2023-01-18 12:14:32,A,Android
8820,click,2023-01-18 08:25:47,B,iOS
6391,view,2023-01-18 10:10:26,B,Android
4626,click,2023-01-18 02:35:23,B,Android
3742,click,2023-01-18 07:40:18,B,Android
7914,registration,2023-01-18 05:03:19,A,Android
6051,click,2023-01-18 21:49:34,B,Android
8506,click,2023-01-18 06:50:15,A,iOS
7408,purchase,2023-01-18 19:28:59,A,iOS
3500,click,2023-01-18 22:51:26,A,iOS
8165,view,2023-01-18 05:36:35,B,iOS
8145,view,2023-01-18 03:00:23,B,Android
325,view,2023-01-18 23:43:47,A,iOS
4609,view,2023-01-18 02:23:27,A,Android
3327,click,2023-01-18 19:34:39,A,iOS
5799,registration,2023-01-18 08:19:38,A,iOS
9535,click,2023-01-18 23:36:40,A,Android
3730,view,2023-01-18 23:10:54,B,iOS
6947,click,2023-01-18 09:01:38,A,iOS
9843,view,2023-01-18 19:04:58,B,iOS
7385,click,2023-01-18 06:56:10,B,Android
7215,registration,2023-01-18 20:54:22,B,iOS
1060,view,2023-01-18 00:52:31,A,iOS
5798,click,2023-01-18 07:27:58,B,Android
2985,click,2023-01-18 21:29:31,B,iOS
5888,purchase,2023-01-18 18:49:31,B,Android
9749,click,2023-01-18 03:46:27,A,Android
205,view,2023-01-18 20:36:55,B,Android
7399,purchase,2023-01-18 15:03:54,A,iOS
3609,view,2023-01-18 08:50:15,B,Android
150,registration,2023-01-18 07:39:52,B,iOS
7708,purchase,2023-01-18 06:19:15,B,Android
7717,click,2023-01-18 09:07:44,A,Android
3632,click,2023-01-18 04:59:34,A,iOS
3283,click,2023-01-18 13:02:20,B,Android
5429,click,2023-01-18 07:46:46,B,Android
809,click,2023-01-18 22:36:03,A,Android
3276,click,2023-01-18 03:21:43,B,Android
4360,view,2023-01-18 20:23:47,A,iOS
5537,view,2023-01-18 23:48:13,B,iOS
5752,registration,2023-01-18 06:06:12,B,Android
6443,click,2023-01-18 12:51:07,A,iOS
7329,purchase,2023-01-18 19:40:28,B,iOS
4358,click,2023-01-18 09:17:20,A,Android
4560,click,2023-01-18 12:12:38,A,iOS
1984,click,2023-01-18 10:49:26,A,iOS
2675,view,2023-01-18 19:34:07,A,iOS
8780,purchase,2023-01-18 17:08:55,A,Android
6816,view,2023-01-18 23:27:46,B,Android
6015,registration,2023-01-18 11:52:03,A,Android
6470,view,2023-01-18 12:41:27,A,Android
9498,click,2023-01-18 09:32:37,B,iOS
6773,click,2023-01-18 22:53:13,B,Android
7027,click,2023-01-18 05:58:20,A,Android
8202,click,2023-01-18 11:28:08,B,Android
8789,click,2023-01-18 22:01:53,B,Android
1764,registration,2023-01-18 06:53:02,B,iOS
9698,registration,2023-01-18 05:57:11,B,Android
9781,click,2023-01-18 20:36:33,B,iOS
1757,view,2023-01-18 14:40:05,A,Android
9916,click,2023-01-18 02:16:03,B,iOS
8419,view,2023-01-18 21:25:09,A,Android
4946,registration,2023-01-18 00:48:19,A,iOS
3707,click,2023-01-18 12:03:35,A,Android
2163,click,2023-01-18 17:34:15,A,Android
3477,click,2023-01-18 00:22:21,A,iOS
4594,click,2023-01-18 08:51:48,A,iOS
6424,view,2023-01-18 23:31:03,B,Android
5989,click,2023-01-18 03:55:04,A,iOS
3849,registration,2023-01-18 00:38:47,B,iOS
8008,registration,2023-01-18 23:49:57,A,iOS
8281,registration,2023-01-18 00:26:02,A,Android
1073,click,2023-01-18 02:06:10,A,Android
151,click,2023-01-18 22:01:28,B,Android
9311,click,2023-01-18 00:53:40,A,Android
90,click,2023-01-18 15:19:38,A,iOS
7364,view,2023-01-18 14:49:27,A,Android
4020,view,2023-01-18 15:39:41,B,iOS
304,registration,2023-01-18 12:07:56,B,iOS
997,click,2023-01-18 10:36:50,B,iOS
8739,click,2023-01-18 06:55:19,A,Android
474,view,2023-01-18 07:21:24,B,iOS
3812,view,2023-01-18 09:51:14,A,iOS
8291,click,2023-01-18 04:16:21,A,iOS
9033,registration,2023-01-18 14:32:51,B,Android
210,view,2023-01-18 00:47:12,A,Android
562,view,2023-01-18 06:39:25,A,iOS
2186,view,2023-01-18 12:45:33,B,Android
8763,purchase,2023-01-18 23:37:08,A,Android
7809,click,2023-01-18 00:50:22,A,iOS
7982,purchase,2023-01-18 11:42:38,A,Android
9049,registration,2023-01-18 03:18:32,A,iOS
6179,view,2023-01-18 21:19:15,B,Android
3493,click,2023-01-18 12:17:52,A,iOS
4643,registration,2023-01-18 08:51:40,A,iOS
9968,registration,2023-01-18 10:58:41,A,iOS
733,view,2023-01-18 03:42:49,A,Android
661,click,2023-01-18 20:56:32,B,Android
6164,registration,2023-01-18 01:31:33,A,iOS
518,registration,2023-01-18 20:59:06,B,iOS
9012,click,2023-01-18 06:28:38,A,Android
3266,click,2023-01-18 08:29:21,B,iOS
4402,registration,2023-01-18 19:35:30,B,iOS
2000,registration,2023-01-18 19:29:25,B,iOS
4548,registration,2023-01-18 00:07:43,B,Android
6008,click,2023-01-18 13:46:27,A,Android
849,registration,2023-01-18 20:20:15,B,iOS
3206,purchase,2023-01-18 08:52:26,B,Android
6676,view,2023-01-18 20:31:37,A,Android
9439,click,2023-01-18 09:54:58,B,iOS
9482,click,2023-01-18 21:58:34,A,Android
7805,registration,2023-01-18 09:59:02,B,iOS
9710,view,2023-01-18 07:57:00,A,iOS
3412,click,2023-01-18 19:07:02,B,Android
1521,click,2023-01-18 02:53:02,B,iOS
4334,click,2023-01-18 15:36:17,A,Android
8718,registration,2023-01-18 09:27:54,B,iOS
5735,click,2023-01-18 10:03:25,B,iOS
9652,registration,2023-01-18 22:50:42,B,iOS
4896,view,2023-01-18 07:22:19,B,Android
3338,click,2023-01-18 02:06:03,A,iOS
1658,click,2023-01-18 03:47:24,B,iOS
9040,click,2023-01-18 16:20:02,B,iOS
5797,registration,2023-01-18 19:11:31,A,iOS
7237,registration,2023-01-18 05:51:51,A,iOS
8817,click,2023-01-18 03:49:23,A,Android
3955,click,2023-01-18 18:38:11,A,iOS
72,click,2023-01-18 00:39:21,A,iOS
9925,click,2023-01-18 11:05:23,B,iOS
424,view,2023-01-18 02:15:03,A,iOS
1610,purchase,2023-01-18 00:17:37,A,Android
3337,click,2023-01-18 15:51:36,A,Android
5304,click,2023-01-18 17:04:47,B,Android
1109,click,2023-01-18 16:36:33,B,Android
3466,purchase,2023-01-18 17:16:44,A,Android
8361,view,2023-01-18 05:16:17,A,iOS
13,view,2023-01-18 13:39:50,A,Android
8852,registration,2023-01-18 20:34:41,B,iOS
8557,click,2023-01-18 03:51:42,A,iOS
684,click,2023-01-18 18:11:45,B,iOS
9994,click,2023-01-18 07:10:55,A,Android
7230,click,2023-01-18 18:40:22,B,Android
6058,click,2023-01-18 05:40:46,B,iOS
617,view,2023-01-18 04:16:53,A,Android
4702,registration,2023-01-18 12:33:32,A,Android
6397,registration,2023-01-18 07:37:36,A,iOS
5801,view,2023-01-18 12:38:33,A,Android
1071,click,2023-01-18 17:14:18,B,iOS
6302,click,2023-01-18 12:35:03,A,iOS
9165,view,2023-01-18 11:43:58,B,Android
9854,purchase,2023-01-18 10:13:30,B,iOS
8457,click,2023-01-18 04:34:22,B,Android
9082,click,2023-01-18 15:49:16,A,Android
4016,click,2023-01-18 18:35:06,A,iOS
2533,registration,2023-01-18 01:33:35,B,Android
4804,click,2023-01-18 12:57:37,A,iOS
7870,view,2023-01-18 03:54:36,A,iOS
7764,view,2023-01-18 16:23:15,A,Android
9163,click,2023-01-18 19:15:37,B,iOS
7720,view,2023-01-18 14:08:04,B,iOS
3431,registration,2023-01-18 16:52:03,A,Android
2803,view,2023-01-18 05:12:48,A,iOS
4374,view,2023-01-18 05:09:13,B,iOS
1546,view,2023-01-18 14:20:00,A,Android
2737,view,2023-01-18 21:35:50,B,Android
1776,view,2023-01-18 13:56:57,A,Android
2649,view,2023-01-18 02:20:03,B,iOS
954,registration,2023-01-18 19:58:18,A,iOS
6489,click,2023-01-18 05:38:11,B,iOS
7261,view,2023-01-18 18:00:35,A,Android
7404,view,2023-01-18 16:17:45,A,iOS
9577,registration,2023-01-18 02:39:06,A,iOS
191,registration,2023-01-18 00:13:25,A,Android
1791,click,2023-01-18 15:02:40,B,Android
8092,click,2023-01-18 17:08:52,B,iOS
1230,click,2023-01-18 19:26:26,B,iOS
924,purchase,2023-01-18 19:06:31,A,iOS
5824,purchase,2023-01-18 07:49:14,B,iOS
1317,registration,2023-01-18 13:06:55,A,Android
8674,view,2023-01-18 09:09:21,B,Android
1991,registration,2023-01-18 15:39:29,B,iOS
3515,click,2023-01-18 04:31:08,B,iOS
2027,view,2023-01-18 14:02:46,A,Android
46,purchase,2023-01-18 08:52:45,B,Android
1402,view,2023-01-18 20:31:31,B,iOS
4173,purchase,2023-01-18 07:42:04,A,Android
7473,view,2023-01-18 09:10:39,B,iOS
192,click,2023-01-18 14:48:50,A,iOS
1671,click,2023-01-18 10:51:56,B,iOS
3848,purchase,2023-01-18 00:02:59,B,Android
5108,registration,2023-01-18 02:26:33,A,iOS
3592,view,2023-01-18 21:24:08,A,Android
846,click,2023-01-18 10:03:52,B,Android
7581,purchase,2023-01-18 13:59:23,B,Android
3410,view,2023-01-18 23:55:00,A,iOS
2596,registration,2023-01-18 09:54:34,A,iOS
8487,click,2023-01-18 15:28:16,B,Android
6931,click,2023-01-18 05:31:12,B,Android
8593,view,2023-01-18 20:10:18,B,Android
8509,view,2023-01-18 12:42:47,B,Android
1451,registration,2023-01-18 16:53:13,B,iOS
7385,registration,2023-01-18 21:10:02,B,Android
1566,click,2023-01-18 15:19:18,B,Android
6704,click,2023-01-18 10:11:51,B,Android
6789,view,2023-01-18 22:02:30,A,iOS
8557,registration,2023-01-18 11:38:08,A,iOS
8368,click,2023-01-18 01:52:14,A,iOS
7134,registration,2023-01-18 20:44:43,A,iOS
1582,purchase,2023-01-18 03:24:26,B,iOS
6896,view,2023-01-18 01:45:10,B,Android
2343,view,2023-01-18 09:33:16,B,Android
4311,view,2023-01-19 10:50:43,B,Android
4437,click,2023-01-19 05:01:18,A,iOS
9524,registration,2023-01-19 00:36:57,B,Android
838,registration,2023-01-19 16:07:45,A,Android
1294,registration,2023-01-19 13:44:47,B,Android
1501,click,2023-01-19 13:54:53,A,Android
7765,view,2023-01-19 17:02:06,A,Android
4278,view,2023-01-19 05:16:39,A,iOS
9308,view,2023-01-19 04:56:15,A,Android
4763,registration,2023-01-19 00:49:47,B,Android
8486,click,2023-01-19 17:22:16,A,Android
5809,view,2023-01-19 18:22:30,A,iOS
9950,view,2023-01-19 15:17:22,A,Android
5234,view,2023-01-19 14:29:15,A,iOS
9070,purchase,2023-01-19 10:44:07,B,Android
1689,view,2023-01-19 21:45:18,A,iOS
2810,view,2023-01-19 00:57:19,A,Android
909,view,2023-01-19 13:49:16,A,Android
7926,click,2023-01-19 04:27:37,A,Android
9345,click,2023-01-19 00:17:07,A,iOS
8030,view,2023-01-19 08:49:58,B,Android
8922,click,2023-01-19 16:53:27,B,iOS
6075,click,2023-01-19 11:17:36,A,Android
5006,click,2023-01-19 07:38:55,A,iOS
4680,view,2023-01-19 15:54:54,B,iOS
54,view,2023-01-19 15:05:52,A,iOS
628,click,2023-01-19 05:52:09,A,Android
390,click,2023-01-19 03:04:58,A,iOS
833,view,2023-01-19 18:01:31,A,Android
6780,view,2023-01-19 13:13:37,A,iOS
5,click,2023-01-19 23:06:07,A,Android
555,click,2023-01-19 23:21:25,A,iOS
6697,click,2023-01-19 07:33:31,B,Android
4071,registration,2023-01-19 21:29:04,A,Android
6372,click,2023-01-19 01:29:27,A,Android
8451,registration,2023-01-19 22:53:05,B,Android
1923,registration,2023-01-19 21:50:39,B,iOS
264,click,2023-01-19 21:50:29,B,iOS
1653,click,2023-01-19 03:33:08,A,iOS
6215,view,2023-01-19 02:13:45,B,iOS
3317,view,2023-01-19 02:44:16,B,iOS
3044,click,2023-01-19 13:12:51,A,iOS
3610,view,2023-01-19 01:56:46,B,iOS
2710,view,2023-01-19 15:27:13,A,Android
1914,view,2023-01-19 18:19:15,A,iOS
2235,view,2023-01-19 09:27:57,B,Android
3450,purchase,2023-01-19 09:19:04,A,Android
2072,registration,2023-01-19 07:47:39,B,iOS
6071,registration,2023-01-19 15:48:23,B,iOS
5857,view,2023-01-19 04:22:59,B,Android
820,click,2023-01-19 17:56:46,A,Android
4908,click,2023-01-19 03:33:57,B,iOS
5240,view,2023-01-19 21:38:41,B,iOS
3614,view,2023-01-19 06:24:44,B,iOS
9850,view,2023-01-19 06:43:23,B,iOS
3793,view,2023-01-19 04:12:45,A,iOS
9956,registration,2023-01-19 01:33:47,B,Android
7670,click,2023-01-19 05:08:18,A,iOS
7098,registration,2023-01-19 02:42:16,A,Android
3293,click,2023-01-19 17:51:20,A,iOS
6702,registration,2023-01-19 10:55:02,B,iOS
1711,registration,2023-01-19 10:42:46,A,Android
3665,view,2023-01-19 18:12:06,B,Android
4750,click,2023-01-19 08:42:44,B,iOS
5020,click,2023-01-19 01:48:45,B,iOS
8732,click,2023-01-19 13:36:24,A,iOS
9030,click,2023-01-19 08:40:33,A,Android
9757,click,2023-01-19 15:02:42,A,iOS
4524,view,2023-01-19 06:04:53,A,iOS
7382,click,2023-01-19 06:58:10,A,Android
105,click,2023-01-19 01:57:50,B,iOS
3450,click,2023-01-19 18:26:53,A,Android
1561,view,2023-01-19 14:33:45,A,iOS
9376,view,2023-01-19 04:42:40,B,iOS
8414,registration,2023-01-19 16:40:20,A,Android
5456,view,2023-01-19 09:27:48,B,Android
5336,click,2023-01-19 08:49:44,B,iOS
9908,click,2023-01-19 16:12:50,B,Android
1609,click,2023-01-19 17:46:10,A,iOS
6319,view,2023-01-19 12:31:31,A,iOS
2598,registration,2023-01-19 13:45:04,B,Android
8693,view,2023-01-19 14:45:00,A,iOS
1187,view,2023-01-19 21:02:00,A,iOS
3245,view,2023-01-19 13:01:14,B,Android
7580,purchase,2023-01-19 17:08:05,A,iOS
7070,view,2023-01-19 04:43:46,B,iOS
5054,view,2023-01-19 07:02:05,B,Android
8153,registration,2023-01-19 04:24:17,A,iOS
2475,registration,2023-01-19 12:28:41,B,Android
9379,click,2023-01-19 08:58:52,A,iOS
8039,click,2023-01-19 17:15:03,B,iOS
3105,click,2023-01-19 16:55:22,B,iOS
5729,click,2023-01-19 06:27:15,A,iOS
2649,click,2023-01-19 09:17:43,B,iOS
9967,view,2023-01-19 14:01:11,B,iOS
5808,purchase,2023-01-19 14:45:42,B,Android
380,registration,2023-01-19 06:48:34,A,iOS
1709,registration,2023-01-19 17:56:35,A,iOS
7172,click,2023-01-19 21:47:05,B,iOS
6306,click,2023-01-19 01:16:05,B,iOS
9091,click,2023-01-19 16:29:01,B,iOS
405,registration,2023-01-19 18:18:53,B,Android
3037,view,2023-01-19 09:40:00,A,Android
5797,purchase,2023-01-19 12:37:29,A,iOS
2523,registration,2023-01-19 19:41:14,B,iOS
4687,view,2023-01-19 00:20:17,A,iOS
3644,click,2023-01-19 16:13:12,B,Android
2998,registration,2023-01-19 14:29:51,A,iOS
8138,view,2023-01-19 05:43:23,B,iOS
2820,click,2023-01-19 23:22:57,A,iOS
1700,view,2023-01-19 21:25:39,B,Android
7202,click,2023-01-19 01:27:50,B,Android
1013,view,2023-01-19 14:34:19,A,Android
4411,view,2023-01-19 03:42:43,A,Android
4158,click,2023-01-19 14:26:48,A,iOS
3678,view,2023-01-19 09:02:27,A,Android
2361,view,2023-01-19 01:10:42,B,Android
4115,view,2023-01-19 11:57:56,A,iOS
6082,click,2023-01-19 02:56:01,A,Android
1748,click,2023-01-19 05:57:11,A,Android
1933,registration,2023-01-19 18:15:44,B,Android
2319,purchase,2023-01-19 00:44:19,B,iOS
2050,click,2023-01-19 18:14:14,B,Android
5534,view,2023-01-19 14:22:34,A,Android
8750,click,2023-01-19 07:33:21,B,Android
9452,registration,2023-01-19 05:09:05,A,Android
9463,registration,2023-01-19 06:01:54,A,Android
1017,click,2023-01-19 22:46:51,A,iOS
3464,click,2023-01-19 17:25:33,A,Android
5179,click,2023-01-19 17:56:11,B,iOS
1944,view,2023-01-19 23:38:38,B,iOS
6184,registration,2023-01-19 01:03:42,B,iOS
7867,view,2023-01-19 09:44:33,A,Android
7403,purchase,2023-01-19 01:33:27,A,iOS
1751,registration,2023-01-19 05:17:10,B,Android
988,registration,2023-01-19 04:58:06,B,Android
455,click,2023-01-19 02:33:24,B,Android
8257,view,2023-01-19 18:47:44,B,Android
4222,registration,2023-01-19 12:10:15,A,iOS
8355,view,2023-01-19 16:12:57,B,Android
5155,registration,2023-01-19 02:55:18,B,iOS
3923,click,2023-01-19 18:06:17,A,Android
9015,purchase,2023-01-19 03:07:15,B,Android
4455,registration,2023-01-19 13:22:01,B,Android
2538,view,2023-01-19 08:51:05,B,iOS
5233,registration,2023-01-19 01:30:34,A,iOS
4160,view,2023-01-19 16:59:39,A,Android
3393,view,2023-01-19 16:35:54,A,iOS
5387,view,2023-01-19 22:40:17,B,iOS
8219,click,2023-01-19 16:28:39,B,iOS
2824,click,2023-01-19 13:43:15,B,iOS
7881,click,2023-01-19 15:13:32,A,iOS
8435,click,2023-01-19 21:19:10,A,Android
1832,view,2023-01-19 03:02:41,B,iOS
7604,view,2023-01-19 19:53:46,B,iOS
351,view,2023-01-19 15:21:53,B,Android
1708,view,2023-01-19 17:49:34,B,iOS
5025,click,2023-01-19 07:01:48,B,iOS
5002,registration,2023-01-19 19:58:56,A,iOS
9556,click,2023-01-19 17:08:43,B,Android
6488,view,2023-01-19 11:59:45,A,iOS
5782,click,2023-01-19 04:59:32,B,iOS
8400,view,2023-01-19 04:38:25,B,Android
1369,view,2023-01-19 09:02:03,A,Android
500,purchase,2023-01-19 20:11:24,B,iOS
1896,click,2023-01-19 03:52:06,A,Android
9763,view,2023-01-19 15:58:51,B,iOS
1416,view,2023-01-19 14:44:30,B,iOS
9020,click,2023-01-19 07:11:44,A,iOS
2283,click,2023-01-19 23:56:29,A,Android
763,click,2023-01-19 03:13:31,A,iOS
5371,registration,2023-01-19 00:31:34,B,iOS
2863,purchase,2023-01-19 12:53:11,B,iOS
1878,registration,2023-01-19 03:02:10,A,Android
5690,view,2023-01-19 22:10:15,A,iOS
5650,registration,2023-01-19 21:56:34,A,Android
68,purchase,2023-01-19 17:38:34,B,iOS
5815,click,2023-01-19 06:37:08,B,iOS
3560,view,2023-01-19 15:29:15,B,Android
9482,click,2023-01-19 23:42:04,A,Android
4119,view,2023-01-19 07:20:30,A,Android
4080,view,2023-01-19 11:12:44,A,iOS
1328,purchase,2023-01-19 00:07:08,B,Android
8395,click,2023-01-19 03:01:00,B,iOS
1543,view,2023-01-19 19:04:34,A,iOS
6687,purchase,2023-01-19 15:05:09,A,iOS
4463,view,2023-01-19 10:16:07,A,iOS
2637,click,2023-01-19 02:32:05,A,Android
1164,click,2023-01-19 16:53:01,B,iOS
2992,purchase,2023-01-19 01:15:44,B,Android
3268,registration,2023-01-19 00:13:32,A,Android
970,purchase,2023-01-19 21:39:26,B,iOS
9829,click,2023-01-19 07:14:48,B,Android
3547,click,2023-01-19 19:19:01,A,iOS
1808,click,2023-01-19 21:41:55,B,iOS
4684,registration,2023-01-19 05:02:58,B,Android
8995,click,2023-01-19 19:25:24,A,Android
1824,click,2023-01-19 00:51:07,A,iOS
8544,purchase,2023-01-19 11:36:37,B,Android
9735,view,2023-01-19 06:08:32,A,Android
6577,registration,2023-01-19 09:47:39,A,iOS
7101,purchase,2023-01-19 18:29:35,A,iOS
6818,purchase,2023-01-19 09:11:48,A,Android
129,registration,2023-01-19 16:06:57,B,Android
478,purchase,2023-01-19 06:02:26,A,Android
5566,view,2023-01-19 12:16:36,B,iOS
4254,registration,2023-01-19 07:01:24,A,iOS
7076,view,2023-01-19 22:44:31,B,Android
3438,registration,2023-01-19 16:02:54,B,Android
8885,click,2023-01-19 08:30:00,A,Android
7189,click,2023-01-19 14:24:54,B,iOS
8917,view,2023-01-19 17:11:39,A,iOS
3512,view,2023-01-19 06:36:31,A,iOS
5337,purchase,2023-01-19 18:59:20,A,iOS
6403,view,2023-01-19 05:46:12,B,Android
2782,view,2023-01-19 05:20:31,B,iOS
2471,click,2023-01-19 09:40:42,A,iOS
3837,registration,2023-01-19 01:05:15,B,Android
1341,view,2023-01-19 16:13:18,A,iOS
1256,view,2023-01-19 09:44:58,A,iOS
5463,click,2023-01-19 13:55:24,B,iOS
2312,registration,2023-01-19 03:29:00,A,Android
3261,click,2023-01-19 00:35:00,A,iOS
8385,registration,2023-01-19 03:42:05,A,Android
3808,view,2023-01-19 21:42:31,B,Android
440,view,2023-01-19 04:54:19,A,Android
7919,view,2023-01-19 01:02:42,A,Android
246,registration,2023-01-19 08:49:48,A,Android
4776,view,2023-01-19 01:32:02,B,Android
4805,view,2023-01-19 06:24:23,A,Android
9902,purchase,2023-01-19 11:01:55,B,Android
5633,click,2023-01-19 09:10:29,B,Android
8409,registration,2023-01-19 20:23:23,A,Android
2144,click,2023-01-19 20:14:34,A,iOS
4916,view,2023-01-19 00:23:38,B,Android
2524,click,2023-01-19 06:48:11,A,iOS
4497,registration,2023-01-19 13:04:01,B,Android
7344,view,2023-01-19 10:03:37,B,Android
513,registration,2023-01-19 14:03:19,A,Android
8076,click,2023-01-19 03:33:47,B,Android
298,registration,2023-01-19 11:51:05,A,Android
3288,click,2023-01-19 06:05:19,A,iOS
1702,view,2023-01-19 23:17:14,A,iOS
7937,purchase,2023-01-19 09:39:09,A,iOS
8749,click,2023-01-19 09:57:25,A,iOS
6049,registration,2023-01-19 12:19:34,A,iOS
1610,click,2023-01-19 11:07:37,A,Android
9141,view,2023-01-19 05:19:18,B,iOS
1664,view,2023-01-19 13:40:29,A,iOS
6290,view,2023-01-19 18:46:11,B,iOS
2735,click,2023-01-19 21:56:36,B,iOS
215,click,2023-01-19 21:45:13,B,Android
3581,registration,2023-01-19 16:04:28,B,Android
5537,click,2023-01-19 18:35:04,B,iOS
3678,click,2023-01-19 10:12:25,A,Android
578,purchase,2023-01-19 09:32:31,B,Android
9137,view,2023-01-19 04:31:58,A,Android
8101,view,2023-01-19 17:31:40,B,Android
3182,registration,2023-01-19 17:57:44,A,iOS
8052,view,2023-01-19 08:22:52,A,iOS
13,registration,2023-01-19 01:12:09,A,Android
9800,click,2023-01-19 20:12:57,A,iOS
7312,registration,2023-01-19 17:22:47,B,iOS
9042,click,2023-01-19 02:20:56,A,iOS
603,view,2023-01-19 13:56:26,A,Android
4624,click,2023-01-19 15:57:05,B,Android
6467,view,2023-01-19 04:52:12,A,Android
5179,registration,2023-01-19 22:37:54,B,iOS
439,view,2023-01-19 06:09:47,B,Android
4472,registration,2023-01-19 09:39:16,B,iOS
2300,purchase,2023-01-19 10:36:29,A,Android
4503,view,2023-01-19 13:41:05,A,iOS
9973,click,2023-01-19 00:43:35,A,Android
415,view,2023-01-19 10:32:58,B,Android
3382,registration,2023-01-19 13:56:18,A,Android
411,purchase,2023-01-19 21:29:03,A,Android
5712,view,2023-01-19 13:11:47,B,iOS
6617,click,2023-01-19 19:49:15,A,iOS
383,registration,2023-01-19 10:07:11,B,Android
1870,purchase,2023-01-19 22:34:51,A,Android
9357,view,2023-01-19 10:19:52,B,iOS
7166,view,2023-01-19 11:48:59,B,iOS
3502,click,2023-01-19 10:57:37,A,iOS
7669,view,2023-01-19 23:36:38,B,iOS
4615,click,2023-01-19 09:14:39,A,iOS
3231,click,2023-01-19 14:02:31,A,iOS
4722,purchase,2023-01-19 23:26:13,B,Android
3883,click,2023-01-19 14:29:51,A,iOS
6842,click,2023-01-19 15:25:05,A,iOS
656,click,2023-01-19 04:05:13,B,Android
9308,click,2023-01-19 20:58:31,A,Android
8624,purchase,2023-01-19 00:18:42,B,Android
2311,click,2023-01-19 17:33:34,B,Android
6935,click,2023-01-19 23:29:26,B,iOS
931,click,2023-01-19 19:33:14,A,iOS
5788,click,2023-01-19 08:12:38,B,iOS
711,click,2023-01-19 21:02:09,A,Android
1252,click,2023-01-19 07:06:07,A,iOS
7760,view,2023-01-19 06:45:11,A,Android
7456,click,2023-01-19 15:17:13,B,iOS
6773,registration,2023-01-19 06:00:16,B,Android
2542,click,2023-01-19 10:08:55,A,Android
2513,purchase,2023-01-19 13:06:14,B,Android
3385,view,2023-01-19 06:19:07,A,iOS
6633,click,2023-01-19 04:30:47,A,Android
5043,click,2023-01-19 07:17:44,A,Android
4174,registration,2023-01-19 09:20:11,A,Android
9112,click,2023-01-19 17:54:04,B,iOS
1957,click,2023-01-19 17:25:27,B,iOS
9762,view,2023-01-19 19:39:55,B,iOS
7011,purchase,2023-01-19 10:50:50,A,iOS
4768,registration,2023-01-19 18:50:46,B,Android
8336,click,2023-01-19 06:41:28,B,iOS
2348,click,2023-01-19 12:55:54,A,iOS
9276,registration,2023-01-19 11:04:39,A,iOS
2037,click,2023-01-19 21:18:38,B,iOS
6975,click,2023-01-19 03:43:20,B,Android
8019,click,2023-01-19 01:23:37,A,iOS
985,purchase,2023-01-19 11:23:35,B,Android
1297,view,2023-01-19 10:42:41,B,iOS
9901,click,2023-01-19 19:28:19,B,Android
6586,registration,2023-01-19 20:12:47,A,iOS
2471,click,2023-01-19 20:32:34,A,iOS
9191,view,2023-01-19 08:37:50,A,iOS
6307,click,2023-01-19 22:02:25,B,Android
7999,registration,2023-01-19 02:48:49,A,iOS
7026,click,2023-01-19 01:12:41,B,iOS
6323,purchase,2023-01-19 15:10:24,A,Android
7332,registration,2023-01-19 00:29:31,B,iOS
8453,purchase,2023-01-19 06:31:51,B,iOS
4995,click,2023-01-19 08:21:27,B,Android
6285,click,2023-01-19 09:37:44,B,iOS
8177,registration,2023-01-19 18:42:51,B,Android
4560,view,2023-01-19 07:16:23,A,iOS
17,click,2023-01-19 13:52:54,B,iOS
4505,purchase,2023-01-19 12:15:05,B,Android
1118,click,2023-01-19 15:38:22,A,Android
4182,registration,2023-01-19 04:15:16,A,iOS
9024,click,2023-01-19 01:53:07,A,Android
3167,purchase,2023-01-19 13:15:15,B,iOS
3936,click,2023-01-19 20:39:47,B,iOS
7740,purchase,2023-01-19 07:33:44,B,Android
7151,click,2023-01-19 12:28:33,B,Android
4354,view,2023-01-19 09:25:28,B,iOS
3616,purchase,2023-01-19 06:12:38,A,iOS
7551,click,2023-01-19 16:08:55,B,iOS
513,click,2023-01-19 07:08:50,A,Android
4744,registration,2023-01-19 13:26:33,A,iOS
705,registration,2023-01-19 20:53:13,B,Android
6596,click,2023-01-19 12:43:35,A,iOS
1229,click,2023-01-19 09:15:30,B,iOS
4933,click,2023-01-19 14:05:50,A,iOS
9322,click,2023-01-19 06:27:38,B,Android
608,click,2023-01-19 14:09:31,B,iOS
9611,registration,2023-01-19 06:47:04,A,iOS
2907,view,2023-01-19 18:31:44,B,Android
7573,purchase,2023-01-19 14:59:21,A,Android
6338,view,2023-01-19 21:49:02,B,iOS
3115,click,2023-01-19 20:53:30,B,Android
973,click,2023-01-19 22:47:55,B,iOS
3998,click,2023-01-19 16:35:05,B,iOS
7137,view,2023-01-19 10:32:22,B,Android
1849,purchase,2023-01-19 04:08:04,B,Android
5092,click,2023-01-19 04:36:49,B,iOS
5884,click,2023-01-19 20:33:04,B,iOS
1157,click,2023-01-19 17:58:28,A,Android
5299,click,2023-01-19 16:46:57,B,Android
3598,view,2023-01-19 15:22:45,B,iOS
7372,click,2023-01-19 19:15:36,B,iOS
690,click,2023-01-19 16:54:18,A,iOS
9254,view,2023-01-19 10:27:26,B,Android
3504,click,2023-01-19 14:05:16,A,Android
272,click,2023-01-19 23:02:03,B,Android
4702,click,2023-01-19 23:40:17,A,Android
745,click,2023-01-19 18:56:35,B,Android
5135,view,2023-01-19 03:40:30,A,iOS
7169,registration,2023-01-19 04:12:36,A,Android
1469,click,2023-01-19 15:16:43,B,Android
2185,purchase,2023-01-19 03:57:13,B,Android
6880,click,2023-01-19 19:56:00,A,Android
7713,view,2023-01-19 05:52:31,B,Android
7773,purchase,2023-01-19 10:33:49,A,Android
1701,registration,2023-01-19 23:45:33,A,iOS
2254,purchase,2023-01-19 04:08:49,A,Android
7432,purchase,2023-01-19 03:58:36,B,Android
207,click,2023-01-19 06:08:24,A,Android
4324,registration,2023-01-19 03:16:55,B,Android
3506,click,2023-01-19 04:21:21,A,iOS
3788,registration,2023-01-19 17:53:54,B,Android
4357,click,2023-01-19 01:59:28,B,Android
9532,purchase,2023-01-19 08:23:32,B,Android
5319,purchase,2023-01-19 19:15:42,A,iOS
6041,view,2023-01-19 16:09:34,B,iOS
7625,view,2023-01-19 00:27:30,A,Android
851,registration,2023-01-19 19:44:55,B,iOS
9158,registration,2023-01-19 21:22:17,B,iOS
794,click,2023-01-19 02:57:24,B,iOS
8151,click,2023-01-19 05:46:04,B,Android
5376,click,2023-01-19 08:37:53,A,Android
4026,purchase,2023-01-19 18:59:54,A,Android
8659,registration,2023-01-19 07:47:23,B,Android
6819,click,2023-01-19 09:11:37,B,iOS
955,click,2023-01-19 06:53:37,A,Android
5471,click,2023-01-19 16:26:23,B,iOS
2601,view,2023-01-19 09:00:17,B,Android
3794,view,2023-01-19 13:04:14,A,Android
4051,registration,2023-01-19 03:02:40,B,iOS
4607,registration,2023-01-19 20:18:21,B,iOS
1887,click,2023-01-19 08:09:10,A,Android
8417,registration,2023-01-19 09:06:28,A,iOS
7220,view,2023-01-19 16:58:09,A,iOS
9725,click,2023-01-19 06:16:33,B,iOS
67,registration,2023-01-19 01:16:55,B,Android
1610,registration,2023-01-19 16:09:41,A,Android
9577,view,2023-01-19 17:49:56,A,iOS
2804,click,2023-01-19 22:35:27,A,iOS
4239,purchase,2023-01-19 14:47:02,B,Android
9940,view,2023-01-19 18:29:32,B,iOS
64,purchase,2023-01-19 08:55:07,B,Android
72,purchase,2023-01-19 16:06:41,A,iOS
3269,registration,2023-01-19 09:13:03,B,iOS
3071,purchase,2023-01-19 11:54:00,A,iOS
5085,registration,2023-01-19 11:56:25,B,iOS
8750,registration,2023-01-19 15:33:43,B,Android
9759,registration,2023-01-19 00:39:30,B,Android
6549,click,2023-01-19 11:25:02,B,iOS
5893,registration,2023-01-19 00:20:07,A,Android
5403,view,2023-01-19 09:09:42,A,iOS
6067,view,2023-01-19 05:43:36,A,iOS
8862,view,2023-01-19 18:36:27,B,Android
344,view,2023-01-19 06:39:00,B,iOS
6741,purchase,2023-01-19 02:50:05,A,iOS
4331,view,2023-01-19 23:20:58,B,Android
6830,registration,2023-01-19 03:01:50,A,iOS
8322,view,2023-01-19 01:19:20,B,Android
6113,click,2023-01-19 17:55:16,A,iOS
4257,registration,2023-01-19 12:10:02,B,Android
8748,click,2023-01-19 06:18:18,A,Android
2950,registration,2023-01-19 15:44:52,B,iOS
3165,view,2023-01-19 19:54:56,B,Android
9920,view,2023-01-19 01:00:42,B,Android
5453,click,2023-01-19 11:32:50,B,iOS
2207,purchase,2023-01-19 10:36:58,B,iOS
4893,click,2023-01-19 09:19:13,A,iOS
8729,view,2023-01-19 22:20:58,B,Android
3045,purchase,2023-01-19 08:07:17,A,iOS
2920,click,2023-01-19 13:57:28,B,iOS
6025,view,2023-01-19 03:51:43,B,iOS
7528,registration,2023-01-19 19:24:35,A,iOS
8369,view,2023-01-19 17:56:38,B,Android
6383,click,2023-01-19 04:56:49,A,Android
1095,view,2023-01-19 19:30:24,B,Android
8175,purchase,2023-01-19 19:52:33,A,Android
2720,purchase,2023-01-19 19:44:56,A,Android
1327,click,2023-01-19 03:00:37,B,Android
6433,registration,2023-01-19 07:22:45,B,iOS
8316,registration,2023-01-19 00:41:01,B,iOS
9416,click,2023-01-19 02:58:37,A,iOS
2301,click,2023-01-19 18:47:05,A,Android
2297,registration,2023-01-19 11:53:32,A,Android
106,view,2023-01-19 00:17:46,A,iOS
4999,click,2023-01-19 21:29:00,B,iOS
2315,view,2023-01-19 15:28:37,B,Android
4478,click,2023-01-19 09:50:08,A,Android
1040,registration,2023-01-19 01:43:03,B,Android
4226,click,2023-01-19 09:41:10,A,iOS
993,registration,2023-01-19 15:42:40,A,Android
6536,click,2023-01-19 08:22:44,B,Android
3310,click,2023-01-19 04:24:06,A,Android
6182,registration,2023-01-19 02:01:41,A,Android
7002,view,2023-01-19 18:47:44,A,Android
8736,click,2023-01-19 13:31:31,B,iOS
9383,view,2023-01-19 11:45:31,A,Android
1051,view,2023-01-19 10:54:49,A,iOS
7524,purchase,2023-01-19 22:39:32,A,Android
151,view,2023-01-19 22:11:45,B,Android
7292,view,2023-01-19 11:23:50,A,Android
8728,click,2023-01-19 12:08:46,A,Android
8622,view,2023-01-19 16:54:00,A,iOS
9312,registration,2023-01-19 00:40:18,A,Android
2989,registration,2023-01-19 02:43:42,A,iOS
2537,registration,2023-01-19 02:45:33,B,iOS
4889,registration,2023-01-19 23:07:15,B,iOS
9838,click,2023-01-19 07:50:39,A,iOS
6196,click,2023-01-19 09:46:33,B,iOS
7815,registration,2023-01-19 23:04:31,A,Android
1774,registration,2023-01-19 14:30:21,A,Android
7861,registration,2023-01-19 15:48:30,A,Android
5183,view,2023-01-19 07:37:58,B,iOS
9274,purchase,2023-01-19 09:00:29,A,iOS
525,view,2023-01-19 09:25:01,A,iOS
4738,view,2023-01-19 06:35:05,B,Android
6608,click,2023-01-19 01:08:36,A,Android
6304,click,2023-01-19 03:52:05,B,Android
1184,click,2023-01-19 09:07:03,A,Android
7555,click,2023-01-19 15:55:39,A,Android
7883,click,2023-01-19 15:11:09,A,Android
2894,view,2023-01-19 15:24:18,A,iOS
3221,click,2023-01-19 16:24:24,A,Android
6499,purchase,2023-01-19 14:12:18,B,iOS
1695,click,2023-01-19 14:55:13,A,iOS
4759,click,2023-01-19 02:50:14,A,Android
4879,click,2023-01-19 21:37:19,A,Android
8185,click,2023-01-19 19:04:29,B,iOS
1622,view,2023-01-19 23:28:30,B,Android
851,click,2023-01-19 04:54:07,B,iOS
435,view,2023-01-19 04:48:17,A,iOS
3704,registration,2023-01-19 03:21:25,B,Android
894,click,2023-01-19 20:17:46,B,iOS
7812,view,2023-01-19 22:14:26,B,iOS
3212,registration,2023-01-19 11:27:58,A,iOS
1737,registration,2023-01-19 09:19:29,A,Android
1817,click,2023-01-19 14:07:15,A,Android
8636,view,2023-01-19 21:15:33,B,iOS
741,registration,2023-01-19 05:02:37,A,iOS
6186,registration,2023-01-19 01:48:48,A,Android
9156,registration,2023-01-19 13:49:10,A,iOS
5205,registration,2023-01-19 01:31:14,A,Android
6235,view,2023-01-19 13:07:59,A,Android
1597,registration,2023-01-19 13:13:21,B,iOS
1264,registration,2023-01-19 16:53:14,B,iOS
5307,click,2023-01-19 08:32:11,B,iOS
9899,view,2023-01-19 14:20:56,A,Android
9101,view,2023-01-19 01:42:27,A,iOS
2839,view,2023-01-19 16:06:57,A,iOS
5912,click,2023-01-19 08:24:21,B,Android
1674,view,2023-01-19 11:38:49,B,iOS
9866,view,2023-01-19 23:24:01,B,iOS
4925,registration,2023-01-19 17:33:59,A,iOS
2894,click,2023-01-19 07:45:31,A,iOS
9341,click,2023-01-19 00:32:35,B,iOS
2453,click,2023-01-19 13:46:25,A,Android
5195,view,2023-01-19 01:46:05,A,iOS
5938,click,2023-01-19 11:05:47,A,iOS
4993,view,2023-01-19 17:12:40,A,Android
4442,registration,2023-01-19 07:12:15,A,iOS
6094,click,2023-01-19 07:58:02,A,iOS
857,registration,2023-01-19 17:08:31,B,iOS
6920,purchase,2023-01-19 12:38:08,A,Android
7601,click,2023-01-19 21:19:03,B,iOS
2353,click,2023-01-19 18:33:30,B,iOS
69,view,2023-01-19 06:05:21,B,Android
6743,click,2023-01-19 17:21:16,B,Android
3151,view,2023-01-19 21:59:25,A,Android
7948,purchase,2023-01-19 12:47:58,A,iOS
1442,purchase,2023-01-19 13:42:40,B,iOS
9613,registration,2023-01-19 07:09:50,A,Android
4856,registration,2023-01-19 22:32:12,A,iOS
2836,registration,2023-01-19 22:36:07,A,Android
2537,registration,2023-01-19 05:44:52,B,iOS
4019,click,2023-01-19 11:08:37,A,Android
8341,click,2023-01-19 19:33:35,A,Android
1764,click,2023-01-19 14:27:40,B,iOS
4591,click,2023-01-19 13:53:43,A,Android
1757,click,2023-01-19 10:30:49,A,Android
6105,view,2023-01-19 06:20:26,B,Android
3649,view,2023-01-19 09:13:19,A,Android
1931,click,2023-01-19 03:02:45,A,Android
1071,registration,2023-01-19 07:55:02,B,iOS
6193,view,2023-01-19 14:06:58,A,iOS
7115,click,2023-01-19 08:33:51,B,Android
5274,click,2023-01-19 05:51:22,B,iOS
139,click,2023-01-19 10:02:32,B,iOS
3467,purchase,2023-01-19 11:34:15,B,Android
1537,view,2023-01-19 17:43:24,B,iOS
6013,click,2023-01-19 19:36:54,A,iOS
5907,click,2023-01-19 22:47:32,A,iOS
5140,view,2023-01-19 11:48:46,A,Android
1216,click,2023-01-19 15:30:19,A,Android
1951,view,2023-01-19 18:37:58,B,iOS
9811,click,2023-01-19 23:36:04,B,iOS
4808,view,2023-01-19 17:40:06,B,Android
3877,click,2023-01-19 00:03:30,A,iOS
380,view,2023-01-19 11:37:54,A,iOS
4356,click,2023-01-19 23:27:25,A,iOS
2099,purchase,2023-01-19 07:56:44,A,Android
5190,click,2023-01-19 18:54:33,B,Android
7250,click,2023-01-19 00:36:56,B,Android
950,registration,2023-01-19 01:44:15,B,iOS
8145,purchase,2023-01-19 16:23:25,B,Android
8295,click,2023-01-19 19:20:27,B,iOS
9689,purchase,2023-01-19 22:52:09,B,Android
8140,purchase,2023-01-19 16:30:46,A,Android
6033,click,2023-01-19 22:12:17,A,iOS
6940,purchase,2023-01-19 13:42:37,A,iOS
9800,click,2023-01-19 03:10:57,A,iOS
5467,view,2023-01-19 16:08:49,B,iOS
2020,registration,2023-01-19 13:43:25,A,iOS
6594,click,2023-01-19 08:37:57,B,iOS
2835,view,2023-01-19 23:59:03,B,Android
9982,click,2023-01-19 00:16:06,A,iOS
2894,purchase,2023-01-19 11:32:36,A,iOS
8632,click,2023-01-19 21:49:15,B,iOS
9385,view,2023-01-19 02:04:47,B,Android
8054,purchase,2023-01-19 18:13:31,A,Android
3236,click,2023-01-19 23:38:41,A,Android
6666,click,2023-01-19 09:05:23,A,Android
9883,click,2023-01-19 03:20:17,B,iOS
9845,click,2023-01-19 09:27:45,A,iOS
6079,view,2023-01-19 12:59:13,A,iOS
9208,view,2023-01-19 00:52:21,B,Android
6862,view,2023-01-19 19:02:50,B,Android
9653,view,2023-01-19 22:44:44,A,Android
5849,view,2023-01-19 00:05:23,B,Android
5753,view,2023-01-19 07:23:46,B,Android
9815,click,2023-01-19 22:03:27,B,iOS
5689,click,2023-01-19 08:05:41,B,Android
8478,purchase,2023-01-19 08:20:27,A,iOS
9776,view,2023-01-19 22:50:58,A,Android
7545,click,2023-01-19 06:55:29,A,iOS
2895,view,2023-01-19 15:07:29,B,iOS
5383,view,2023-01-19 02:42:59,A,Android
659,registration,2023-01-19 20:13:13,A,Android
9394,click,2023-01-19 22:38:02,B,iOS
7103,view,2023-01-19 18:14:05,A,Android
3692,click,2023-01-19 18:20:41,A,iOS
8701,registration,2023-01-19 00:01:29,B,Android
3694,click,2023-01-19 07:50:45,B,Android
912,click,2023-01-19 15:03:21,A,Android
744,click,2023-01-19 17:20:09,A,Android
2692,click,2023-01-19 15:19:01,A,Android
3834,view,2023-01-19 03:47:32,B,Android
5155,registration,2023-01-19 14:49:18,B,iOS
6891,click,2023-01-19 10:41:42,B,Android
3453,click,2023-01-19 10:57:41,A,Android
83,view,2023-01-19 14:33:16,B,iOS
2304,purchase,2023-01-19 05:47:12,B,iOS
8285,click,2023-01-19 13:36:28,B,Android
730,registration,2023-01-19 15:50:37,B,iOS
9431,registration,2023-01-19 07:05:29,A,iOS
1730,click,2023-01-19 18:19:20,A,iOS
330,click,2023-01-19 06:55:24,B,iOS
9216,purchase,2023-01-19 13:53:15,A,iOS
2488,registration,2023-01-19 03:37:04,B,Android
4179,view,2023-01-19 11:31:15,A,iOS
3656,view,2023-01-19 04:06:24,B,Android
4486,view,2023-01-19 21:14:50,B,Android
9288,click,2023-01-19 09:47:56,A,iOS
9243,view,2023-01-19 04:13:15,A,Android
3448,click,2023-01-19 04:28:52,B,iOS
1572,view,2023-01-19 13:19:15,A,iOS
4280,registration,2023-01-19 13:47:18,A,Android
765,view,2023-01-19 15:29:22,A,Android
5924,click,2023-01-19 12:14:07,B,iOS
2813,view,2023-01-19 13:32:12,B,iOS
5047,click,2023-01-19 22:00:41,A,Android
6869,click,2023-01-19 09:31:31,B,Android
2054,registration,2023-01-19 15:19:33,A,Android
8484,view,2023-01-19 16:44:33,B,Android
498,click,2023-01-19 20:18:10,A,Android
2933,view,2023-01-19 18:04:26,A,Android
434,click,2023-01-19 08:28:48,A,Android
6605,view,2023-01-19 11:36:16,B,Android
38,view,2023-01-19 23:38:18,A,Android
8447,click,2023-01-19 11:31:20,B,iOS
3272,click,2023-01-19 11:46:16,A,iOS
4726,registration,2023-01-19 06:05:13,B,iOS
5262,view,2023-01-19 12:12:27,B,iOS
2722,view,2023-01-19 14:47:36,B,iOS
386,view,2023-01-19 12:23:50,A,Android
1349,click,2023-01-19 14:48:56,B,iOS
4380,click,2023-01-19 19:12:20,B,Android
5841,click,2023-01-19 11:55:01,B,iOS
1172,view,2023-01-19 06:42:42,B,iOS
7228,view,2023-01-19 14:36:08,A,Android
3911,click,2023-01-19 06:51:20,A,Android
4719,registration,2023-01-19 13:10:33,A,iOS
5750,purchase,2023-01-19 01:44:05,B,Android
8325,view,2023-01-19 17:17:13,B,Android
6875,view,2023-01-19 22:29:51,B,Android
8964,view,2023-01-19 19:16:24,B,iOS
5938,click,2023-01-19 16:57:47,A,iOS
5197,view,2023-01-19 22:36:06,A,iOS
8349,view,2023-01-19 02:51:09,A,Android
3003,click,2023-01-19 08:06:37,A,Android
802,view,2023-01-19 10:38:34,B,iOS
7199,click,2023-01-19 07:25:12,B,iOS
517,click,2023-01-19 08:24:44,B,iOS
9396,view,2023-01-19 08:35:58,B,iOS
4897,click,2023-01-19 20:08:10,A,iOS
9327,click,2023-01-19 21:31:11,B,iOS
3389,click,2023-01-19 07:07:14,A,iOS
5769,click,2023-01-19 01:39:29,A,Android
3317,click,2023-01-19 16:21:21,B,iOS
7233,view,2023-01-19 03:28:43,B,Android
4138,click,2023-01-19 20:20:58,A,iOS
8488,click,2023-01-19 05:25:52,A,iOS
8791,click,2023-01-19 00:41:19,B,iOS
4043,click,2023-01-19 23:08:17,A,iOS
3091,view,2023-01-19 13:23:19,B,iOS
6404,view,2023-01-19 19:08:41,A,Android
7634,registration,2023-01-19 22:44:19,A,Android
8498,registration,2023-01-19 13:30:19,B,iOS
240,view,2023-01-19 09:08:43,A,iOS
3513,registration,2023-01-19 15:23:38,B,iOS
8172,click,2023-01-19 14:54:05,B,iOS
8517,registration,2023-01-19 22:07:31,B,iOS
6378,view,2023-01-19 10:42:48,A,iOS
5765,click,2023-01-19 04:30:15,A,iOS
2521,click,2023-01-19 02:32:12,A,iOS
7811,click,2023-01-19 07:20:56,A,Android
8781,click,2023-01-19 12:43:12,A,iOS
7846,purchase,2023-01-19 10:58:56,A,iOS
2473,registration,2023-01-19 14:07:08,A,iOS
3342,click,2023-01-19 07:20:09,B,iOS
8910,click,2023-01-19 09:35:25,B,iOS
6368,view,2023-01-19 13:47:47,A,Android
1993,purchase,2023-01-20 00:37:59,A,iOS
6175,registration,2023-01-20 02:59:52,A,Android
9304,registration,2023-01-20 12:17:22,B,Android
9081,view,2023-01-20 19:43:05,B,Android
7390,view,2023-01-20 13:27:56,A,iOS
4285,registration,2023-01-20 13:18:37,B,Android
5041,purchase,2023-01-20 20:16:16,B,Android
8678,view,2023-01-20 16:21:07,A,iOS
5379,click,2023-01-20 09:51:58,B,Android
7430,view,2023-01-20 20:02:13,A,Android
224,registration,2023-01-20 16:56:12,A,iOS
6838,view,2023-01-20 05:04:54,A,iOS
8081,click,2023-01-20 13:03:19,A,Android
1078,click,2023-01-20 13:10:55,A,iOS
1367,click,2023-01-20 12:42:58,B,iOS
5955,view,2023-01-20 18:32:16,A,Android
7518,click,2023-01-20 09:00:26,A,Android
7273,view,2023-01-20 22:52:44,B,Android
8077,view,2023-01-20 20:43:37,B,Android
1130,click,2023-01-20 18:23:32,B,iOS
8019,registration,2023-01-20 02:44:43,A,iOS
9072,view,2023-01-20 14:59:07,B,iOS
3964,purchase,2023-01-20 10:28:14,A,iOS
4960,click,2023-01-20 00:53:41,B,iOS
1397,view,2023-01-20 00:30:52,A,Android
4759,registration,2023-01-20 17:53:42,A,Android
5233,view,2023-01-20 06:38:15,A,iOS
5515,click,2023-01-20 22:05:38,A,iOS
7672,view,2023-01-20 17:53:49,B,Android
8889,click,2023-01-20 17:48:20,B,iOS
3882,registration,2023-01-20 09:12:41,B,iOS
6246,click,2023-01-20 04:28:00,A,iOS
593,click,2023-01-20 16:31:49,A,Android
5447,purchase,2023-01-20 08:50:30,B,Android
5321,registration,2023-01-20 14:52:31,B,iOS
8493,view,2023-01-20 06:16:53,B,Android
8764,view,2023-01-20 18:36:37,B,iOS
9508,click,2023-01-20 12:40:58,B,iOS
4515,view,2023-01-20 01:59:34,B,iOS
1988,view,2023-01-20 05:45:27,B,iOS
1295,registration,2023-01-20 12:37:27,B,iOS
3032,click,2023-01-20 11:35:59,A,iOS
3064,click,2023-01-20 14:50:09,B,Android
2606,click,2023-01-20 13:54:11,A,Android
4277,click,2023-01-20 19:41:00,B,iOS
7858,view,2023-01-20 23:21:46,A,Android
7122,view,2023-01-20 03:16:01,B,Android
876,registration,2023-01-20 09:58:09,A,Android
2413,click,2023-01-20 13:01:01,B,iOS
2516,click,2023-01-20 04:24:22,B,iOS
9431,click,2023-01-20 22:00:15,A,iOS
2228,click,2023-01-20 15:12:36,B,Android
1827,view,2023-01-20 05:31:50,B,Android
3545,view,2023-01-20 15:04:45,A,Android
9532,view,2023-01-20 05:05:40,B,Android
6122,view,2023-01-20 17:29:39,A,iOS
7907,click,2023-01-20 09:51:37,A,Android
9869,click,2023-01-20 12:17:46,B,iOS
5565,registration,2023-01-20 17:11:28,B,iOS
2932,click,2023-01-20 07:59:34,A,iOS
5409,view,2023-01-20 13:10:17,A,iOS
2503,view,2023-01-20 20:06:23,B,Android
5542,click,2023-01-20 01:27:09,B,iOS
450,click,2023-01-20 19:21:12,A,iOS
1296,registration,2023-01-20 13:55:34,B,Android
8341,view,2023-01-20 17:43:26,A,Android
1186,click,2023-01-20 14:11:44,B,Android
1808,click,2023-01-20 12:12:57,B,iOS
6867,view,2023-01-20 01:41:07,A,iOS
1402,purchase,2023-01-20 18:59:58,B,iOS
8598,view,2023-01-20 07:10:37,A,iOS
3713,view,2023-01-20 03:26:27,B,Android
8375,registration,2023-01-20 08:31:34,B,Android
5907,registration,2023-01-20 19:23:02,A,iOS
7508,view,2023-01-20 20:04:30,A,iOS
8873,click,2023-01-20 08:03:50,B,iOS
3730,click,2023-01-20 21:42:42,B,iOS
1816,registration,2023-01-20 09:49:54,B,Android
2193,purchase,2023-01-20 15:44:36,A,Android
6116,view,2023-01-20 08:34:38,A,Android
57,view,2023-01-20 20:11:28,B,Android
5308,view,2023-01-20 15:36:46,A,iOS
8474,registration,2023-01-20 21:10:05,B,iOS
5506,click,2023-01-20 01:44:35,B,Android
56,view,2023-01-20 17:17:57,A,Android
2789,view,2023-01-20 08:58:57,A,iOS
66,click,2023-01-20 12:59:47,B,iOS
1506,click,2023-01-20 23:36:40,A,Android
855,view,2023-01-20 23:47:20,A,iOS
4939,click,2023-01-20 06:45:20,B,Android
25,click,2023-01-20 04:41:31,B,Android
2541,view,2023-01-20 18:15:27,A,iOS
5224,purchase,2023-01-20 22:21:40,B,Android
6924,view,2023-01-20 21:15:51,B,iOS
4081,view,2023-01-20 21:03:06,B,iOS
6035,purchase,2023-01-20 19:56:15,A,Android
6066,purchase,2023-01-20 01:04:10,B,Android
4933,view,2023-01-20 07:16:36,A,iOS
5562,click,2023-01-20 16:26:42,A,iOS
7426,registration,2023-01-20 16:09:24,B,iOS
1835,purchase,2023-01-20 14:02:24,B,Android
5804,click,2023-01-20 07:46:40,B,Android
9168,view,2023-01-20 22:39:29,A,iOS
8461,click,2023-01-20 03:12:27,B,Android
3269,registration,2023-01-20 18:51:02,B,iOS
8510,registration,2023-01-20 18:11:53,B,Android
3750,click,2023-01-20 02:15:53,B,iOS
9577,click,2023-01-20 18:47:40,A,iOS
9051,purchase,2023-01-20 17:30:05,B,Android
9550,registration,2023-01-20 21:11:50,A,iOS
7871,registration,2023-01-20 01:41:47,B,Android
4288,click,2023-01-20 13:39:09,A,Android
426,click,2023-01-20 22:18:38,B,Android
9414,view,2023-01-20 00:25:51,A,iOS
8995,click,2023-01-20 03:56:17,A,Android
4817,registration,2023-01-20 19:12:40,A,Android
3259,view,2023-01-20 22:30:53,B,Android
3468,registration,2023-01-20 00:29:45,B,iOS
9926,view,2023-01-20 06:59:40,B,Android
4320,registration,2023-01-20 08:03:36,B,iOS
8475,click,2023-01-20 11:04:22,A,iOS
6525,view,2023-01-20 23:07:16,A,Android
4559,view,2023-01-20 03:16:08,A,iOS
2327,registration,2023-01-20 20:01:18,A,iOS
742,click,2023-01-20 20:34:01,A,Android
3110,click,2023-01-20 08:10:43,A,Android
8387,view,2023-01-20 13:29:05,B,iOS
4585,click,2023-01-20 16:59:28,B,Android
6757,registration,2023-01-20 07:34:40,B,Android
801,registration,2023-01-20 15:48:25,B,Android
2744,view,2023-01-20 03:20:11,B,iOS
7354,registration,2023-01-20 21:41:08,A,Android
8158,click,2023-01-20 04:29:18,B,Android
8633,click,2023-01-20 01:42:39,A,Android
5811,registration,2023-01-20 21:16:42,B,Android
7385,purchase,2023-01-20 07:12:53,B,Android
7714,click,2023-01-20 09:43:11,A,Android
9808,click,2023-01-20 13:49:53,B,Android
2365,purchase,2023-01-20 22:54:03,B,iOS
6216,click,2023-01-20 10:11:54,A,iOS
8339,registration,2023-01-20 06:28:41,B,Android
4997,view,2023-01-20 21:41:19,B,Android
1596,registration,2023-01-20 01:30:24,A,iOS
5434,purchase,2023-01-20 10:15:43,B,Android
8706,view,2023-01-20 01:24:34,A,iOS
7135,view,2023-01-20 00:06:45,B,Android
4569,purchase,2023-01-20 16:58:26,A,iOS
3960,click,2023-01-20 14:22:31,A,iOS
1101,view,2023-01-20 08:54:52,A,Android
2597,click,2023-01-20 02:50:22,B,Android
7948,click,2023-01-20 09:02:57,A,iOS
8612,view,2023-01-20 03:15:53,A,Android
5399,view,2023-01-20 10:49:42,B,iOS
8011,view,2023-01-20 16:06:09,B,iOS
3171,click,2023-01-20 09:11:19,B,iOS
5349,click,2023-01-20 05:20:39,A,Android
2649,click,2023-01-20 11:01:04,B,iOS
7480,view,2023-01-20 11:50:07,A,iOS
103,purchase,2023-01-20 01:59:55,B,iOS
8779,view,2023-01-20 01:15:24,B,Android
4593,registration,2023-01-20 09:55:40,A,iOS
777,view,2023-01-20 08:06:22,A,Android
1929,click,2023-01-20 04:10:12,B,iOS
9555,click,2023-01-20 17:17:00,B,Android
5537,registration,2023-01-20 02:57:16,B,iOS
699,purchase,2023-01-20 18:28:11,A,Android
7726,purchase,2023-01-20 05:13:51,A,Android
1607,click,2023-01-20 22:23:57,A,iOS
9297,click,2023-01-20 23:21:02,B,Android
646,view,2023-01-20 16:34:31,A,iOS
9704,view,2023-01-20 23:45:34,B,Android
2520,view,2023-01-20 04:32:55,B,Android
7542,registration,2023-01-20 15:36:58,A,Android
4963,view,2023-01-20 14:24:03,A,Android
1435,click,2023-01-20 16:42:48,A,Android
3816,view,2023-01-20 02:57:52,B,Android
703,click,2023-01-20 06:47:24,A,Android
5990,view,2023-01-20 02:23:42,A,iOS
558,view,2023-01-20 19:29:32,B,Android
6352,view,2023-01-20 01:58:56,B,Android
2499,click,2023-01-20 05:58:38,B,iOS
5618,registration,2023-01-20 00:35:17,A,iOS
8368,registration,2023-01-20 12:59:31,A,iOS
2314,purchase,2023-01-20 06:51:58,B,Android
4451,view,2023-01-20 13:10:35,A,Android
720,view,2023-01-20 03:57:35,B,iOS
775,registration,2023-01-20 23:40:36,A,Android
7624,click,2023-01-20 03:49:49,B,Android
6044,purchase,2023-01-20 12:10:11,A,Android
1510,registration,2023-01-20 10:46:22,B,Android
1757,view,2023-01-20 00:39:21,A,Android
4890,click,2023-01-20 05:05:23,A,Android
5223,view,2023-01-20 02:03:26,B,iOS
806,click,2023-01-20 17:09:05,B,Android
236,registration,2023-01-20 15:52:13,A,iOS
7392,click,2023-01-20 13:31:46,B,Android
1988,registration,2023-01-20 11:04:42,B,iOS
2816,click,2023-01-20 04:51:21,A,iOS
7779,click,2023-01-20 10:24:58,A,iOS
7440,registration,2023-01-20 18:02:18,B,iOS
3862,view,2023-01-20 15:11:37,A,iOS
6695,view,2023-01-20 07:40:59,B,iOS
3663,registration,2023-01-20 16:55:12,B,Android
2585,purchase,2023-01-20 19:08:46,A,Android
2763,click,2023-01-20 11:29:11,B,iOS
9842,purchase,2023-01-20 09:17:49,B,iOS
5365,purchase,2023-01-20 15:47:13,B,iOS
892,click,2023-01-20 05:48:58,A,Android
7771,view,2023-01-20 04:00:50,B,iOS
2339,click,2023-01-20 17:41:24,A,Android
1741,click,2023-01-20 00:15:06,A,Android
6988,click,2023-01-20 19:08:19,B,iOS
4238,click,2023-01-20 13:30:35,A,Android
2095,view,2023-01-20 01:24:30,A,Android
3534,click,2023-01-20 23:16:01,B,Android
5591,view,2023-01-20 21:52:11,B,iOS
9596,click,2023-01-20 07:27:04,B,iOS
4749,view,2023-01-20 08:59:10,B,iOS
6342,click,2023-01-20 20:26:02,A,Android
6521,registration,2023-01-20 07:37:38,A,iOS
4527,view,2023-01-20 16:43:33,B,iOS
8722,click,2023-01-20 21:05:51,A,Android
8924,registration,2023-01-20 00:30:22,A,Android
9452,click,2023-01-20 21:38:21,A,Android
9543,view,2023-01-20 20:37:30,A,iOS
5724,click,2023-01-20 18:05:38,B,iOS
6651,click,2023-01-20 19:30:26,A,iOS
621,view,2023-01-20 06:03:09,A,iOS
8630,view,2023-01-20 00:37:24,A,iOS
5183,view,2023-01-20 17:33:56,B,iOS
3252,purchase,2023-01-20 06:50:43,A,Android
9133,click,2023-01-20 17:19:54,A,iOS
9044,click,2023-01-20 22:10:01,B,iOS
7499,view,2023-01-20 08:55:02,B,iOS
7177,click,2023-01-20 23:17:12,B,Android
446,click,2023-01-20 09:58:39,B,iOS
1159,registration,2023-01-20 22:13:02,A,iOS
4512,registration,2023-01-20 23:50:28,A,Android
9984,view,2023-01-20 19:23:04,A,iOS
6434,purchase,2023-01-20 20:45:49,A,Android
4002,click,2023-01-20 14:54:59,B,Android
6197,click,2023-01-20 07:56:01,A,iOS
2101,click,2023-01-20 04:40:24,A,iOS
5993,view,2023-01-20 12:45:37,B,Android
3681,click,2023-01-20 05:38:37,B,Android
5803,click,2023-01-20 02:56:02,B,iOS
5570,click,2023-01-20 17:19:02,A,iOS
4823,registration,2023-01-20 20:47:31,A,Android
8481,click,2023-01-20 23:03:11,B,iOS
2433,click,2023-01-20 03:47:53,A,iOS
8424,view,2023-01-20 07:58:15,A,iOS
8677,registration,2023-01-20 09:43:45,A,Android
6538,purchase,2023-01-20 16:14:41,A,Android
5427,view,2023-01-20 11:56:11,B,Android
8510,view,2023-01-20 01:09:02,B,Android
95,view,2023-01-20 01:22:07,B,Android
2092,click,2023-01-20 00:10:58,A,iOS
1196,registration,2023-01-20 06:42:05,B,iOS
6527,view,2023-01-20 00:49:23,B,Android
6018,click,2023-01-20 02:50:46,B,Android
8111,registration,2023-01-20 03:51:00,A,iOS
1469,view,2023-01-20 15:24:52,B,Android
2974,click,2023-01-20 07:17:22,A,Android
6559,registration,2023-01-20 01:49:23,B,iOS
8431,click,2023-01-20 17:53:53,A,iOS
5762,registration,2023-01-20 08:25:23,A,Android
3602,view,2023-01-20 07:16:29,B,iOS
484,view,2023-01-20 11:43:09,B,iOS
9910,purchase,2023-01-20 11:09:34,A,iOS
7662,purchase,2023-01-20 02:35:50,A,Android
5110,view,2023-01-20 07:16:31,B,Android
9793,registration,2023-01-20 10:20:06,A,iOS
5253,registration,2023-01-20 23:40:11,A,Android
1799,click,2023-01-20 08:21:10,A,Android
5548,registration,2023-01-20 11:56:26,B,Android
182,registration,2023-01-20 04:11:25,B,iOS
4334,registration,2023-01-20 17:26:05,A,Android
570,view,2023-01-20 15:40:53,A,iOS
4840,view,2023-01-20 11:07:15,B,Android
6713,click,2023-01-20 21:26:15,B,iOS
3007,view,2023-01-20 19:27:35,B,iOS
8951,registration,2023-01-20 23:45:04,A,iOS
845,view,2023-01-20 10:48:11,A,iOS
5558,purchase,2023-01-20 04:23:40,B,iOS
1699,registration,2023-01-20 01:40:55,A,Android
5229,registration,2023-01-20 09:16:56,A,Android
2432,registration,2023-01-20 15:14:25,B,Android
7444,click,2023-01-20 02:46:02,A,iOS
6546,click,2023-01-20 11:04:34,B,Android
8451,click,2023-01-20 07:40:28,B,Android
535,registration,2023-01-20 04:01:08,B,Android
9066,click,2023-01-20 03:58:31,B,Android
7434,view,2023-01-20 20:37:05,A,Android
2190,click,2023-01-20 19:35:34,B,iOS
6534,registration,2023-01-20 20:49:31,B,iOS
5241,registration,2023-01-20 11:18:08,A,Android
7813,click,2023-01-20 12:47:20,A,iOS
5273,view,2023-01-20 17:43:49,B,Android
287,click,2023-01-20 01:22:55,B,iOS
8423,view,2023-01-20 21:04:34,B,iOS
5032,view,2023-01-20 19:59:09,A,Android
8662,purchase,2023-01-20 20:09:11,A,Android
2240,click,2023-01-20 09:06:34,B,Android
6139,click,2023-01-20 23:17:10,A,iOS
5190,click,2023-01-20 13:19:14,B,Android
2356,registration,2023-01-20 14:55:58,B,iOS
6246,click,2023-01-20 21:34:48,A,iOS
9712,click,2023-01-20 14:40:51,B,iOS
5429,purchase,2023-01-20 04:04:47,B,Android
9239,view,2023-01-20 23:45:21,A,Android
6699,view,2023-01-20 08:20:19,A,Android
593,view,2023-01-20 14:33:27,A,Android
7697,click,2023-01-20 07:04:48,B,iOS
3690,click,2023-01-20 16:13:55,B,iOS
5863,view,2023-01-20 04:25:34,A,Android
9363,purchase,2023-01-20 12:27:53,A,Android
7665,click,2023-01-20 09:58:31,A,Android
3618,view,2023-01-20 13:32:48,A,iOS
5507,click,2023-01-20 08:57:31,B,Android
7195,view,2023-01-20 18:04:30,B,iOS
7933,view,2023-01-20 05:18:41,A,Android
7707,registration,2023-01-20 14:02:34,B,iOS
7578,view,2023-01-20 05:54:45,A,iOS
180,purchase,2023-01-20 00:01:11,B,Android
7248,registration,2023-01-20 13:24:21,A,Android
9538,click,2023-01-20 05:41:10,B,Android
5321,registration,2023-01-20 05:41:53,B,iOS
1537,click,2023-01-20 13:00:25,B,iOS
7381,click,2023-01-20 13:54:59,B,iOS
3073,purchase,2023-01-20 16:23:16,A,iOS
1670,registration,2023-01-20 16:58:34,B,iOS
3018,click,2023-01-20 18:19:10,A,Android
9505,click,2023-01-20 01:16:49,A,iOS
6581,purchase,2023-01-20 15:12:39,A,iOS
9704,registration,2023-01-20 23:02:45,B,Android
952,view,2023-01-20 14:33:58,B,Android
5054,view,2023-01-20 09:05:51,B,Android
5127,view,2023-01-20 15:58:51,A,Android
5442,click,2023-01-20 11:21:37,A,iOS
8943,purchase,2023-01-20 23:54:38,A,Android
287,registration,2023-01-20 05:39:18,B,iOS
5814,view,2023-01-20 07:00:44,A,iOS
2217,click,2023-01-20 08:29:21,B,iOS
7093,click,2023-01-20 12:43:46,A,Android
4267,view,2023-01-20 05:29:38,B,Android
4218,click,2023-01-20 05:17:30,A,Android
7470,registration,2023-01-20 10:38:30,B,iOS
5138,click,2023-01-20 21:46:12,A,iOS
3555,registration,2023-01-20 23:29:55,B,Android
3954,registration,2023-01-20 22:07:23,B,Android
9291,click,2023-01-20 19:35:42,B,iOS
2599,click,2023-01-20 06:38:16,B,iOS
21,click,2023-01-20 13:48:21,A,iOS
8085,registration,2023-01-20 01:23:54,A,iOS
2455,view,2023-01-20 16:55:05,B,Android
7465,click,2023-01-20 20:11:14,B,Android
2597,click,2023-01-20 20:27:48,B,Android
6268,view,2023-01-20 18:55:04,A,Android
1285,view,2023-01-20 10:45:09,A,iOS
3002,purchase,2023-01-20 13:52:33,B,Android
5436,click,2023-01-20 11:10:01,B,Android
6529,view,2023-01-20 00:44:26,B,Android
454,registration,2023-01-20 09:33:09,B,Android
4600,purchase,2023-01-20 08:23:40,B,Android
916,purchase,2023-01-20 02:58:44,B,iOS
7800,purchase,2023-01-20 10:48:41,A,iOS
6051,view,2023-01-20 13:57:04,B,Android
642,purchase,2023-01-20 02:06:06,A,iOS
9406,view,2023-01-20 21:49:59,A,Android
8067,view,2023-01-20 22:56:33,A,iOS
4700,registration,2023-01-20 06:05:26,B,Android
9967,view,2023-01-20 16:45:37,B,iOS
3007,click,2023-01-20 21:09:45,B,iOS
4632,click,2023-01-20 15:08:57,A,Android
5422,view,2023-01-20 19:47:44,A,Android
9009,purchase,2023-01-20 02:11:14,A,iOS
528,view,2023-01-20 00:21:11,B,iOS
2268,view,2023-01-20 14:47:25,A,Android
1002,view,2023-01-20 09:03:40,B,iOS
6447,click,2023-01-20 07:27:53,B,Android
2900,purchase,2023-01-20 18:34:28,A,Android
11,view,2023-01-20 02:45:58,B,iOS
4251,click,2023-01-20 18:00:51,B,Android
4085,purchase,2023-01-20 21:38:45,A,iOS
1205,view,2023-01-20 03:09:54,B,Android
7642,click,2023-01-20 22:23:31,A,Android
4223,view,2023-01-20 20:28:57,B,iOS
6502,purchase,2023-01-20 11:01:00,A,iOS
5541,view,2023-01-20 15:58:30,A,iOS
9331,click,2023-01-20 02:48:32,A,iOS
7482,click,2023-01-20 19:16:59,B,iOS
1182,click,2023-01-20 15:24:21,B,iOS
614,view,2023-01-20 15:47:26,B,iOS
4895,click,2023-01-20 11:16:46,B,Android
9653,view,2023-01-20 11:24:30,A,Android
7429,purchase,2023-01-20 01:01:53,A,iOS
4582,purchase,2023-01-20 07:58:31,A,iOS
7451,view,2023-01-20 04:58:21,B,iOS
6901,view,2023-01-20 16:32:51,A,Android
9937,click,2023-01-20 23:39:06,A,Android
5059,click,2023-01-20 04:32:04,A,Android
5895,click,2023-01-20 21:21:53,A,Android
8915,registration,2023-01-20 10:59:30,A,iOS
3504,registration,2023-01-20 09:54:07,A,Android
6212,purchase,2023-01-20 00:24:40,B,Android
6603,click,2023-01-20 07:45:05,A,iOS
8097,registration,2023-01-20 15:32:21,A,Android
6194,registration,2023-01-20 06:39:12,B,iOS
702,view,2023-01-20 08:13:09,B,iOS
3369,view,2023-01-20 22:21:53,B,iOS
8760,registration,2023-01-20 11:57:44,B,Android
4989,click,2023-01-20 06:35:28,A,iOS
5053,view,2023-01-20 00:31:33,A,iOS
1543,click,2023-01-20 06:36:43,A,iOS
9050,view,2023-01-20 09:11:49,A,iOS
5198,click,2023-01-20 12:20:02,A,iOS
4182,registration,2023-01-20 11:03:43,A,iOS
7659,click,2023-01-20 16:59:27,B,iOS
3493,registration,2023-01-20 13:38:39,A,iOS
1202,registration,2023-01-20 15:17:40,A,iOS
5569,registration,2023-01-20 03:53:36,A,Android
5477,click,2023-01-20 07:21:56,A,iOS
5457,view,2023-01-20 14:15:46,B,iOS
7909,view,2023-01-20 13:01:43,B,iOS
566,view,2023-01-20 06:43:09,B,iOS
7279,click,2023-01-20 23:20:20,A,iOS
7684,purchase,2023-01-20 07:15:32,B,iOS
5006,registration,2023-01-20 21:24:12,A,iOS
3934,view,2023-01-20 16:57:57,B,Android
22,click,2023-01-20 18:05:38,A,Android
7665,click,2023-01-20 17:47:57,A,Android
109,view,2023-01-20 08:15:14,A,Android
9583,click,2023-01-20 18:03:28,B,iOS
5155,purchase,2023-01-20 07:54:27,B,iOS
3368,registration,2023-01-20 22:57:22,B,iOS
1785,click,2023-01-20 23:09:35,A,iOS
6777,click,2023-01-20 14:08:04,A,iOS
8871,click,2023-01-20 05:03:18,B,Android
6310,view,2023-01-20 12:52:34,B,iOS
8163,view,2023-01-20 03:45:16,A,Android
5456,click,2023-01-20 03:22:49,B,Android
6457,view,2023-01-20 13:02:25,B,iOS
4881,view,2023-01-20 02:50:30,A,Android
6877,registration,2023-01-20 15:07:44,A,Android
6331,click,2023-01-20 04:57:08,A,iOS
6594,registration,2023-01-20 16:50:26,B,iOS
137,view,2023-01-20 06:00:33,A,Android
2835,view,2023-01-20 00:24:50,B,Android
9289,registration,2023-01-20 15:52:23,B,Android
10000,click,2023-01-20 06:05:10,A,Android
3511,view,2023-01-20 15:13:43,A,iOS
7134,click,2023-01-20 04:12:49,A,iOS
1370,click,2023-01-20 13:26:50,A,iOS
9313,click,2023-01-20 10:05:39,B,iOS
5233,purchase,2023-01-20 12:19:57,A,iOS
1656,purchase,2023-01-20 04:38:23,B,Android
3100,purchase,2023-01-20 06:53:38,A,iOS
3861,click,2023-01-20 11:06:41,B,Android
6784,view,2023-01-20 10:39:49,B,iOS
2186,registration,2023-01-20 13:06:17,B,Android
8104,click,2023-01-20 19:36:28,B,Android
9489,purchase,2023-01-20 07:04:13,B,Android
7568,click,2023-01-20 13:46:35,B,Android
2935,purchase,2023-01-20 14:06:33,A,Android
9063,click,2023-01-20 08:48:09,B,Android
107,purchase,2023-01-20 15:18:16,B,iOS
4276,purchase,2023-01-20 09:19:52,B,iOS
132,click,2023-01-20 22:12:00,A,Android
7229,view,2023-01-20 20:12:47,B,Android
8608,click,2023-01-20 00:01:58,A,iOS
2422,view,2023-01-20 16:24:28,B,iOS
4016,view,2023-01-20 02:59:36,A,iOS
5409,registration,2023-01-20 01:10:01,A,iOS
2657,view,2023-01-20 11:05:51,B,iOS
4710,view,2023-01-20 04:23:12,B,iOS
8987,view,2023-01-20 05:58:44,A,iOS
7819,click,2023-01-20 22:24:26,A,Android
2273,purchase,2023-01-20 11:49:04,B,Android
531,view,2023-01-20 11:27:30,B,Android
3691,click,2023-01-20 15:12:50,A,Android
9816,view,2023-01-20 19:35:11,A,Android
2139,click,2023-01-20 16:23:32,A,iOS
5144,click,2023-01-20 19:37:47,B,iOS
373,purchase,2023-01-20 10:11:18,B,Android
8521,view,2023-01-20 09:18:48,A,iOS
8565,view,2023-01-20 18:09:49,A,Android
9741,purchase,2023-01-20 07:05:14,A,iOS
9816,registration,2023-01-20 01:55:19,A,Android
3646,purchase,2023-01-20 22:36:47,A,iOS
5949,view,2023-01-20 21:26:42,B,iOS
5268,view,2023-01-20 23:58:51,B,Android
848,view,2023-01-20 12:32:24,A,Android
4692,click,2023-01-20 16:17:42,B,Android
7471,view,2023-01-20 23:04:19,B,iOS
340,click,2023-01-20 14:00:15,A,Android
5043,click,2023-01-20 15:53:22,A,Android
9091,view,2023-01-20 13:56:23,B,iOS
7410,view,2023-01-20 16:05:53,B,iOS
1069,registration,2023-01-20 01:38:41,A,Android
4729,view,2023-01-20 10:10:47,A,Android
1577,registration,2023-01-20 14:29:07,B,Android
2565,view,2023-01-20 17:55:46,A,Android
2723,click,2023-01-20 01:21:20,A,iOS
4217,view,2023-01-20 05:19:47,B,iOS
8238,registration,2023-01-20 06:36:26,A,iOS
2107,purchase,2023-01-20 09:45:47,A,Android
5950,registration,2023-01-20 22:21:53,B,iOS
2538,purchase,2023-01-20 08:17:18,B,iOS
5416,view,2023-01-20 05:23:58,B,iOS
1800,registration,2023-01-20 11:15:44,A,iOS
3657,click,2023-01-20 09:27:37,A,iOS
6556,click,2023-01-20 12:37:50,B,iOS
1455,click,2023-01-20 10:38:46,A,iOS
2501,view,2023-01-20 14:38:48,B,iOS
4272,purchase,2023-01-20 02:32:25,B,iOS
9919,registration,2023-01-20 07:20:47,B,Android
5168,registration,2023-01-20 18:29:21,A,iOS
4906,view,2023-01-20 23:47:16,B,Android
1116,click,2023-01-20 19:02:52,A,iOS
775,view,2023-01-20 23:46:13,A,Android
3664,click,2023-01-20 05:25:17,B,iOS
705,click,2023-01-20 01:19:48,B,Android
2103,registration,2023-01-20 16:43:29,B,Android
2712,click,2023-01-20 19:28:03,B,Android
2576,registration,2023-01-20 21:30:44,A,iOS
658,registration,2023-01-20 16:56:31,A,iOS
6522,view,2023-01-20 18:01:37,B,Android
4914,view,2023-01-20 22:38:58,B,iOS
7922,registration,2023-01-20 21:49:29,B,iOS
5405,click,2023-01-20 23:45:48,A,Android
4868,click,2023-01-20 08:12:39,B,Android
1851,click,2023-01-20 08:07:37,B,Android
2411,purchase,2023-01-20 23:24:58,A,Android
2594,click,2023-01-20 09:55:35,B,Android
5442,view,2023-01-20 05:36:09,A,iOS
4442,view,2023-01-20 08:34:21,A,iOS
9485,view,2023-01-20 16:25:04,A,iOS
6417,click,2023-01-20 19:14:16,A,iOS
8331,purchase,2023-01-20 14:32:05,A,iOS
9022,click,2023-01-20 14:06:08,A,Android
2802,purchase,2023-01-20 10:09:50,B,iOS
4473,registration,2023-01-20 21:56:36,B,Android
803,view,2023-01-20 12:35:57,A,Android
5643,view,2023-01-20 11:45:10,B,iOS
3929,view,2023-01-20 23:16:58,A,iOS
230,registration,2023-01-20 17:28:25,A,iOS
1288,registration,2023-01-20 03:16:19,B,Android
1841,view,2023-01-20 14:49:39,B,iOS
9264,view,2023-01-20 14:55:45,B,iOS
8754,click,2023-01-20 06:55:57,A,Android
4631,click,2023-01-20 01:56:37,B,iOS
4607,click,2023-01-20 12:17:19,B,iOS
7201,click,2023-01-20 05:01:02,B,iOS
132,registration,2023-01-20 20:24:09,A,Android
5366,click,2023-01-20 11:31:22,A,iOS
8726,registration,2023-01-20 08:10:30,B,iOS
4486,registration,2023-01-20 02:12:19,B,Android
3653,click,2023-01-20 16:21:23,B,Android
2307,view,2023-01-20 12:06:33,A,Android
9440,view,2023-01-20 07:09:16,B,Android
4568,view,2023-01-20 05:26:45,B,Android
5384,purchase,2023-01-20 11:14:05,B,Android
1809,registration,2023-01-20 19:37:50,A,Android
1011,view,2023-01-20 03:47:23,A,iOS
8153,view,2023-01-20 04:03:28,A,iOS
2127,click,2023-01-20 11:11:01,B,iOS
5105,view,2023-01-20 17:42:21,A,iOS
2489,registration,2023-01-20 03:50:38,B,Android
6832,registration,2023-01-20 12:26:15,B,iOS
9040,click,2023-01-20 20:55:33,B,iOS
1510,click,2023-01-20 12:16:56,B,Android
1639,view,2023-01-20 06:28:32,A,Android
3834,click,2023-01-20 17:49:13,B,Android
4311,registration,2023-01-20 14:02:52,B,Android
3683,purchase,2023-01-20 07:12:48,B,iOS
9894,view,2023-01-20 03:16:03,B,Android
1135,view,2023-01-20 09:46:08,A,iOS
5946,click,2023-01-20 22:10:15,A,iOS
2279,registration,2023-01-20 04:05:40,A,Android
4879,purchase,2023-01-20 10:47:31,A,Android
3543,click,2023-01-20 01:09:01,B,iOS
586,purchase,2023-01-20 07:07:11,A,Android
4920,view,2023-01-20 00:20:22,A,Android
4282,purchase,2023-01-20 11:32:24,B,Android
3152,click,2023-01-20 03:48:37,A,Android
9135,view,2023-01-20 20:21:03,A,iOS
1452,click,2023-01-20 11:29:27,A,Android
7952,purchase,2023-01-20 23:33:20,A,iOS
3301,click,2023-01-20 22:25:20,B,iOS
4529,click,2023-01-20 12:21:45,B,Android
1349,click,2023-01-20 04:03:58,B,iOS
8760,click,2023-01-20 02:03:07,B,Android
1022,click,2023-01-20 18:53:12,A,Android
2555,click,2023-01-20 16:49:30,A,iOS
3052,purchase,2023-01-20 06:42:51,A,iOS
3035,click,2023-01-20 02:06:02,A,iOS
6068,registration,2023-01-20 11:57:24,B,Android
2725,view,2023-01-20 07:05:41,B,iOS
5796,registration,2023-01-20 19:11:39,B,iOS
5196,registration,2023-01-20 02:41:03,A,iOS
6371,click,2023-01-20 19:30:41,A,Android
1664,registration,2023-01-20 00:59:48,A,iOS
2049,click,2023-01-20 23:21:27,A,iOS
1559,view,2023-01-20 22:47:47,A,Android
8506,click,2023-01-20 09:52:11,A,iOS
9658,registration,2023-01-20 05:53:33,B,iOS
6909,click,2023-01-20 05:35:03,A,iOS
8166,click,2023-01-20 06:30:40,B,Android
9593,purchase,2023-01-20 07:06:01,B,iOS
2380,click,2023-01-20 11:39:15,B,iOS
3618,purchase,2023-01-20 06:26:04,A,iOS
3040,view,2023-01-20 01:54:22,A,iOS
8158,registration,2023-01-20 17:45:25,B,Android
9431,click,2023-01-20 08:30:16,A,iOS
9591,registration,2023-01-20 18:26:18,A,Android
6708,purchase,2023-01-20 22:08:15,B,iOS
9520,view,2023-01-20 06:21:48,A,Android
925,view,2023-01-20 21:06:24,B,iOS
9398,view,2023-01-20 12:35:30,B,Android
3107,purchase,2023-01-20 09:08:29,A,iOS
7263,view,2023-01-20 15:21:27,A,iOS
3232,click,2023-01-20 22:07:21,A,Android
5942,click,2023-01-20 14:28:44,A,Android
4447,registration,2023-01-20 11:50:46,A,iOS
3564,click,2023-01-20 09:36:03,A,iOS
1223,view,2023-01-20 07:40:29,A,iOS
6535,view,2023-01-20 21:04:30,B,iOS
3235,registration,2023-01-20 20:34:41,B,iOS
9822,view,2023-01-20 04:13:21,B,Android
2538,click,2023-01-20 07:30:05,B,iOS
8617,click,2023-01-20 22:56:31,B,Android
7080,click,2023-01-20 04:21:43,B,Android
4465,click,2023-01-20 21:10:42,A,iOS
5091,purchase,2023-01-20 11:11:50,B,iOS
9679,click,2023-01-20 15:17:12,B,iOS
9854,click,2023-01-20 13:33:44,B,iOS
8348,click,2023-01-20 21:19:57,B,Android
4615,click,2023-01-20 01:17:37,A,iOS
5785,click,2023-01-20 21:41:31,B,iOS
510,view,2023-01-20 07:29:52,B,Android
1095,registration,2023-01-20 08:43:14,B,Android
8390,registration,2023-01-20 10:15:35,B,Android
1425,view,2023-01-20 08:47:30,A,Android
9114,click,2023-01-20 14:36:32,A,iOS
7930,registration,2023-01-20 19:23:10,B,iOS
5933,click,2023-01-20 23:06:08,B,Android
181,purchase,2023-01-20 10:56:11,B,iOS
4942,view,2023-01-20 11:52:30,A,Android
3159,registration,2023-01-20 18:39:25,B,iOS
2261,registration,2023-01-20 07:00:14,B,iOS
8619,registration,2023-01-20 02:04:11,B,iOS
7294,registration,2023-01-20 19:28:58,B,iOS
8393,view,2023-01-20 10:23:54,B,Android
7457,click,2023-01-20 21:52:36,A,Android
6901,registration,2023-01-20 17:01:05,A,Android
2265,purchase,2023-01-20 04:46:06,B,iOS
7434,registration,2023-01-20 14:06:17,A,Android
5638,view,2023-01-20 05:01:37,B,iOS
3911,click,2023-01-20 01:41:05,A,Android
2071,view,2023-01-20 17:14:16,A,iOS
246,view,2023-01-20 15:39:38,A,Android
7104,view,2023-01-20 18:47:17,B,iOS
5583,click,2023-01-20 22:28:04,B,iOS
1957,click,2023-01-20 09:50:39,B,iOS
3542,view,2023-01-20 17:21:21,A,iOS
3653,click,2023-01-20 02:50:40,B,Android
3883,purchase,2023-01-20 13:34:51,A,iOS
278,view,2023-01-20 09:48:20,B,iOS
9810,registration,2023-01-20 16:56:20,B,iOS
6498,view,2023-01-20 00:59:29,A,iOS
9765,purchase,2023-01-20 21:14:02,B,iOS
668,click,2023-01-20 00:58:22,A,Android
7293,click,2023-01-20 22:15:59,B,iOS
324,click,2023-01-20 15:27:59,A,Android
3597,click,2023-01-20 14:16:46,B,iOS
5157,registration,2023-01-20 09:33:16,B,iOS
5287,click,2023-01-20 14:25:16,A,Android
2202,click,2023-01-20 09:08:53,A,Android
8818,click,2023-01-20 15:17:29,B,Android
5015,view,2023-01-20 01:42:03,B,Android
1153,registration,2023-01-20 05:38:07,B,Android
8059,click,2023-01-20 03:47:40,B,Android
7572,view,2023-01-20 20:04:46,A,iOS
1106,click,2023-01-20 12:10:56,A,iOS
5096,click,2023-01-20 07:21:04,A,iOS
8072,click,2023-01-20 21:23:48,B,Android
7326,click,2023-01-20 07:07:05,B,iOS
2892,registration,2023-01-20 23:00:30,B,Android
7463,click,2023-01-20 20:42:06,B,iOS
7060,registration,2023-01-20 19:03:44,A,Android
7689,view,2023-01-20 21:52:54,A,Android
9755,click,2023-01-20 17:34:58,B,iOS
3895,registration,2023-01-20 10:15:46,B,Android
7231,view,2023-01-20 06:22:35,A,Android
1721,view,2023-01-20 17:43:49,B,iOS
6405,view,2023-01-20 02:32:20,A,iOS
7911,registration,2023-01-20 08:18:54,A,Android
2012,view,2023-01-20 10:58:01,A,Android
8143,view,2023-01-20 00:48:39,B,Android
4528,click,2023-01-20 13:41:03,B,iOS
4361,view,2023-01-20 08:13:48,A,iOS
7268,view,2023-01-20 22:09:56,B,iOS
6901,registration,2023-01-20 23:06:01,A,Android
5958,view,2023-01-21 18:54:18,A,iOS
5687,view,2023-01-21 01:15:52,B,iOS
8339,click,2023-01-21 18:09:25,B,Android
5887,click,2023-01-21 14:25:40,A,Android
5769,view,2023-01-21 16:46:21,A,Android
4899,view,2023-01-21 17:05:24,A,iOS
9859,view,2023-01-21 06:29:34,A,Android
9399,view,2023-01-21 11:37:55,B,Android
9372,view,2023-01-21 05:55:17,B,iOS
8316,registration,2023-01-21 03:57:06,B,iOS
9190,click,2023-01-21 22:12:43,B,iOS
2511,purchase,2023-01-21 17:44:47,B,Android
6966,purchase,2023-01-21 22:24:11,A,iOS
4774,click,2023-01-21 16:31:33,A,iOS
864,click,2023-01-21 00:43:19,A,Android
6368,purchase,2023-01-21 21:35:03,A,Android
2517,click,2023-01-21 04:13:28,A,iOS
1606,click,2023-01-21 23:43:19,A,iOS
5154,view,2023-01-21 14:38:09,B,Android
5637,view,2023-01-21 00:26:46,A,Android
3202,view,2023-01-21 21:09:00,A,Android
5579,click,2023-01-21 02:14:13,B,iOS
7965,view,2023-01-21 14:52:34,A,Android
919,view,2023-01-21 00:40:43,B,Android
2011,click,2023-01-21 19:25:45,A,Android
1179,view,2023-01-21 02:55:04,A,iOS
5176,registration,2023-01-21 04:12:58,A,Android
4259,view,2023-01-21 21:15:32,B,Android
1203,registration,2023-01-21 17:32:32,A,iOS
7047,click,2023-01-21 11:25:53,A,Android
5915,registration,2023-01-21 17:28:23,B,iOS
7023,view,2023-01-21 13:58:52,B,Android
8508,registration,2023-01-21 01:38:21,A,iOS
526,click,2023-01-21 10:26:31,A,iOS
6733,registration,2023-01-21 20:56:46,A,Android
5372,click,2023-01-21 02:36:03,A,Android
1430,view,2023-01-21 18:37:47,B,Android
828,click,2023-01-21 15:21:59,B,Android
9560,click,2023-01-21 10:08:54,A,iOS
1492,purchase,2023-01-21 19:06:09,A,iOS
2338,registration,2023-01-21 15:02:10,B,Android
9070,view,2023-01-21 15:29:47,B,Android
6541,registration,2023-01-21 23:11:17,A,Android
6232,view,2023-01-21 21:02:17,A,iOS
7181,purchase,2023-01-21 01:59:19,B,Android
5243,click,2023-01-21 04:43:43,B,iOS
6443,click,2023-01-21 08:29:34,A,iOS
4192,click,2023-01-21 18:10:52,A,Android
9234,click,2023-01-21 19:13:27,A,iOS
1331,click,2023-01-21 03:31:18,B,Android
2348,purchase,2023-01-21 23:59:34,A,iOS
689,click,2023-01-21 10:35:10,B,iOS
9899,view,2023-01-21 10:19:17,A,Android
1412,purchase,2023-01-21 10:44:04,A,Android
9369,click,2023-01-21 14:15:54,A,Android
832,click,2023-01-21 07:26:55,A,iOS
9538,click,2023-01-21 11:53:48,B,Android
9522,click,2023-01-21 16:21:22,B,iOS
811,view,2023-01-21 04:04:06,B,iOS
550,registration,2023-01-21 01:02:44,A,iOS
5319,click,2023-01-21 19:08:16,A,iOS
5234,view,2023-01-21 12:17:13,A,iOS
1962,click,2023-01-21 10:41:52,A,iOS
3989,registration,2023-01-21 00:05:34,A,iOS
8037,view,2023-01-21 20:46:07,B,iOS
7046,click,2023-01-21 09:37:00,B,iOS
7511,click,2023-01-21 18:21:26,B,iOS
8385,view,2023-01-21 09:46:57,A,Android
3152,purchase,2023-01-21 07:51:14,A,Android
856,registration,2023-01-21 15:39:43,B,Android
1456,view,2023-01-21 06:00:57,A,Android
843,registration,2023-01-21 06:00:20,B,iOS
8714,registration,2023-01-21 21:25:50,B,Android
5803,click,2023-01-21 01:10:51,B,iOS
8284,click,2023-01-21 06:14:15,A,Android
2862,click,2023-01-21 17:52:16,A,iOS
3922,click,2023-01-21 13:42:09,B,iOS
855,view,2023-01-21 17:04:33,A,iOS
7577,click,2023-01-21 16:41:50,B,iOS
1949,click,2023-01-21 05:29:59,A,Android
3070,view,2023-01-21 04:33:27,B,iOS
5445,registration,2023-01-21 21:15:33,A,iOS
1000,click,2023-01-21 08:31:23,B,Android
1490,registration,2023-01-21 19:14:51,A,iOS
4711,view,2023-01-21 21:29:46,B,iOS
5843,view,2023-01-21 21:56:53,A,Android
8354,click,2023-01-21 12:18:38,B,iOS
5083,registration,2023-01-21 10:34:40,A,iOS
5227,registration,2023-01-21 17:08:39,A,Android
8646,view,2023-01-21 22:05:43,B,iOS
8738,click,2023-01-21 01:23:57,B,Android
6529,click,2023-01-21 05:12:55,B,Android
5304,click,2023-01-21 21:38:31,B,Android
6717,view,2023-01-21 00:05:20,A,iOS
3540,click,2023-01-21 16:27:03,A,Android
1357,purchase,2023-01-21 05:46:33,B,Android
9060,registration,2023-01-21 21:35:00,B,iOS
3915,click,2023-01-21 08:31:07,A,iOS
1433,view,2023-01-21 01:41:23,A,Android
3882,click,2023-01-21 11:20:33,B,iOS
1157,view,2023-01-21 02:34:48,A,Android
8231,click,2023-01-21 15:27:41,B,iOS
1563,click,2023-01-21 02:20:23,B,iOS
3990,registration,2023-01-21 16:14:23,A,iOS
8868,click,2023-01-21 18:40:23,A,Android
9239,view,2023-01-21 03:51:58,A,Android
5748,click,2023-01-21 05:57:04,B,Android
6817,click,2023-01-21 12:11:08,B,iOS
1538,view,2023-01-21 11:57:24,B,Android
1276,view,2023-01-21 09:28:43,B,iOS
7221,click,2023-01-21 05:26:30,A,iOS
8241,registration,2023-01-21 03:16:43,B,iOS
8014,registration,2023-01-21 16:12:20,B,Android
6320,purchase,2023-01-21 19:39:07,B,Android
4073,view,2023-01-21 14:57:56,A,iOS
1696,click,2023-01-21 03:44:27,A,Android
4685,click,2023-01-21 08:21:01,A,Android
682,registration,2023-01-21 20:24:03,B,iOS
7928,view,2023-01-21 06:06:05,A,iOS
9254,click,2023-01-21 16:29:50,B,Android
2276,view,2023-01-21 00:52:11,B,Android
1082,click,2023-01-21 05:30:47,A,Android
8651,registration,2023-01-21 23:33:00,B,Android
797,view,2023-01-21 01:52:52,A,Android
3662,registration,2023-01-21 15:28:28,A,Android
4429,purchase,2023-01-21 10:01:06,B,Android
4328,view,2023-01-21 04:15:49,A,iOS
6677,click,2023-01-21 22:50:03,A,iOS
9044,registration,2023-01-21 21:16:01,B,iOS
8592,view,2023-01-21 10:04:58,B,Android
245,click,2023-01-21 07:55:24,B,iOS
2876,click,2023-01-21 17:39:42,B,Android
3332,view,2023-01-21 03:37:04,A,iOS
3935,click,2023-01-21 22:47:12,B,Android
235,click,2023-01-21 23:58:34,B,iOS
3823,click,2023-01-21 02:26:11,B,iOS
6456,click,2023-01-21 00:00:20,B,Android
4821,click,2023-01-21 10:05:34,A,iOS
9040,click,2023-01-21 06:33:01,B,iOS
6054,view,2023-01-21 22:32:31,A,Android
3098,view,2023-01-21 01:46:35,A,Android
6867,registration,2023-01-21 18:41:22,A,iOS
8012,click,2023-01-21 12:29:19,A,iOS
3738,view,2023-01-21 22:15:14,A,iOS
2479,click,2023-01-21 13:28:47,A,iOS
2885,registration,2023-01-21 02:24:19,A,Android
5063,view,2023-01-21 06:32:20,A,Android
8042,purchase,2023-01-21 07:49:12,B,Android
6168,registration,2023-01-21 08:44:00,B,Android
7220,view,2023-01-21 15:32:38,A,iOS
4528,click,2023-01-21 18:43:16,B,iOS
8803,view,2023-01-21 00:08:03,B,iOS
7831,registration,2023-01-21 02:10:36,B,iOS
3292,click,2023-01-21 10:46:05,A,Android
1473,click,2023-01-21 22:53:28,B,iOS
4072,view,2023-01-21 04:58:56,A,Android
6143,click,2023-01-21 05:05:05,A,Android
1173,registration,2023-01-21 22:17:46,A,iOS
2954,click,2023-01-21 14:01:28,A,iOS
7018,click,2023-01-21 15:37:42,B,Android
834,view,2023-01-21 02:50:49,B,Android
6463,view,2023-01-21 07:16:32,A,iOS
5283,registration,2023-01-21 12:43:33,A,iOS
6054,click,2023-01-21 07:42:29,A,Android
6519,purchase,2023-01-21 04:35:28,A,Android
7378,click,2023-01-21 00:31:30,B,Android
8180,purchase,2023-01-21 23:05:04,B,Android
8809,click,2023-01-21 06:18:48,A,Android
5261,click,2023-01-21 05:30:23,B,Android
3871,registration,2023-01-21 08:13:11,B,Android
4884,registration,2023-01-21 10:05:52,B,Android
4326,click,2023-01-21 11:18:33,A,iOS
7250,view,2023-01-21 23:07:07,B,Android
4414,registration,2023-01-21 07:25:30,A,iOS
9465,view,2023-01-21 23:20:06,B,Android
5195,registration,2023-01-21 18:40:56,A,iOS
8590,registration,2023-01-21 07:56:02,A,iOS
8708,click,2023-01-21 05:52:05,A,Android
7977,click,2023-01-21 12:56:05,A,iOS
4629,purchase,2023-01-21 11:38:32,A,Android
5060,click,2023-01-21 03:54:27,A,Android
3531,view,2023-01-21 20:09:29,B,Android
1544,purchase,2023-01-21 15:49:47,A,iOS
4715,view,2023-01-21 11:07:50,B,iOS
923,click,2023-01-21 04:05:05,B,Android
3246,registration,2023-01-21 19:42:17,A,iOS
8758,click,2023-01-21 00:35:22,B,iOS
5702,registration,2023-01-21 08:31:19,B,Android
7114,registration,2023-01-21 18:21:05,B,Android
933,click,2023-01-21 19:58:17,B,Android
440,purchase,2023-01-21 18:57:59,A,Android
6192,click,2023-01-21 07:11:14,B,iOS
7636,view,2023-01-21 04:25:27,A,iOS
1927,click,2023-01-21 11:20:10,B,iOS
828,purchase,2023-01-21 06:42:03,B,Android
3743,click,2023-01-21 11:02:00,A,Android
6479,view,2023-01-21 22:53:18,B,iOS
3290,click,2023-01-21 22:21:57,B,iOS
6069,view,2023-01-21 23:23:37,B,iOS
4969,purchase,2023-01-21 23:04:35,B,iOS
1652,purchase,2023-01-21 20:21:22,B,iOS
549,click,2023-01-21 15:24:59,A,iOS
6508,view,2023-01-21 16:18:56,A,Android
8161,click,2023-01-21 07:38:26,A,iOS
4011,view,2023-01-21 20:30:20,B,Android
1224,registration,2023-01-21 21:00:53,B,iOS
6344,click,2023-01-21 12:33:25,A,iOS
8969,registration,2023-01-21 19:54:21,B,Android
3990,registration,2023-01-21 19:48:09,A,iOS
7028,view,2023-01-21 21:50:28,A,iOS
5454,click,2023-01-21 12:54:17,B,Android
8775,view,2023-01-21 12:58:06,B,iOS
3377,registration,2023-01-21 23:32:44,B,iOS
5015,registration,2023-01-21 14:06:21,B,Android
2818,purchase,2023-01-21 08:13:25,B,iOS
7802,registration,2023-01-21 01:21:39,B,Android
9785,click,2023-01-21 16:20:42,A,iOS
8171,registration,2023-01-21 10:50:44,B,Android
867,view,2023-01-21 14:35:12,A,Android
9988,registration,2023-01-21 03:04:21,B,Android
8317,view,2023-01-21 22:14:22,B,Android
5442,registration,2023-01-21 15:58:57,A,iOS
1353,view,2023-01-21 13:12:56,A,Android
9973,click,2023-01-21 21:12:13,A,Android
5789,purchase,2023-01-21 03:13:16,B,Android
9811,click,2023-01-21 11:56:12,B,iOS
925,registration,2023-01-21 18:11:33,B,iOS
8174,click,2023-01-21 03:42:33,B,iOS
2644,view,2023-01-21 17:49:08,B,iOS
3153,registration,2023-01-21 09:48:56,B,iOS
7405,click,2023-01-21 15:01:33,B,Android
2657,click,2023-01-21 18:05:17,B,iOS
3041,click,2023-01-21 15:48:32,B,Android
7410,click,2023-01-21 11:19:32,B,iOS
2980,view,2023-01-21 20:28:53,B,Android
9604,view,2023-01-21 18:46:22,A,iOS
3894,view,2023-01-21 20:27:44,A,iOS
8090,click,2023-01-21 12:16:32,B,Android
5138,registration,2023-01-21 20:45:58,A,iOS
4417,click,2023-01-21 02:45:10,A,iOS
1359,registration,2023-01-21 06:44:47,B,iOS
9804,view,2023-01-21 16:33:51,B,Android
1085,registration,2023-01-21 04:25:57,A,iOS
8115,view,2023-01-21 15:37:21,A,Android
8730,purchase,2023-01-21 06:32:46,B,iOS
3617,view,2023-01-21 12:27:20,B,Android
2879,click,2023-01-21 19:35:40,A,iOS
1684,view,2023-01-21 15:35:06,B,iOS
7606,registration,2023-01-21 12:27:58,B,Android
7662,purchase,2023-01-21 03:33:33,A,Android
3180,click,2023-01-21 00:23:32,A,iOS
8692,registration,2023-01-21 02:07:52,B,Android
7546,registration,2023-01-21 07:55:09,A,Android
1169,click,2023-01-21 18:36:07,A,Android
1114,view,2023-01-21 06:05:23,B,Android
3213,view,2023-01-21 19:56:39,A,Android
8182,view,2023-01-21 15:46:58,B,iOS
2374,purchase,2023-01-21 04:26:34,A,iOS
2080,click,2023-01-21 17:54:16,B,iOS
8997,click,2023-01-21 06:35:28,B,Android
2388,view,2023-01-21 14:05:03,A,iOS
8933,click,2023-01-21 12:20:50,B,Android
894,click,2023-01-21 23:35:43,B,iOS
8508,view,2023-01-21 08:05:25,A,iOS
8216,view,2023-01-21 09:53:08,A,Android
2249,click,2023-01-21 20:13:07,B,iOS
9463,click,2023-01-21 01:21:07,A,Android
3243,click,2023-01-21 03:38:51,A,Android
491,click,2023-01-21 13:17:50,A,Android
5997,purchase,2023-01-21 20:07:16,A,iOS
7731,purchase,2023-01-21 22:37:38,B,Android
9625,purchase,2023-01-21 21:14:24,A,Android
4751,click,2023-01-21 05:56:59,A,iOS
4777,click,2023-01-21 14:53:01,A,iOS
2175,view,2023-01-21 19:20:48,B,iOS
3410,view,2023-01-21 14:42:24,A,iOS
7537,click,2023-01-21 06:06:42,B,iOS
6642,view,2023-01-21 18:08:18,A,iOS
6792,view,2023-01-21 19:33:45,B,Android
7982,view,2023-01-21 18:23:48,A,Android
7899,registration,2023-01-21 14:47:28,A,Android
1011,view,2023-01-21 20:33:33,A,iOS
5376,click,2023-01-21 06:09:10,A,Android
4319,click,2023-01-21 22:59:35,B,Android
2860,registration,2023-01-21 07:26:37,A,Android
1039,click,2023-01-21 12:37:59,A,Android
1583,view,2023-01-21 00:47:36,A,Android
85,click,2023-01-21 01:04:21,B,Android
8009,click,2023-01-21 13:24:09,B,Android
3530,click,2023-01-21 19:49:26,A,iOS
2389,purchase,2023-01-21 13:46:10,B,Android
1976,view,2023-01-21 02:48:43,B,iOS
3464,click,2023-01-21 16:06:31,A,Android
2986,click,2023-01-21 06:47:20,B,Android
5046,view,2023-01-21 14:10:52,A,iOS
3531,click,2023-01-21 19:02:08,B,Android
7634,click,2023-01-21 16:29:28,A,Android
8442,view,2023-01-21 01:55:29,A,iOS
1907,click,2023-01-21 02:40:28,A,Android
8983,click,2023-01-21 08:14:25,B,Android
7070,click,2023-01-21 04:28:49,B,iOS
8608,view,2023-01-21 11:05:22,A,iOS
868,click,2023-01-21 08:39:45,B,Android
5347,click,2023-01-21 14:59:56,A,iOS
1866,registration,2023-01-21 05:43:43,B,Android
6429,click,2023-01-21 10:47:09,A,iOS
1671,purchase,2023-01-21 22:49:24,B,iOS
9238,view,2023-01-21 02:41:05,B,iOS
5756,view,2023-01-21 08:24:13,A,iOS
5501,view,2023-01-21 01:59:40,A,Android
2332,registration,2023-01-21 12:43:34,B,iOS
1150,click,2023-01-21 17:24:16,A,Android
1658,view,2023-01-21 13:38:48,B,iOS
7055,click,2023-01-21 20:27:49,B,iOS
7352,view,2023-01-21 01:53:21,A,Android
1806,registration,2023-01-21 04:54:48,B,Android
1914,click,2023-01-21 05:00:20,A,iOS
5161,view,2023-01-21 19:15:38,A,iOS
401,click,2023-01-21 12:00:20,B,Android
926,click,2023-01-21 11:13:58,B,iOS
5943,click,2023-01-21 09:50:40,A,iOS
7355,registration,2023-01-21 14:14:03,A,iOS
460,view,2023-01-21 03:37:32,B,Android
5376,click,2023-01-21 15:27:53,A,Android
570,view,2023-01-21 08:59:11,A,iOS
9439,view,2023-01-21 20:11:26,B,iOS
7116,view,2023-01-21 21:39:56,B,Android
300,view,2023-01-21 20:12:26,B,Android
5460,click,2023-01-21 07:26:50,A,iOS
7530,click,2023-01-21 21:37:55,B,iOS
734,purchase,2023-01-21 03:46:12,A,Android
7858,click,2023-01-21 10:36:05,A,Android
865,registration,2023-01-21 16:50:30,B,Android
5242,view,2023-01-21 09:30:01,A,Android
3622,click,2023-01-21 01:24:32,A,Android
4692,click,2023-01-21 21:51:44,B,Android
9671,click,2023-01-21 15:00:07,B,Android
7603,registration,2023-01-21 23:28:54,B,iOS
8781,registration,2023-01-21 01:47:19,A,iOS
5232,click,2023-01-21 10:00:12,A,Android
5207,registration,2023-01-21 14:33:30,A,iOS
2823,click,2023-01-21 03:11:12,B,Android
575,registration,2023-01-21 22:53:19,B,iOS
1836,purchase,2023-01-21 01:04:31,B,Android
7665,click,2023-01-21 13:11:37,A,Android
4451,registration,2023-01-21 21:33:38,A,Android
8539,click,2023-01-21 08:52:57,A,iOS
8278,view,2023-01-21 01:43:36,B,Android
3565,click,2023-01-21 16:40:37,B,Android
3732,click,2023-01-21 12:20:58,B,iOS
1038,purchase,2023-01-21 03:41:11,A,Android
3700,view,2023-01-21 04:38:50,A,iOS
4321,click,2023-01-21 04:18:39,B,Android
9745,click,2023-01-21 20:22:09,A,iOS
4720,registration,2023-01-21 08:09:23,B,iOS
2499,click,2023-01-21 13:10:26,B,iOS
599,view,2023-01-21 05:53:12,A,iOS
1552,click,2023-01-21 04:33:10,B,Android
3150,registration,2023-01-21 04:39:53,B,Android
5071,view,2023-01-21 21:27:55,B,Android
9323,registration,2023-01-21 03:35:03,B,iOS
7464,click,2023-01-21 01:17:41,B,iOS
636,view,2023-01-21 13:44:22,B,Android
295,click,2023-01-21 05:32:31,A,iOS
9797,click,2023-01-21 09:01:12,B,Android
6122,purchase,2023-01-21 10:08:48,A,iOS
8297,click,2023-01-21 23:55:59,B,Android
409,view,2023-01-21 01:16:33,B,Android
619,click,2023-01-21 21:16:29,A,iOS
1915,view,2023-01-21 09:06:27,A,Android
5507,view,2023-01-21 01:03:19,B,Android
8911,click,2023-01-21 22:27:57,A,iOS
7344,click,2023-01-21 05:10:20,B,Android
9324,click,2023-01-21 07:42:08,A,iOS
2101,click,2023-01-21 08:07:18,A,iOS
8122,registration,2023-01-21 18:17:34,B,Android
7380,view,2023-01-21 08:07:59,A,iOS
2224,click,2023-01-21 02:06:06,A,Android
7118,click,2023-01-21 05:50:06,A,Android
4703,registration,2023-01-21 15:54:37,B,Android
8440,purchase,2023-01-21 01:03:00,B,Android
2316,click,2023-01-21 16:30:44,A,Android
165,click,2023-01-21 21:20:07,B,Android
4090,click,2023-01-21 16:25:53,B,Android
1667,click,2023-01-21 16:47:01,A,Android
2897,click,2023-01-21 00:16:45,A,iOS
7752,view,2023-01-21 07:37:21,B,Android
7087,click,2023-01-21 06:51:41,A,Android
2558,click,2023-01-21 08:23:30,A,Android
129,purchase,2023-01-21 20:28:49,B,Android
3996,registration,2023-01-21 13:30:17,A,iOS
6075,view,2023-01-21 00:58:25,A,Android
7969,registration,2023-01-21 20:08:35,A,iOS
3409,registration,2023-01-21 11:07:56,A,iOS
1447,view,2023-01-21 09:03:33,B,iOS
2379,click,2023-01-21 06:32:00,A,Android
8946,view,2023-01-21 12:24:14,A,Android
1973,click,2023-01-21 14:44:52,A,iOS
5022,click,2023-01-21 10:08:43,B,Android
9004,purchase,2023-01-21 16:21:17,B,Android
3278,purchase,2023-01-21 22:56:51,B,Android
7913,registration,2023-01-21 12:33:58,A,Android
5923,view,2023-01-21 04:52:24,A,iOS
5234,view,2023-01-21 19:22:16,A,iOS
1280,purchase,2023-01-21 02:52:11,A,iOS
1343,view,2023-01-21 11:54:36,A,Android
7048,click,2023-01-21 18:05:51,A,Android
843,view,2023-01-21 14:29:42,B,iOS
2146,click,2023-01-21 12:37:01,B,Android
7927,click,2023-01-21 00:50:36,B,iOS
9545,registration,2023-01-21 11:22:29,B,Android
3941,view,2023-01-21 06:00:47,B,Android
1043,click,2023-01-21 19:28:44,B,iOS
7109,registration,2023-01-21 13:03:18,A,Android
4153,view,2023-01-21 15:10:32,A,iOS
9204,click,2023-01-21 08:35:55,A,Android
9690,view,2023-01-21 05:24:12,B,Android
9601,click,2023-01-21 22:35:55,A,iOS
8365,view,2023-01-21 13:27:43,B,Android
3297,click,2023-01-21 09:14:20,A,iOS
8764,purchase,2023-01-21 23:21:56,B,iOS
3355,registration,2023-01-21 18:31:24,A,iOS
916,purchase,2023-01-21 04:49:22,B,iOS
5585,click,2023-01-21 14:15:52,B,Android
3542,click,2023-01-21 20:55:22,A,iOS
5894,registration,2023-01-21 01:01:20,A,Android
7095,view,2023-01-21 10:53:47,A,Android
7803,click,2023-01-21 08:55:16,A,Android
8303,view,2023-01-21 17:20:18,B,iOS
5140,click,2023-01-21 09:32:17,A,Android
202,click,2023-01-21 09:58:22,A,iOS
909,click,2023-01-21 09:13:15,A,Android
6826,registration,2023-01-21 06:59:05,B,iOS
1503,view,2023-01-21 02:53:03,A,iOS
1964,click,2023-01-21 05:41:07,A,iOS
7539,click,2023-01-21 19:57:32,A,Android
5554,click,2023-01-21 10:30:03,A,Android
4103,click,2023-01-21 06:20:13,B,Android
8905,registration,2023-01-21 01:19:06,B,iOS
7203,view,2023-01-21 05:42:59,B,iOS
2553,click,2023-01-21 15:59:09,A,iOS
3182,click,2023-01-21 01:57:37,A,iOS
638,registration,2023-01-21 18:52:31,B,Android
8700,view,2023-01-21 15:54:50,B,iOS
701,view,2023-01-21 16:41:16,B,iOS
6573,view,2023-01-21 15:19:53,A,iOS
3458,registration,2023-01-21 12:18:39,A,Android
9153,view,2023-01-21 08:52:26,B,Android
895,click,2023-01-21 10:32:21,B,iOS
7687,view,2023-01-21 11:33:36,A,Android
6744,click,2023-01-21 06:24:17,B,Android
5359,click,2023-01-21 02:20:04,B,iOS
5583,view,2023-01-21 15:07:29,B,iOS
927,click,2023-01-21 09:47:15,B,Android
4213,view,2023-01-21 00:38:10,B,Android
6995,click,2023-01-21 22:56:27,B,iOS
306,registration,2023-01-21 04:14:12,B,Android
2200,purchase,2023-01-21 05:46:43,A,Android
2880,registration,2023-01-21 07:32:47,B,iOS
1103,registration,2023-01-21 22:10:53,B,Android
2624,registration,2023-01-21 04:08:47,B,Android
4826,click,2023-01-21 19:28:13,B,iOS
2838,purchase,2023-01-21 10:00:41,B,iOS
3497,view,2023-01-21 15:47:25,B,iOS
6786,view,2023-01-21 23:03:06,A,iOS
4722,click,2023-01-21 08:21:51,B,Android
6101,purchase,2023-01-21 02:31:33,B,Android
8215,click,2023-01-21 18:18:35,B,iOS
384,view,2023-01-21 11:36:31,B,iOS
3803,click,2023-01-21 01:58:25,A,iOS
1533,view,2023-01-21 22:29:01,B,Android
5583,click,2023-01-21 22:09:17,B,iOS
2600,view,2023-01-21 22:45:11,B,Android
5141,registration,2023-01-21 04:44:59,A,Android
547,view,2023-01-21 17:00:06,B,iOS
8300,click,2023-01-21 03:37:05,B,Android
1595,click,2023-01-21 02:48:44,A,Android
3088,purchase,2023-01-21 02:13:26,A,iOS
9108,click,2023-01-21 20:48:08,B,iOS
4550,click,2023-01-21 03:13:50,B,Android
1217,purchase,2023-01-21 10:26:59,B,Android
1568,click,2023-01-21 14:03:22,A,Android
3208,click,2023-01-21 15:57:39,A,iOS
9701,click,2023-01-21 06:10:23,A,Android
3139,view,2023-01-21 03:07:01,A,iOS
7779,click,2023-01-21 01:45:22,A,iOS
9156,click,2023-01-21 00:39:58,A,iOS
222,click,2023-01-21 05:17:23,A,iOS
4842,click,2023-01-21 00:05:54,A,iOS
6108,registration,2023-01-21 10:36:19,A,iOS
330,click,2023-01-21 05:28:09,B,iOS
3518,registration,2023-01-21 23:55:11,B,iOS
3890,click,2023-01-21 01:11:55,A,Android
7050,view,2023-01-21 22:52:53,A,iOS
8143,purchase,2023-01-21 15:30:41,B,Android
7769,click,2023-01-21 04:12:12,A,Android
2533,registration,2023-01-21 22:11:20,B,Android
6841,click,2023-01-21 14:54:57,A,Android
4479,view,2023-01-21 15:47:53,A,iOS
7556,click,2023-01-21 22:50:33,A,iOS
1572,click,2023-01-21 14:41:19,A,iOS
3960,registration,2023-01-21 10:18:25,A,iOS
9121,view,2023-01-21 19:49:08,A,Android
7645,click,2023-01-21 10:13:05,A,iOS
1369,registration,2023-01-21 09:37:11,A,Android
4480,view,2023-01-21 21:11:46,A,iOS
6714,purchase,2023-01-21 11:24:52,A,iOS
6038,view,2023-01-21 18:52:01,B,iOS
7802,click,2023-01-21 10:14:18,B,Android
3224,view,2023-01-21 00:25:13,A,Android
299,view,2023-01-21 17:16:53,B,Android
9935,click,2023-01-21 20:24:30,B,Android
1610,view,2023-01-21 00:07:53,A,Android
6675,view,2023-01-21 09:21:15,A,iOS
2353,registration,2023-01-21 01:47:29,B,iOS
1851,view,2023-01-21 08:19:25,B,Android
2916,view,2023-01-21 04:26:54,A,iOS
6552,click,2023-01-21 22:55:21,B,Android
3930,click,2023-01-21 12:09:58,B,iOS
7828,click,2023-01-21 13:23:29,B,iOS
6507,click,2023-01-21 22:39:31,B,iOS
785,view,2023-01-21 16:53:42,A,iOS
5103,click,2023-01-21 05:18:27,B,iOS
8584,click,2023-01-21 03:47:45,B,iOS
1125,view,2023-01-21 19:30:55,B,Android
8820,registration,2023-01-21 18:26:54,B,iOS
2520,view,2023-01-21 16:51:37,B,Android
3998,purchase,2023-01-21 18:04:20,B,iOS
2231,click,2023-01-21 06:18:07,A,Android
1376,click,2023-01-21 09:29:59,A,iOS
5141,click,2023-01-21 10:14:25,A,Android
8583,registration,2023-01-21 01:58:18,B,iOS
2123,click,2023-01-21 00:40:59,B,Android
3953,registration,2023-01-21 19:50:41,B,Android
3474,purchase,2023-01-21 03:21:21,A,Android
487,purchase,2023-01-21 18:26:49,B,iOS
3795,registration,2023-01-21 12:49:41,A,Android
6888,registration,2023-01-21 20:37:00,A,iOS
3541,registration,2023-01-21 14:17:30,B,Android
9529,view,2023-01-21 18:31:43,B,Android
3770,view,2023-01-21 16:17:46,B,iOS
5927,click,2023-01-21 19:38:10,A,iOS
3401,view,2023-01-21 22:36:49,A,Android
9335,purchase,2023-01-21 10:45:54,A,Android
3195,registration,2023-01-21 19:50:46,A,Android
1546,click,2023-01-21 17:01:09,A,Android
3447,registration,2023-01-21 22:43:23,A,iOS
6792,view,2023-01-21 10:43:22,B,Android
3288,registration,2023-01-21 03:55:17,A,iOS
5892,click,2023-01-21 01:44:14,B,iOS
3862,click,2023-01-21 07:46:40,A,iOS
4153,view,2023-01-21 16:24:20,A,iOS
6334,click,2023-01-21 02:39:54,A,Android
9212,click,2023-01-21 23:39:41,A,Android
3974,registration,2023-01-21 09:14:46,B,Android
9976,registration,2023-01-21 10:17:51,B,iOS
8270,purchase,2023-01-21 04:07:55,A,Android
9050,click,2023-01-21 21:47:55,A,iOS
133,view,2023-01-21 19:17:46,A,iOS
2514,click,2023-01-21 20:05:43,A,Android
2787,click,2023-01-21 07:29:24,B,iOS
9648,view,2023-01-21 15:45:06,A,Android
1916,view,2023-01-21 16:18:37,A,Android
8210,click,2023-01-21 12:08:07,B,iOS
5832,click,2023-01-21 16:38:20,B,Android
6327,click,2023-01-21 11:35:10,A,iOS
2878,registration,2023-01-21 03:35:53,B,Android
1174,click,2023-01-21 06:16:48,A,iOS
9338,view,2023-01-21 09:11:41,A,iOS
3981,click,2023-01-21 13:37:50,B,iOS
3040,click,2023-01-21 20:29:06,A,iOS
4149,click,2023-01-21 06:26:45,A,Android
3401,registration,2023-01-21 00:57:07,A,Android
7543,view,2023-01-21 08:10:54,A,Android
2345,registration,2023-01-21 13:49:30,B,iOS
3684,click,2023-01-21 21:54:17,A,iOS
8870,view,2023-01-21 20:59:08,A,Android
6130,registration,2023-01-21 20:14:53,B,Android
8057,click,2023-01-21 15:12:14,B,Android
762,registration,2023-01-21 17:56:40,B,Android
6916,view,2023-01-21 22:48:57,B,iOS
1373,view,2023-01-21 09:40:03,A,iOS
6897,click,2023-01-21 12:17:02,A,Android
9478,click,2023-01-21 06:34:50,B,Android
3156,view,2023-01-21 01:07:37,A,iOS
4077,view,2023-01-21 22:16:15,B,iOS
5067,registration,2023-01-21 08:03:24,A,Android
2582,click,2023-01-21 14:26:14,B,Android
5419,click,2023-01-21 06:16:12,A,Android
5653,view,2023-01-21 13:03:47,A,Android
4607,purchase,2023-01-21 13:27:35,B,iOS
709,view,2023-01-21 19:02:58,A,Android
5392,registration,2023-01-21 09:56:13,B,Android
5998,click,2023-01-21 05:51:52,A,Android
7671,view,2023-01-21 23:25:49,B,Android
4032,click,2023-01-21 12:38:28,A,Android
491,purchase,2023-01-21 17:54:55,A,Android
3534,view,2023-01-21 05:01:45,B,Android
7195,registration,2023-01-21 23:57:37,B,iOS
4950,click,2023-01-21 03:56:50,A,iOS
6779,click,2023-01-21 14:57:54,B,iOS
1941,view,2023-01-21 04:58:55,A,iOS
1831,registration,2023-01-21 19:03:38,A,iOS
4778,view,2023-01-21 19:35:49,A,Android
7041,registration,2023-01-21 23:46:38,B,iOS
6759,click,2023-01-21 06:38:32,A,iOS
1263,click,2023-01-21 15:06:09,B,Android
843,registration,2023-01-21 05:28:31,B,iOS
1902,click,2023-01-21 10:14:26,B,iOS
4723,view,2023-01-21 11:39:21,A,Android
4884,purchase,2023-01-21 10:14:23,B,Android
4421,purchase,2023-01-21 18:37:04,A,Android
49,click,2023-01-21 08:07:27,A,Android
7510,view,2023-01-21 12:13:53,A,iOS
7368,registration,2023-01-21 11:04:45,B,iOS
8013,view,2023-01-21 03:50:52,B,Android
653,click,2023-01-21 00:15:42,B,iOS
9998,view,2023-01-21 06:10:28,A,iOS
2767,registration,2023-01-21 15:58:26,A,iOS
2629,view,2023-01-21 02:34:08,A,Android
5121,click,2023-01-21 02:44:58,B,iOS
7420,click,2023-01-21 03:45:09,A,Android
4118,registration,2023-01-21 03:53:27,A,iOS
4596,view,2023-01-21 18:12:45,B,Android
7085,purchase,2023-01-21 08:56:02,A,Android
206,registration,2023-01-21 21:11:34,B,iOS
4520,click,2023-01-21 11:35:11,A,Android
5712,click,2023-01-21 00:31:05,B,iOS
3989,click,2023-01-21 11:11:17,A,iOS
6089,registration,2023-01-21 05:36:53,A,Android
5653,registration,2023-01-21 04:16:27,A,Android
5972,view,2023-01-21 21:41:51,B,Android
2382,view,2023-01-21 12:22:48,A,iOS
337,view,2023-01-21 22:22:10,A,iOS
2307,purchase,2023-01-21 23:41:18,A,Android
1998,registration,2023-01-21 00:28:52,B,iOS
3907,click,2023-01-21 07:20:29,A,iOS
259,view,2023-01-21 05:17:53,B,Android
5489,click,2023-01-21 16:33:45,B,iOS
7925,registration,2023-01-21 18:43:10,B,Android
6553,click,2023-01-21 22:04:22,A,Android
7927,click,2023-01-21 20:05:28,B,iOS
3774,registration,2023-01-21 14:15:11,B,Android
7694,click,2023-01-21 00:21:01,B,iOS
9443,click,2023-01-21 21:18:22,A,Android
9531,view,2023-01-21 09:42:29,B,iOS
3140,registration,2023-01-21 07:31:04,A,Android
2465,view,2023-01-21 07:47:08,B,Android
7210,click,2023-01-21 22:20:11,A,Android
2107,click,2023-01-21 15:27:46,A,Android
7106,view,2023-01-21 18:45:35,A,Android
399,view,2023-01-21 19:06:50,B,Android
1081,view,2023-01-21 19:09:47,A,Android
7499,view,2023-01-21 11:36:40,B,iOS
9220,view,2023-01-21 19:41:18,B,Android
3905,view,2023-01-21 08:51:27,B,iOS
8604,registration,2023-01-21 00:53:06,B,Android
1533,view,2023-01-21 14:44:10,B,Android
1696,view,2023-01-21 20:23:18,A,Android
7372,view,2023-01-21 00:46:45,B,iOS
7711,click,2023-01-21 18:19:06,B,Android
9527,click,2023-01-21 08:19:05,B,iOS
3857,registration,2023-01-21 18:04:06,A,Android
6402,click,2023-01-21 09:19:32,A,iOS
362,view,2023-01-21 21:42:46,A,Android
8267,click,2023-01-21 01:05:51,B,Android
961,view,2023-01-21 00:36:01,B,Android
4066,registration,2023-01-21 13:29:45,A,iOS
3479,click,2023-01-21 23:18:03,B,Android
7011,click,2023-01-21 02:43:02,A,iOS
4773,click,2023-01-21 07:17:49,A,Android
9901,click,2023-01-21 09:53:35,B,Android
7643,click,2023-01-21 16:45:39,A,iOS
2769,registration,2023-01-21 19:00:54,B,Android
2008,registration,2023-01-21 21:59:00,B,Android
3382,click,2023-01-21 21:42:10,A,Android
3522,click,2023-01-21 07:10:13,B,Android
8993,click,2023-01-21 10:54:45,A,Android
615,registration,2023-01-21 00:24:03,A,iOS
2548,view,2023-01-21 12:57:58,A,iOS
1683,click,2023-01-21 04:31:15,A,iOS
8917,view,2023-01-21 16:59:47,A,iOS
9571,click,2023-01-21 03:31:50,A,iOS
3768,view,2023-01-21 13:42:51,A,iOS
3571,click,2023-01-21 22:54:29,A,iOS
4740,click,2023-01-21 11:52:17,B,Android
9515,view,2023-01-21 19:57:11,B,iOS
8827,view,2023-01-21 09:55:11,A,Android
2230,purchase,2023-01-21 12:57:56,B,Android
9304,view,2023-01-21 00:46:56,B,Android
8528,click,2023-01-21 09:15:28,A,iOS
2455,view,2023-01-21 13:33:54,B,Android
9869,click,2023-01-21 10:34:42,B,iOS
6907,click,2023-01-21 17:30:36,A,iOS
7205,view,2023-01-21 11:33:50,B,Android
1152,view,2023-01-21 00:31:19,A,iOS
2955,purchase,2023-01-21 18:01:18,B,Android
8016,view,2023-01-21 03:56:58,B,Android
1999,purchase,2023-01-21 08:13:58,A,Android
754,registration,2023-01-21 00:03:30,B,Android
9033,click,2023-01-21 03:11:01,B,Android
3036,click,2023-01-22 23:18:38,B,Android
5763,registration,2023-01-22 06:08:36,B,Android
3573,click,2023-01-22 05:55:21,B,Android
8693,view,2023-01-22 05:37:09,A,iOS
5761,view,2023-01-22 22:31:35,A,iOS
3822,purchase,2023-01-22 15:46:23,A,Android
4849,click,2023-01-22 22:44:51,B,iOS
5424,registration,2023-01-22 04:26:58,A,iOS
9819,click,2023-01-22 06:19:55,A,Android
4021,registration,2023-01-22 10:55:30,B,Android
5733,registration,2023-01-22 11:46:20,A,Android
3979,view,2023-01-22 01:03:16,B,Android
3198,click,2023-01-22 22:14:01,B,iOS
6276,registration,2023-01-22 00:35:14,B,iOS
689,click,2023-01-22 07:43:01,B,iOS
2454,click,2023-01-22 18:22:16,A,iOS
1841,registration,2023-01-22 23:39:35,B,iOS
7198,click,2023-01-22 01:00:58,B,Android
6625,registration,2023-01-22 03:34:57,B,iOS
1994,registration,2023-01-22 08:16:52,A,Android
6577,view,2023-01-22 06:29:39,A,iOS
3326,view,2023-01-22 17:57:55,A,Android
7487,view,2023-01-22 17:48:43,B,Android
5039,click,2023-01-22 03:30:10,A,Android
8871,view,2023-01-22 15:15:08,B,Android
877,view,2023-01-22 02:59:25,A,Android
2221,click,2023-01-22 13:42:50,A,Android
6914,click,2023-01-22 18:00:08,B,iOS
2278,click,2023-01-22 02:34:30,A,Android
2518,click,2023-01-22 09:49:20,B,iOS
923,view,2023-01-22 23:09:46,B,Android
1524,click,2023-01-22 08:57:50,A,iOS
8018,click,2023-01-22 15:12:17,B,Android
3459,view,2023-01-22 06:42:36,A,Android
5058,view,2023-01-22 07:51:42,A,iOS
4923,click,2023-01-22 01:16:38,A,Android
5555,click,2023-01-22 07:25:35,B,iOS
5289,click,2023-01-22 19:38:17,A,Android
1303,click,2023-01-22 00:44:33,B,Android
7101,click,2023-01-22 18:13:50,A,iOS
4112,registration,2023-01-22 05:54:25,B,Android
8747,view,2023-01-22 12:49:19,A,Android
2958,view,2023-01-22 11:47:12,A,Android
9288,view,2023-01-22 04:55:38,A,iOS
4670,registration,2023-01-22 19:35:58,A,iOS
8987,click,2023-01-22 09:26:20,A,iOS
242,click,2023-01-22 00:20:15,A,iOS
5744,registration,2023-01-22 15:40:27,B,Android
7542,click,2023-01-22 05:00:39,A,Android
5835,click,2023-01-22 22:26:38,B,Android
6279,click,2023-01-22 10:40:17,B,iOS
4976,click,2023-01-22 00:43:18,B,iOS
8145,click,2023-01-22 16:51:26,B,Android
3953,click,2023-01-22 08:23:24,B,Android
6587,registration,2023-01-22 07:59:26,B,iOS
3933,registration,2023-01-22 17:32:06,B,Android
1102,view,2023-01-22 17:33:45,B,Android
8226,view,2023-01-22 02:29:18,B,iOS
7144,purchase,2023-01-22 06:58:04,A,iOS
7397,registration,2023-01-22 22:44:05,A,Android
3648,view,2023-01-22 19:44:19,A,Android
1214,purchase,2023-01-22 23:37:19,A,iOS
4602,click,2023-01-22 18:19:23,B,iOS
2165,view,2023-01-22 16:46:27,A,Android
4168,view,2023-01-22 05:10:06,B,iOS
1665,registration,2023-01-22 19:05:07,A,Android
1595,click,2023-01-22 20:10:46,A,Android
4259,click,2023-01-22 22:55:46,B,Android
9307,view,2023-01-22 12:39:25,B,Android
3055,registration,2023-01-22 14:14:38,A,Android
8578,registration,2023-01-22 13:07:23,B,iOS
4200,purchase,2023-01-22 12:05:32,B,iOS
963,view,2023-01-22 21:14:21,B,iOS
5804,click,2023-01-22 17:03:45,B,Android
5413,click,2023-01-22 12:27:15,B,iOS
4993,purchase,2023-01-22 18:16:40,A,Android
1618,click,2023-01-22 22:14:44,B,iOS
8576,purchase,2023-01-22 02:53:09,A,iOS
7682,view,2023-01-22 00:22:59,A,Android
5454,click,2023-01-22 03:56:03,B,Android
5826,view,2023-01-22 22:18:52,B,iOS
7282,registration,2023-01-22 08:00:59,B,Android
8192,view,2023-01-22 07:31:29,B,iOS
1343,registration,2023-01-22 12:16:16,A,Android
3315,purchase,2023-01-22 21:50:19,B,iOS
615,purchase,2023-01-22 22:30:12,A,iOS
2385,click,2023-01-22 10:27:47,B,iOS
6080,click,2023-01-22 21:48:33,A,Android
167,view,2023-01-22 14:03:29,A,iOS
8142,view,2023-01-22 19:00:27,A,iOS
8469,view,2023-01-22 07:06:10,B,Android
3019,purchase,2023-01-22 03:17:30,A,iOS
7134,view,2023-01-22 04:04:58,A,iOS
8294,registration,2023-01-22 01:22:38,A,Android
1824,click,2023-01-22 11:31:55,A,iOS
4192,click,2023-01-22 00:54:16,A,Android
5186,click,2023-01-22 02:50:38,B,iOS
4231,purchase,2023-01-22 06:25:08,A,iOS
9725,view,2023-01-22 17:57:03,B,iOS
9893,click,2023-01-22 15:40:40,B,iOS
2441,registration,2023-01-22 16:06:23,A,Android
3473,registration,2023-01-22 10:02:53,A,iOS
7366,view,2023-01-22 11:53:29,B,Android
8930,click,2023-01-22 13:59:44,A,Android
4714,click,2023-01-22 17:53:39,B,Android
9997,click,2023-01-22 05:48:00,B,iOS
2689,view,2023-01-22 10:38:27,A,iOS
365,view,2023-01-22 05:32:28,B,Android
2799,view,2023-01-22 02:49:00,B,Android
2487,registration,2023-01-22 10:36:27,B,iOS
3951,click,2023-01-22 00:03:45,B,iOS
2810,view,2023-01-22 10:49:48,A,Android
45,registration,2023-01-22 19:28:26,A,iOS
6761,view,2023-01-22 07:23:12,B,Android
903,view,2023-01-22 22:56:36,A,Android
1126,click,2023-01-22 03:37:36,B,Android
4619,purchase,2023-01-22 15:39:52,A,iOS
4029,registration,2023-01-22 08:29:18,B,Android
9313,click,2023-01-22 14:25:32,B,iOS
6611,click,2023-01-22 09:48:29,A,Android
1952,click,2023-01-22 08:59:50,B,iOS
9825,view,2023-01-22 00:29:18,A,iOS
2969,purchase,2023-01-22 02:49:07,B,iOS
2561,view,2023-01-22 03:42:18,A,iOS
3335,click,2023-01-22 10:38:42,A,iOS
467,view,2023-01-22 23:06:59,B,Android
4378,view,2023-01-22 17:28:38,B,iOS
8756,click,2023-01-22 00:12:48,B,Android
8439,click,2023-01-22 11:29:47,A,iOS
5744,purchase,2023-01-22 20:22:05,B,Android
8283,registration,2023-01-22 19:11:44,B,iOS
9598,view,2023-01-22 11:34:10,A,Android
6425,click,2023-01-22 01:44:01,B,iOS
4394,registration,2023-01-22 20:47:33,B,Android
765,view,2023-01-22 08:50:22,A,Android
8621,click,2023-01-22 13:50:15,B,iOS
4824,click,2023-01-22 23:36:25,A,Android
6102,click,2023-01-22 16:15:32,B,iOS
5255,registration,2023-01-22 22:48:12,B,Android
3034,view,2023-01-22 11:13:51,A,Android
2663,view,2023-01-22 18:20:47,B,iOS
7045,click,2023-01-22 23:21:14,A,Android
3165,click,2023-01-22 19:27:55,B,Android
2386,purchase,2023-01-22 01:07:41,A,Android
6113,registration,2023-01-22 03:29:17,A,iOS
3075,click,2023-01-22 05:53:17,B,Android
6262,registration,2023-01-22 20:54:48,B,Android
2880,view,2023-01-22 13:14:00,B,iOS
1886,purchase,2023-01-22 04:43:44,B,iOS
32,registration,2023-01-22 17:22:35,A,iOS
1594,click,2023-01-22 04:22:48,B,iOS
1143,view,2023-01-22 22:18:41,A,Android
1357,purchase,2023-01-22 21:27:47,B,Android
7441,click,2023-01-22 07:07:31,A,iOS
6072,view,2023-01-22 02:05:48,A,Android
6045,view,2023-01-22 20:40:15,A,iOS
3284,registration,2023-01-22 10:38:46,B,Android
6558,view,2023-01-22 02:26:13,B,Android
9215,click,2023-01-22 17:04:34,B,iOS
3807,registration,2023-01-22 01:47:20,B,iOS
1922,click,2023-01-22 04:50:27,A,Android
2391,view,2023-01-22 10:30:33,A,iOS
4760,click,2023-01-22 01:39:49,A,iOS
8880,click,2023-01-22 17:36:43,A,Android
1768,view,2023-01-22 13:22:40,B,Android
9004,click,2023-01-22 14:19:51,B,Android
974,view,2023-01-22 16:49:22,A,iOS
4666,click,2023-01-22 11:34:38,A,iOS
8710,registration,2023-01-22 15:18:56,A,iOS
1476,view,2023-01-22 02:36:22,A,iOS
4035,view,2023-01-22 05:01:03,B,Android
7499,purchase,2023-01-22 10:57:30,B,iOS
7834,view,2023-01-22 09:46:14,B,iOS
9696,registration,2023-01-22 06:47:29,B,iOS
6254,click,2023-01-22 20:32:42,A,iOS
8077,click,2023-01-22 05:47:42,B,Android
2443,click,2023-01-22 07:10:42,B,Android
6752,view,2023-01-22 19:06:51,B,Android
332,click,2023-01-22 14:30:03,A,Android
8267,click,2023-01-22 17:24:52,B,Android
9325,purchase,2023-01-22 12:03:54,B,iOS
7763,click,2023-01-22 12:17:07,A,iOS
9474,view,2023-01-22 02:17:21,B,Android
6833,registration,2023-01-22 08:03:47,B,Android
6384,view,2023-01-22 08:16:28,B,Android
798,click,2023-01-22 07:39:34,A,iOS
4097,click,2023-01-22 01:41:01,B,Android
6512,registration,2023-01-22 22:04:05,A,Android
9122,click,2023-01-22 03:55:58,A,iOS
4514,purchase,2023-01-22 11:13:30,A,iOS
9057,click,2023-01-22 20:10:50,A,iOS
873,registration,2023-01-22 18:07:17,B,Android
6345,click,2023-01-22 07:08:53,B,iOS
8763,click,2023-01-22 00:36:33,A,Android
9410,view,2023-01-22 06:58:13,A,Android
1169,purchase,2023-01-22 18:34:30,A,Android
1148,click,2023-01-22 11:57:49,A,iOS
2675,view,2023-01-22 18:00:33,A,iOS
1301,view,2023-01-22 02:20:46,B,Android
2388,click,2023-01-22 08:21:21,A,iOS
1296,click,2023-01-22 08:30:37,B,Android
5073,view,2023-01-22 19:42:29,A,iOS
8849,purchase,2023-01-22 09:17:32,A,iOS
9046,view,2023-01-22 01:33:21,B,Android
2866,view,2023-01-22 20:14:49,B,Android
2400,registration,2023-01-22 09:54:21,A,iOS
9471,view,2023-01-22 04:04:20,B,Android
7368,click,2023-01-22 23:21:06,B,iOS
1890,view,2023-01-22 10:19:43,B,Android
2282,registration,2023-01-22 08:00:39,A,Android
3851,click,2023-01-22 07:24:33,A,Android
7051,click,2023-01-22 20:22:17,B,Android
2369,click,2023-01-22 08:03:43,A,Android
925,view,2023-01-22 06:50:18,B,iOS
7251,click,2023-01-22 05:21:56,A,Android
1802,purchase,2023-01-22 09:30:28,A,Android
7032,registration,2023-01-22 00:28:17,A,Android
2991,view,2023-01-22 03:05:50,B,iOS
5358,click,2023-01-22 19:01:02,B,Android
3396,registration,2023-01-22 08:07:43,A,Android
6869,click,2023-01-22 07:53:50,B,Android
4741,click,2023-01-22 19:08:00,B,iOS
9126,view,2023-01-22 11:36:50,B,iOS
6083,view,2023-01-22 15:29:57,A,iOS
4522,click,2023-01-22 20:20:21,B,Android
7646,view,2023-01-22 08:27:54,B,Android
4897,view,2023-01-22 09:59:42,A,iOS
6750,click,2023-01-22 20:27:12,B,Android
2317,click,2023-01-22 23:05:31,B,Android
8536,click,2023-01-22 13:11:55,B,Android
5357,click,2023-01-22 01:46:23,A,Android
5566,registration,2023-01-22 15:03:37,B,iOS
7260,click,2023-01-22 17:41:09,A,Android
4790,purchase,2023-01-22 20:41:01,B,Android
4782,click,2023-01-22 08:26:35,A,iOS
9348,click,2023-01-22 19:13:42,B,Android
4374,view,2023-01-22 12:04:46,B,iOS
9559,registration,2023-01-22 10:34:53,A,iOS
4592,view,2023-01-22 13:10:10,A,Android
1817,purchase,2023-01-22 08:19:10,A,Android
3623,registration,2023-01-22 10:37:18,A,iOS
9877,view,2023-01-22 20:24:46,B,iOS
9693,view,2023-01-22 11:22:45,A,iOS
3471,view,2023-01-22 06:42:31,B,iOS
749,click,2023-01-22 15:27:52,A,iOS
3211,click,2023-01-22 22:58:41,A,iOS
5445,click,2023-01-22 15:12:30,A,iOS
1786,click,2023-01-22 04:29:15,B,iOS
8596,registration,2023-01-22 11:04:10,A,iOS
2697,click,2023-01-22 06:20:00,A,iOS
2738,click,2023-01-22 18:39:02,A,Android
2501,view,2023-01-22 04:52:41,B,iOS
7609,click,2023-01-22 20:10:33,A,Android
3730,registration,2023-01-22 12:36:59,B,iOS
8132,view,2023-01-22 08:32:38,A,Android
5342,view,2023-01-22 12:56:05,A,Android
33,view,2023-01-22 09:48:40,B,iOS
3334,view,2023-01-22 06:32:42,A,iOS
4911,click,2023-01-22 15:38:46,B,Android
2808,purchase,2023-01-22 17:36:52,A,Android
5527,click,2023-01-22 21:09:56,A,Android
3715,click,2023-01-22 05:56:27,B,Android
4993,view,2023-01-22 03:38:50,A,Android
4194,click,2023-01-22 00:48:51,B,iOS
4401,registration,2023-01-22 06:23:03,A,iOS
2863,click,2023-01-22 06:08:19,B,iOS
5877,view,2023-01-22 03:19:56,A,iOS
8037,registration,2023-01-22 23:03:45,B,iOS
8995,click,2023-01-22 09:03:25,A,Android
4300,purchase,2023-01-22 02:03:05,A,iOS
7005,registration,2023-01-22 05:34:22,B,iOS
4372,view,2023-01-22 12:16:31,B,Android
7204,view,2023-01-22 19:29:36,B,Android
3371,view,2023-01-22 18:01:44,B,Android
8259,view,2023-01-22 19:06:37,A,Android
7174,click,2023-01-22 07:23:48,A,Android
8099,registration,2023-01-22 07:56:05,B,iOS
2827,registration,2023-01-22 05:49:46,B,Android
5749,click,2023-01-22 08:10:28,B,Android
9256,view,2023-01-22 03:26:31,A,Android
3686,click,2023-01-22 08:17:40,A,iOS
4434,view,2023-01-22 14:24:38,A,Android
8530,view,2023-01-22 03:05:46,A,Android
9762,registration,2023-01-22 01:06:23,B,iOS
2305,registration,2023-01-22 11:50:55,A,Android
8168,purchase,2023-01-22 23:37:00,B,Android
3073,view,2023-01-22 01:10:44,A,iOS
634,click,2023-01-22 00:26:37,B,iOS
4830,registration,2023-01-22 16:28:02,A,iOS
6360,view,2023-01-22 02:19:41,A,iOS
9403,view,2023-01-22 15:33:18,B,iOS
2608,click,2023-01-22 09:26:33,A,iOS
1586,click,2023-01-22 16:48:09,A,Android
2078,view,2023-01-22 10:16:14,A,iOS
3989,registration,2023-01-22 15:28:08,A,iOS
581,click,2023-01-22 01:23:28,B,Android
4479,click,2023-01-22 16:07:46,A,iOS
325,click,2023-01-22 18:52:31,A,iOS
1971,purchase,2023-01-22 17:41:02,A,Android
1730,click,2023-01-22 07:20:07,A,iOS
2065,view,2023-01-22 12:43:53,B,Android
1969,view,2023-01-22 15:13:39,B,iOS
7252,click,2023-01-22 19:26:40,A,iOS
2210,registration,2023-01-22 02:16:07,A,iOS
1175,view,2023-01-22 01:50:16,B,Android
6430,view,2023-01-22 10:35:47,A,Android
3014,click,2023-01-22 13:08:48,A,iOS
7537,registration,2023-01-22 22:39:04,B,iOS
3514,click,2023-01-22 10:41:51,A,Android
666,registration,2023-01-22 09:32:41,B,iOS
2794,purchase,2023-01-22 12:04:38,A,Android
1917,click,2023-01-22 23:08:19,B,iOS
9863,view,2023-01-22 17:41:02,A,Android
8400,view,2023-01-22 04:57:20,B,Android
875,click,2023-01-22 04:17:31,B,iOS
4433,registration,2023-01-22 12:28:46,A,iOS
757,click,2023-01-22 20:08:19,B,Android
2180,view,2023-01-22 08:43:39,B,Android
3764,view,2023-01-22 16:16:18,A,iOS
9331,click,2023-01-22 17:33:31,A,iOS
2937,view,2023-01-22 15:43:49,A,iOS
1780,purchase,2023-01-22 08:32:56,B,iOS
65,view,2023-01-22 03:07:54,B,iOS
7986,click,2023-01-22 22:06:15,A,iOS
7996,purchase,2023-01-22 20:11:46,A,Android
1679,view,2023-01-22 11:15:29,B,Android
3002,view,2023-01-22 17:29:52,B,Android
8694,view,2023-01-22 17:21:10,A,Android
9323,view,2023-01-22 16:47:47,B,iOS
5151,click,2023-01-22 05:55:09,B,Android
4597,registration,2023-01-22 12:11:13,A,iOS
8121,view,2023-01-22 15:12:14,A,Android
5976,registration,2023-01-22 14:09:56,A,iOS
6775,registration,2023-01-22 09:46:36,B,iOS
8279,registration,2023-01-22 07:00:27,A,iOS
9401,registration,2023-01-22 01:08:40,B,iOS
4162,view,2023-01-22 19:01:49,B,Android
30,click,2023-01-22 05:25:15,B,iOS
6152,click,2023-01-22 16:04:20,A,iOS
8312,click,2023-01-22 23:21:42,B,Android
689,view,2023-01-22 18:36:15,B,iOS
8660,click,2023-01-22 23:48:06,B,iOS
3321,view,2023-01-22 01:15:52,A,iOS
2534,view,2023-01-22 02:26:25,B,Android
963,click,2023-01-22 05:34:10,B,iOS
4300,view,2023-01-22 12:11:53,A,iOS
9139,registration,2023-01-22 05:56:54,A,iOS
8254,view,2023-01-22 02:07:25,A,iOS
1902,registration,2023-01-22 04:05:05,B,iOS
6275,view,2023-01-22 00:41:31,B,Android
9843,registration,2023-01-22 23:03:31,B,iOS
1084,registration,2023-01-22 09:24:17,A,iOS
5967,purchase,2023-01-22 03:33:15,A,Android
4372,click,2023-01-22 20:58:59,B,Android
1135,purchase,2023-01-22 15:42:33,A,iOS
5070,view,2023-01-22 18:12:57,A,iOS
68,click,2023-01-22 20:26:49,B,iOS
3762,click,2023-01-22 23:48:35,B,iOS
899,view,2023-01-22 09:10:49,A,iOS
3588,click,2023-01-22 07:50:55,B,iOS
64,click,2023-01-22 20:58:20,B,Android
8733,click,2023-01-22 09:02:54,B,Android
7744,click,2023-01-22 09:54:29,B,iOS
892,registration,2023-01-22 06:29:21,A,Android
5135,view,2023-01-22 11:54:29,A,iOS
4223,click,2023-01-22 15:15:20,B,iOS
5958,view,2023-01-22 02:22:01,A,iOS
5271,click,2023-01-22 21:33:10,B,Android
9902,purchase,2023-01-22 03:36:36,B,Android
45,view,2023-01-22 04:43:55,A,iOS
5908,registration,2023-01-22 04:23:29,A,Android
8008,purchase,2023-01-22 09:20:48,A,iOS
1226,registration,2023-01-22 00:59:42,A,Android
9945,purchase,2023-01-22 12:14:56,B,iOS
6558,view,2023-01-22 12:00:05,B,Android
19,view,2023-01-22 16:58:51,A,Android
568,registration,2023-01-22 10:50:26,A,Android
3916,purchase,2023-01-22 22:35:32,B,Android
1261,registration,2023-01-22 19:07:55,B,Android
421,click,2023-01-22 00:14:15,B,Android
9929,registration,2023-01-22 23:40:37,B,iOS
9316,registration,2023-01-22 11:35:14,A,iOS
7458,purchase,2023-01-22 05:16:33,A,Android
2979,registration,2023-01-22 11:34:40,B,Android
831,click,2023-01-22 01:52:59,B,iOS
3858,click,2023-01-22 04:22:35,B,iOS
5034,click,2023-01-22 22:43:08,B,iOS
4568,registration,2023-01-22 13:30:14,B,Android
4624,view,2023-01-22 18:02:09,B,Android
2752,click,2023-01-22 17:25:07,A,iOS
7135,registration,2023-01-22 03:01:04,B,Android
7104,click,2023-01-22 20:03:40,B,iOS
1673,view,2023-01-22 20:04:12,A,iOS
8379,purchase,2023-01-22 06:50:43,B,Android
2960,view,2023-01-22 23:21:33,A,iOS
4387,view,2023-01-22 14:55:43,B,Android
6294,view,2023-01-22 13:43:33,B,iOS
546,view,2023-01-22 16:32:35,A,iOS
9650,click,2023-01-22 23:36:18,B,Android
1137,click,2023-01-22 03:03:54,A,iOS
634,view,2023-01-22 05:20:35,B,iOS
3591,registration,2023-01-22 20:09:25,B,Android
7126,click,2023-01-22 23:07:26,A,iOS
1073,click,2023-01-22 20:39:32,A,Android
3653,view,2023-01-22 20:35:44,B,Android
8751,registration,2023-01-22 23:35:58,A,iOS
1935,click,2023-01-22 01:38:35,A,Android
4791,click,2023-01-22 01:05:32,A,iOS
6085,purchase,2023-01-22 12:35:48,A,iOS
5364,click,2023-01-22 12:54:41,B,Android
4614,view,2023-01-22 07:47:36,B,Android
452,click,2023-01-22 18:43:46,A,iOS
6508,view,2023-01-22 04:15:47,A,Android
2526,click,2023-01-22 23:11:10,A,Android
8869,registration,2023-01-22 14:34:50,A,iOS
4978,view,2023-01-22 21:43:43,B,Android
646,registration,2023-01-22 12:12:32,A,iOS
2084,click,2023-01-22 15:29:39,B,iOS
9288,click,2023-01-22 04:03:19,A,iOS
177,view,2023-01-22 08:38:01,A,iOS
2638,click,2023-01-22 21:09:22,B,iOS
9702,click,2023-01-22 01:49:18,B,Android
6367,click,2023-01-22 23:13:56,B,iOS
9188,click,2023-01-22 21:30:14,A,Android
4187,click,2023-01-22 21:26:16,A,iOS
7750,registration,2023-01-22 16:00:03,A,iOS
6434,click,2023-01-22 23:15:51,A,Android
5023,view,2023-01-22 01:45:25,B,Android
5293,view,2023-01-22 16:45:33,A,Android
2537,click,2023-01-22 00:51:14,B,iOS
2930,click,2023-01-22 12:58:19,A,Android
9057,click,2023-01-22 12:45:16,A,iOS
9225,click,2023-01-22 12:32:51,A,Android
6955,registration,2023-01-22 10:47:52,B,iOS
6191,view,2023-01-22 00:51:50,B,iOS
2494,click,2023-01-22 17:14:28,B,iOS
1720,registration,2023-01-22 17:51:50,B,iOS
803,click,2023-01-22 13:27:56,A,Android
4471,view,2023-01-22 14:53:58,B,iOS
2051,registration,2023-01-22 19:41:40,A,Android
5984,registration,2023-01-22 19:37:18,A,Android
891,purchase,2023-01-22 14:37:10,B,Android
9771,click,2023-01-22 21:54:04,B,Android
3317,view,2023-01-22 05:42:35,B,iOS
3667,view,2023-01-22 07:30:32,B,Android
3115,click,2023-01-22 11:43:53,B,Android
2291,click,2023-01-22 11:35:34,A,Android
86,registration,2023-01-22 18:07:37,A,iOS
6044,view,2023-01-22 08:40:39,A,Android
1313,view,2023-01-22 16:17:53,A,iOS
2497,registration,2023-01-22 13:01:10,A,iOS
9506,click,2023-01-22 16:08:41,B,iOS
6189,purchase,2023-01-22 12:43:03,B,iOS
4772,view,2023-01-22 03:42:57,A,iOS
8874,click,2023-01-22 02:17:31,B,iOS
8860,click,2023-01-22 21:19:53,B,iOS
6358,click,2023-01-22 00:02:37,B,Android
7796,click,2023-01-22 10:42:49,B,iOS
8732,view,2023-01-22 18:14:34,A,iOS
5525,registration,2023-01-22 07:38:12,B,Android
9531,view,2023-01-22 23:28:27,B,iOS
2428,purchase,2023-01-22 19:29:15,B,Android
5303,view,2023-01-22 13:24:25,B,iOS
998,view,2023-01-22 00:29:02,B,iOS
6537,click,2023-01-22 11:52:28,A,iOS
2686,view,2023-01-22 20:08:37,A,iOS
305,click,2023-01-22 14:42:39,A,iOS
1817,registration,2023-01-22 18:08:45,A,Android
8109,registration,2023-01-22 07:37:55,B,Android
3774,view,2023-01-22 16:41:53,B,Android
2187,click,2023-01-22 20:17:00,A,Android
9049,registration,2023-01-22 04:08:08,A,iOS
2308,view,2023-01-22 11:28:50,A,iOS
4084,click,2023-01-22 18:33:45,B,iOS
1752,click,2023-01-22 19:52:23,B,Android
754,click,2023-01-22 04:42:37,B,Android
9496,registration,2023-01-22 13:08:52,B,iOS
2897,view,2023-01-22 18:50:48,A,iOS
5896,view,2023-01-22 16:17:41,B,Android
6544,registration,2023-01-22 18:30:52,B,iOS
2649,view,2023-01-22 10:26:09,B,iOS
2900,view,2023-01-22 18:38:44,A,Android
6372,click,2023-01-22 06:53:00,A,Android
9487,view,2023-01-22 08:25:44,B,iOS
3348,registration,2023-01-22 19:45:28,A,iOS
3880,view,2023-01-22 04:05:17,B,Android
777,registration,2023-01-22 09:37:04,A,Android
9911,registration,2023-01-22 04:05:30,A,iOS
468,registration,2023-01-22 12:02:02,B,Android
4460,registration,2023-01-22 23:41:42,A,iOS
8662,purchase,2023-01-22 12:00:44,A,Android
5014,click,2023-01-22 06:26:59,B,Android
6597,click,2023-01-22 01:42:47,A,iOS
7381,registration,2023-01-22 20:01:59,B,iOS
359,click,2023-01-22 09:11:39,B,Android
2913,click,2023-01-22 16:14:42,A,Android
6718,view,2023-01-22 03:30:16,B,iOS
3874,registration,2023-01-22 23:03:18,A,Android
8182,view,2023-01-22 02:19:13,B,iOS
679,view,2023-01-22 00:57:56,B,Android
83,purchase,2023-01-22 15:59:39,B,iOS
4872,click,2023-01-22 08:15:14,B,iOS
1308,view,2023-01-22 05:25:34,A,Android
550,view,2023-01-22 10:38:26,A,iOS
438,view,2023-01-22 16:59:18,B,iOS
9637,view,2023-01-22 04:40:28,B,iOS
1705,click,2023-01-22 22:10:29,A,Android
5512,click,2023-01-22 00:21:17,B,Android
6847,registration,2023-01-22 02:29:15,B,Android
3309,view,2023-01-22 09:17:07,A,iOS
5785,click,2023-01-22 06:25:47,B,iOS
2944,click,2023-01-22 21:41:19,B,iOS
7648,view,2023-01-22 16:19:04,A,Android
5890,view,2023-01-22 18:29:52,A,Android
7682,purchase,2023-01-22 20:22:27,A,Android
4479,purchase,2023-01-22 07:04:00,A,iOS
2733,click,2023-01-22 12:11:06,B,Android
2365,view,2023-01-22 23:39:46,B,iOS
1710,click,2023-01-22 03:03:14,B,iOS
2391,click,2023-01-22 10:07:58,A,iOS
715,purchase,2023-01-22 22:32:11,A,iOS
1515,view,2023-01-22 22:28:30,A,iOS
8672,registration,2023-01-22 01:47:32,B,Android
7959,view,2023-01-22 16:43:26,A,iOS
4890,view,2023-01-22 11:25:56,A,Android
2015,registration,2023-01-22 01:09:04,B,iOS
9223,click,2023-01-22 05:40:33,A,iOS
9178,registration,2023-01-22 04:16:59,B,Android
7589,click,2023-01-22 02:19:31,A,Android
2901,view,2023-01-22 09:04:14,A,Android
3465,purchase,2023-01-22 14:55:40,B,iOS
1911,view,2023-01-22 01:57:01,B,iOS
376,click,2023-01-22 18:12:13,B,Android
5927,click,2023-01-22 20:56:45,A,iOS
1501,registration,2023-01-22 16:13:42,A,Android
6546,click,2023-01-22 20:00:31,B,Android
7272,click,2023-01-22 16:11:28,B,iOS
3190,click,2023-01-22 08:31:24,A,iOS
1837,click,2023-01-22 07:56:13,B,Android
9385,click,2023-01-22 04:19:26,B,Android
4858,click,2023-01-22 13:39:41,A,iOS
593,click,2023-01-22 11:31:13,A,Android
5080,registration,2023-01-22 11:16:40,B,iOS
7896,view,2023-01-22 10:34:25,B,Android
772,purchase,2023-01-22 09:22:07,A,iOS
6413,view,2023-01-22 03:40:24,B,Android
3634,click,2023-01-22 01:01:15,B,Android
9656,view,2023-01-22 05:16:53,B,Android
1387,registration,2023-01-22 07:43:02,A,Android
2589,view,2023-01-22 07:19:59,B,Android
2677,purchase,2023-01-22 17:54:10,B,Android
2445,click,2023-01-22 10:35:06,B,iOS
1683,view,2023-01-22 02:45:52,A,iOS
4891,registration,2023-01-22 14:37:24,A,Android
6680,purchase,2023-01-22 09:12:01,B,iOS
1014,registration,2023-01-22 10:45:11,B,iOS
6744,purchase,2023-01-22 23:09:29,B,Android
2313,view,2023-01-22 12:32:06,B,Android
5966,click,2023-01-22 21:44:41,B,Android
7833,view,2023-01-22 05:09:37,B,Android
1036,view,2023-01-22 10:03:56,A,iOS
3986,click,2023-01-22 14:04:31,A,iOS
3295,click,2023-01-22 18:12:33,A,Android
5419,view,2023-01-22 13:16:05,A,Android
6487,registration,2023-01-22 17:38:37,B,iOS
2372,view,2023-01-22 11:51:37,B,Android
5528,purchase,2023-01-22 18:46:05,B,iOS
2307,click,2023-01-22 16:10:14,A,Android
6941,purchase,2023-01-22 01:22:12,A,iOS
6937,click,2023-01-22 03:30:43,B,Android
1742,click,2023-01-22 21:33:14,B,Android
7641,view,2023-01-22 15:52:04,B,Android
1191,registration,2023-01-22 19:50:18,A,iOS
1908,click,2023-01-22 08:55:17,B,iOS
361,click,2023-01-22 19:49:29,B,iOS
957,click,2023-01-22 19:35:18,A,Android
5522,click,2023-01-22 20:17:36,A,Android
6653,click,2023-01-22 13:21:22,A,Android
8698,click,2023-01-22 05:36:21,A,Android
4993,click,2023-01-22 01:41:35,A,Android
4610,view,2023-01-22 08:11:02,B,iOS
485,view,2023-01-22 08:19:08,B,Android
7296,click,2023-01-22 16:04:10,B,Android
9691,click,2023-01-22 04:56:55,A,Android
6137,view,2023-01-22 13:39:20,A,Android
1315,view,2023-01-22 12:23:38,A,Android
9856,purchase,2023-01-22 16:24:27,B,iOS
1327,click,2023-01-22 21:12:21,B,Android
7767,view,2023-01-22 07:05:26,B,Android
883,registration,2023-01-22 10:56:02,A,iOS
692,click,2023-01-22 15:01:14,B,iOS
8680,view,2023-01-22 11:51:04,B,iOS
4546,click,2023-01-22 07:07:21,B,iOS
1633,click,2023-01-22 11:47:48,B,Android
8147,click,2023-01-22 07:38:25,A,iOS
5559,registration,2023-01-22 16:05:00,A,Android
4575,click,2023-01-22 18:46:14,A,Android
1260,click,2023-01-22 17:46:26,A,iOS
8683,view,2023-01-22 21:43:31,A,iOS
3643,click,2023-01-22 22:07:53,B,Android
3024,click,2023-01-22 15:52:17,A,Android
2205,click,2023-01-22 06:02:00,A,iOS
579,view,2023-01-22 21:45:17,B,Android
7808,click,2023-01-22 16:33:57,A,iOS
7277,click,2023-01-22 12:24:21,B,Android
6517,click,2023-01-22 11:44:20,B,iOS
6864,click,2023-01-22 14:19:47,B,Android
7687,view,2023-01-22 09:46:37,A,Android
447,view,2023-01-22 05:22:33,A,Android
8082,click,2023-01-22 15:35:08,B,iOS
9414,click,2023-01-22 15:10:27,A,iOS
1951,registration,2023-01-22 05:54:06,B,iOS
2203,view,2023-01-22 23:38:28,B,Android
5979,click,2023-01-22 19:58:49,A,iOS
3792,view,2023-01-22 12:57:36,B,Android
7140,purchase,2023-01-22 10:51:06,A,Android
8106,purchase,2023-01-22 04:02:02,A,iOS
5032,click,2023-01-22 21:00:27,A,Android
8595,click,2023-01-22 21:31:15,A,iOS
1387,registration,2023-01-22 11:17:21,A,Android
5851,view,2023-01-22 11:34:47,A,Android
6038,purchase,2023-01-22 08:45:44,B,iOS
1782,view,2023-01-22 12:23:29,B,Android
9495,click,2023-01-22 15:13:45,B,iOS
5740,view,2023-01-22 19:40:29,B,Android
3260,click,2023-01-22 18:20:32,A,Android
279,click,2023-01-22 14:08:06,B,Android
7389,view,2023-01-22 06:06:04,B,Android
9544,registration,2023-01-22 14:03:22,B,iOS
9676,view,2023-01-22 15:09:23,A,iOS
3225,registration,2023-01-22 00:51:24,B,iOS
8301,view,2023-01-22 21:26:04,A,Android
8037,click,2023-01-22 23:51:42,B,iOS
32,click,2023-01-22 15:39:03,A,iOS
8632,purchase,2023-01-22 11:45:21,B,iOS
8728,registration,2023-01-22 02:58:14,A,Android
4507,purchase,2023-01-22 02:38:38,A,iOS
318,click,2023-01-22 18:25:30,A,Android
4874,purchase,2023-01-22 02:34:24,B,iOS
5965,click,2023-01-22 21:26:14,A,iOS
3203,click,2023-01-22 18:50:10,B,iOS
7490,purchase,2023-01-22 04:51:53,B,Android
4665,click,2023-01-22 13:11:56,B,Android
6311,click,2023-01-22 21:07:50,B,iOS
3841,view,2023-01-22 04:34:41,B,iOS
7814,registration,2023-01-22 16:20:17,A,Android
5454,click,2023-01-22 04:11:28,B,Android
6074,view,2023-01-22 13:51:19,B,Android
6636,view,2023-01-22 02:54:37,B,iOS
9549,view,2023-01-22 19:38:50,A,Android
7987,click,2023-01-22 06:01:43,B,Android
3367,view,2023-01-22 08:50:00,B,iOS
4711,view,2023-01-22 11:49:51,B,iOS
1958,view,2023-01-22 21:56:57,B,iOS
4319,view,2023-01-22 16:29:22,B,Android
9580,click,2023-01-22 11:08:55,B,iOS
6851,click,2023-01-22 01:02:32,B,Android
5474,click,2023-01-22 12:05:29,B,iOS
450,click,2023-01-22 00:14:42,A,iOS
737,view,2023-01-22 03:37:48,A,Android
1581,registration,2023-01-22 19:58:33,A,iOS
6132,registration,2023-01-22 07:59:17,B,Android
3130,registration,2023-01-22 15:26:50,A,iOS
3548,registration,2023-01-22 23:47:00,A,iOS
7805,click,2023-01-22 02:53:52,B,iOS
6644,click,2023-01-22 12:30:10,A,Android
6261,click,2023-01-22 15:37:04,A,iOS
6658,click,2023-01-22 16:24:27,A,iOS
9287,view,2023-01-22 14:24:27,A,iOS
1307,view,2023-01-22 22:20:23,A,iOS
4353,purchase,2023-01-22 21:13:47,B,iOS
1039,registration,2023-01-22 02:05:15,A,Android
175,click,2023-01-22 04:00:42,B,iOS
9735,click,2023-01-22 16:25:07,A,Android
1495,view,2023-01-22 13:51:16,A,iOS
4386,view,2023-01-22 00:05:37,B,Android
3377,view,2023-01-22 00:46:08,B,iOS
8548,click,2023-01-22 09:26:27,A,iOS
6404,purchase,2023-01-22 18:55:02,A,Android
4096,purchase,2023-01-22 20:24:02,A,Android
8614,view,2023-01-22 21:54:11,B,Android
9678,view,2023-01-22 19:36:22,B,Android
3881,click,2023-01-22 03:07:29,A,iOS
5489,click,2023-01-22 16:43:08,B,iOS
9169,registration,2023-01-22 01:51:38,B,Android
4665,view,2023-01-22 05:26:08,B,Android
9820,view,2023-01-22 09:36:49,A,iOS
9915,registration,2023-01-22 01:38:24,A,iOS
8967,registration,2023-01-22 14:11:01,B,Android
6769,view,2023-01-22 01:29:43,A,Android
18,registration,2023-01-22 08:39:30,B,Android
1894,view,2023-01-22 08:28:57,A,Android
9474,click,2023-01-22 16:05:30,B,Android
9325,view,2023-01-22 14:15:22,B,iOS
4002,click,2023-01-22 05:18:38,B,Android
1302,click,2023-01-22 16:54:02,A,iOS
6489,click,2023-01-22 20:30:23,B,iOS
9788,click,2023-01-22 03:04:47,B,Android
7798,click,2023-01-22 09:31:26,B,Android
2841,click,2023-01-22 13:56:38,B,Android
4671,purchase,2023-01-22 17:52:34,B,iOS
1411,click,2023-01-22 18:44:32,A,iOS
990,registration,2023-01-22 20:37:14,A,iOS
8686,registration,2023-01-22 09:01:52,A,iOS
1980,click,2023-01-22 17:59:22,A,Android
820,click,2023-01-22 20:14:57,A,Android
1153,click,2023-01-22 06:17:21,B,Android
1317,click,2023-01-22 06:05:25,A,Android
5430,view,2023-01-22 14:08:50,A,iOS
7478,view,2023-01-22 20:19:15,A,Android
2607,click,2023-01-22 07:30:49,A,iOS
8434,view,2023-01-22 08:45:25,A,iOS
7683,view,2023-01-22 01:08:06,B,Android
988,view,2023-01-22 14:21:02,B,Android
9582,registration,2023-01-22 16:13:02,B,iOS
1877,purchase,2023-01-22 18:32:16,A,Android
3501,view,2023-01-22 21:45:27,A,Android
6781,registration,2023-01-22 15:57:58,A,Android
6518,registration,2023-01-22 22:20:25,B,Android
5561,purchase,2023-01-22 23:23:09,A,iOS
7313,purchase,2023-01-22 02:47:16,A,Android
3393,registration,2023-01-23 07:20:53,A,iOS
3085,view,2023-01-23 02:21:28,B,Android
8664,click,2023-01-23 13:00:47,A,iOS
3030,purchase,2023-01-23 00:23:51,B,iOS
7265,click,2023-01-23 05:31:23,B,Android
3518,registration,2023-01-23 21:42:48,B,iOS
9009,click,2023-01-23 12:07:10,A,iOS
4453,view,2023-01-23 05:01:36,B,iOS
3907,registration,2023-01-23 00:24:31,A,iOS
5916,click,2023-01-23 14:09:42,A,Android
4705,click,2023-01-23 04:07:42,A,iOS
5104,view,2023-01-23 10:57:55,A,iOS
5060,registration,2023-01-23 17:44:13,A,Android
791,registration,2023-01-23 16:26:43,B,iOS
6046,registration,2023-01-23 01:05:39,A,iOS
8211,view,2023-01-23 15:39:38,A,Android
7685,click,2023-01-23 23:08:43,A,Android
8971,click,2023-01-23 09:52:07,A,iOS
8221,click,2023-01-23 17:47:35,B,iOS
3798,view,2023-01-23 08:12:30,B,Android
841,view,2023-01-23 07:24:54,B,iOS
2052,purchase,2023-01-23 12:26:38,A,iOS
7655,view,2023-01-23 08:45:31,B,iOS
4745,click,2023-01-23 04:36:35,B,iOS
1280,view,2023-01-23 08:36:28,A,iOS
7652,view,2023-01-23 14:18:02,B,Android
8171,registration,2023-01-23 22:19:43,B,Android
6188,registration,2023-01-23 00:14:27,A,Android
6799,view,2023-01-23 19:20:05,B,Android
2915,purchase,2023-01-23 23:46:17,A,Android
8850,purchase,2023-01-23 23:00:14,B,Android
75,registration,2023-01-23 07:41:09,B,Android
9948,registration,2023-01-23 16:22:59,B,iOS
8333,purchase,2023-01-23 01:14:45,B,Android
1657,view,2023-01-23 04:28:42,A,iOS
6819,view,2023-01-23 09:37:54,B,iOS
3445,click,2023-01-23 08:29:51,B,iOS
9498,click,2023-01-23 09:13:12,B,iOS
572,click,2023-01-23 02:22:44,B,iOS
6013,registration,2023-01-23 04:07:30,A,iOS
4023,view,2023-01-23 12:34:37,A,Android
2016,view,2023-01-23 14:36:23,A,Android
8060,click,2023-01-23 18:04:19,B,Android
6251,view,2023-01-23 18:58:04,B,iOS
3701,registration,2023-01-23 17:12:25,A,iOS
2395,click,2023-01-23 08:41:25,B,iOS
8605,click,2023-01-23 13:41:00,A,Android
5797,view,2023-01-23 22:24:24,A,iOS
6040,registration,2023-01-23 07:06:21,B,iOS
4819,view,2023-01-23 17:30:47,B,Android
9389,view,2023-01-23 02:51:09,B,Android
4645,view,2023-01-23 20:23:16,A,iOS
2077,click,2023-01-23 02:12:21,B,iOS
1047,view,2023-01-23 04:59:51,A,Android
5543,registration,2023-01-23 23:40:56,A,iOS
1391,click,2023-01-23 15:34:38,B,Android
3456,registration,2023-01-23 17:11:14,B,iOS
3314,view,2023-01-23 12:53:21,A,Android
5045,purchase,2023-01-23 04:34:54,B,iOS
2177,click,2023-01-23 16:52:36,B,iOS
5990,click,2023-01-23 09:52:56,A,iOS
4612,click,2023-01-23 12:40:43,B,Android
6426,click,2023-01-23 22:57:05,A,Android
1208,view,2023-01-23 15:51:51,A,iOS
2790,registration,2023-01-23 00:16:28,B,Android
6424,click,2023-01-23 16:44:38,B,Android
4191,view,2023-01-23 19:53:09,B,Android
7247,registration,2023-01-23 11:27:14,B,iOS
357,click,2023-01-23 21:57:50,A,Android
3591,purchase,2023-01-23 02:21:01,B,Android
6143,view,2023-01-23 18:18:25,A,Android
6177,view,2023-01-23 01:53:25,A,iOS
2584,registration,2023-01-23 03:07:20,B,Android
1662,view,2023-01-23 04:05:59,A,iOS
5696,click,2023-01-23 18:15:47,A,iOS
8861,view,2023-01-23 13:35:57,B,iOS
3435,view,2023-01-23 08:59:10,A,iOS
9415,click,2023-01-23 02:31:33,A,iOS
6583,click,2023-01-23 08:38:39,A,iOS
6011,click,2023-01-23 15:03:07,A,iOS
6671,purchase,2023-01-23 07:38:06,B,Android
3731,registration,2023-01-23 22:23:03,A,Android
481,registration,2023-01-23 21:05:20,B,Android
5798,click,2023-01-23 08:35:34,B,Android
9745,registration,2023-01-23 17:41:08,A,iOS
5423,click,2023-01-23 10:00:18,B,Android
3892,view,2023-01-23 08:54:21,B,Android
4231,click,2023-01-23 20:28:37,A,iOS
1682,click,2023-01-23 04:32:27,A,Android
9994,click,2023-01-23 14:41:46,A,Android
982,registration,2023-01-23 02:11:06,A,Android
7464,registration,2023-01-23 11:32:36,B,iOS
5070,registration,2023-01-23 02:07:00,A,iOS
4958,registration,2023-01-23 11:30:13,B,iOS
6047,registration,2023-01-23 11:35:35,B,iOS
7847,view,2023-01-23 18:21:44,B,iOS
9689,view,2023-01-23 10:10:31,B,Android
3741,view,2023-01-23 13:59:07,A,Android
1983,click,2023-01-23 05:00:24,A,iOS
1754,click,2023-01-23 17:39:04,B,Android
534,click,2023-01-23 06:47:07,A,Android
9795,purchase,2023-01-23 17:08:01,B,iOS
3823,click,2023-01-23 23:51:40,B,iOS
7997,click,2023-01-23 07:19:53,B,Android
2213,click,2023-01-23 00:17:58,A,Android
4176,click,2023-01-23 12:15:42,B,Android
6511,purchase,2023-01-23 16:51:05,B,iOS
299,click,2023-01-23 23:53:04,B,Android
5247,view,2023-01-23 15:25:12,A,Android
4136,purchase,2023-01-23 05:51:10,A,Android
2696,registration,2023-01-23 14:24:36,B,iOS
7010,purchase,2023-01-23 12:11:47,A,Android
9225,view,2023-01-23 22:03:10,A,Android
505,purchase,2023-01-23 21:23:17,B,iOS
2764,view,2023-01-23 04:23:40,B,iOS
4257,purchase,2023-01-23 01:04:12,B,Android
8641,registration,2023-01-23 20:08:32,A,iOS
3886,click,2023-01-23 23:43:30,A,iOS
1465,purchase,2023-01-23 21:23:19,B,iOS
6859,click,2023-01-23 23:09:01,B,Android
6896,view,2023-01-23 21:37:26,B,Android
3147,click,2023-01-23 18:58:01,B,iOS
7602,click,2023-01-23 08:32:13,B,iOS
8558,view,2023-01-23 16:30:05,B,Android
950,registration,2023-01-23 00:57:27,B,iOS
3689,purchase,2023-01-23 07:14:24,B,Android
5620,click,2023-01-23 20:14:09,B,iOS
233,view,2023-01-23 03:08:25,B,Android
5198,view,2023-01-23 04:21:20,A,iOS
2792,click,2023-01-23 21:56:43,A,Android
7245,view,2023-01-23 23:44:49,A,Android
5694,click,2023-01-23 08:27:13,A,Android
8346,view,2023-01-23 15:15:47,A,Android
9893,registration,2023-01-23 18:45:25,B,iOS
2462,click,2023-01-23 00:30:06,B,Android
2849,view,2023-01-23 17:29:37,B,Android
1406,registration,2023-01-23 07:01:03,B,iOS
2776,view,2023-01-23 13:31:22,A,Android
8300,view,2023-01-23 06:20:40,B,Android
2912,view,2023-01-23 00:15:03,A,Android
2380,click,2023-01-23 10:50:01,B,iOS
7977,registration,2023-01-23 17:09:17,A,iOS
6336,click,2023-01-23 08:56:11,A,iOS
8336,click,2023-01-23 14:39:22,B,iOS
7313,click,2023-01-23 10:00:12,A,Android
7461,view,2023-01-23 00:20:26,B,Android
1713,view,2023-01-23 20:52:16,B,Android
8291,registration,2023-01-23 08:50:54,A,iOS
2280,view,2023-01-23 13:45:30,A,Android
9085,view,2023-01-23 18:28:49,B,iOS
7738,registration,2023-01-23 10:21:41,A,iOS
5957,view,2023-01-23 00:09:38,B,iOS
4260,view,2023-01-23 09:31:46,A,Android
3318,click,2023-01-23 17:54:06,A,Android
2791,view,2023-01-23 02:01:52,A,iOS
1894,click,2023-01-23 23:40:01,A,Android
4571,purchase,2023-01-23 13:12:23,A,iOS
4835,purchase,2023-01-23 20:12:10,B,Android
185,click,2023-01-23 01:29:10,B,iOS
5561,click,2023-01-23 08:51:19,A,iOS
2842,click,2023-01-23 10:07:44,A,iOS
1124,registration,2023-01-23 11:25:57,B,iOS
8975,purchase,2023-01-23 04:31:29,B,Android
392,click,2023-01-23 01:54:49,B,iOS
6115,view,2023-01-23 08:43:38,A,Android
2244,registration,2023-01-23 16:02:41,A,Android
9535,view,2023-01-23 16:36:27,A,Android
2518,click,2023-01-23 12:51:35,B,iOS
1652,view,2023-01-23 01:23:54,B,iOS
7439,click,2023-01-23 00:53:35,B,iOS
5988,view,2023-01-23 07:32:42,A,iOS
6642,view,2023-01-23 07:19:47,A,iOS
6579,registration,2023-01-23 04:24:41,A,Android
8790,click,2023-01-23 01:08:47,B,Android
1518,click,2023-01-23 12:30:42,B,iOS
7236,click,2023-01-23 03:47:11,B,iOS
410,view,2023-01-23 02:45:54,A,Android
5326,click,2023-01-23 16:28:03,B,Android
4790,click,2023-01-23 06:53:53,B,Android
70,click,2023-01-23 20:28:24,B,iOS
1031,registration,2023-01-23 22:02:20,A,Android
6965,registration,2023-01-23 16:48:15,B,iOS
8990,click,2023-01-23 12:21:40,A,Android
40,view,2023-01-23 19:12:31,B,Android
1653,registration,2023-01-23 19:07:04,A,iOS
1143,registration,2023-01-23 11:59:59,A,Android
6370,click,2023-01-23 10:17:02,B,iOS
7444,purchase,2023-01-23 14:22:33,A,iOS
6449,view,2023-01-23 07:01:56,B,Android
3363,click,2023-01-23 05:05:31,B,Android
8811,click,2023-01-23 08:29:32,A,iOS
2064,view,2023-01-23 05:54:37,B,Android
9699,registration,2023-01-23 22:47:45,A,iOS
1915,view,2023-01-23 12:22:29,A,Android
3367,click,2023-01-23 19:07:57,B,iOS
9892,registration,2023-01-23 05:45:43,B,Android
8867,view,2023-01-23 08:21:05,A,iOS
5152,view,2023-01-23 13:14:42,A,iOS
360,click,2023-01-23 04:59:23,A,Android
3820,registration,2023-01-23 10:49:38,B,iOS
5607,registration,2023-01-23 22:17:56,B,iOS
1509,click,2023-01-23 17:56:41,A,iOS
895,click,2023-01-23 19:26:03,B,iOS
5377,registration,2023-01-23 18:55:55,A,Android
4986,registration,2023-01-23 08:55:20,B,iOS
4949,view,2023-01-23 16:31:40,B,iOS
6469,registration,2023-01-23 14:34:13,B,Android
2513,purchase,2023-01-23 02:57:43,B,Android
3449,click,2023-01-23 18:19:04,A,iOS
2087,view,2023-01-23 11:24:01,B,iOS
1223,view,2023-01-23 07:58:45,A,iOS
449,click,2023-01-23 10:00:02,B,iOS
7959,view,2023-01-23 09:30:18,A,iOS
8793,view,2023-01-23 14:47:44,B,Android
3175,purchase,2023-01-23 07:39:17,A,iOS
8935,click,2023-01-23 16:08:14,B,iOS
2100,registration,2023-01-23 23:05:36,A,iOS
7030,click,2023-01-23 04:32:31,B,iOS
4306,click,2023-01-23 23:41:57,A,Android
8896,click,2023-01-23 05:18:17,B,Android
4500,view,2023-01-23 03:34:14,A,Android
1866,registration,2023-01-23 06:05:29,B,Android
4470,view,2023-01-23 05:21:36,A,iOS
7195,view,2023-01-23 07:41:06,B,iOS
3070,registration,2023-01-23 19:16:28,B,iOS
8551,view,2023-01-23 22:10:19,A,iOS
5013,registration,2023-01-23 00:44:24,A,iOS
1448,view,2023-01-23 13:07:52,B,iOS
8543,purchase,2023-01-23 00:08:36,B,Android
4086,view,2023-01-23 12:10:07,B,Android
1276,view,2023-01-23 03:37:14,B,iOS
7432,view,2023-01-23 11:01:06,B,Android
186,registration,2023-01-23 16:06:34,B,iOS
5063,click,2023-01-23 10:38:20,A,Android
5246,view,2023-01-23 13:56:20,B,Android
7390,view,2023-01-23 06:50:38,A,iOS
1052,view,2023-01-23 19:51:25,A,iOS
4964,registration,2023-01-23 11:28:18,A,Android
834,view,2023-01-23 01:19:42,B,Android
5345,purchase,2023-01-23 19:26:59,A,iOS
6928,click,2023-01-23 02:04:02,A,iOS
7786,click,2023-01-23 12:15:45,A,iOS
6988,click,2023-01-23 10:49:45,B,iOS
6721,purchase,2023-01-23 19:35:35,B,Android
1201,click,2023-01-23 04:32:17,A,iOS
7634,registration,2023-01-23 10:37:38,A,Android
9067,view,2023-01-23 12:53:12,B,iOS
7730,click,2023-01-23 07:41:08,B,Android
3069,view,2023-01-23 06:47:12,A,iOS
4045,purchase,2023-01-23 05:54:59,B,Android
3275,click,2023-01-23 00:37:51,A,iOS
1567,purchase,2023-01-23 15:07:59,B,Android
8104,click,2023-01-23 00:13:20,B,Android
9436,purchase,2023-01-23 09:27:05,A,Android
8031,view,2023-01-23 23:43:25,A,iOS
1170,click,2023-01-23 23:40:03,B,iOS
1106,view,2023-01-23 20:07:34,A,iOS
1929,registration,2023-01-23 12:48:07,B,iOS
8174,click,2023-01-23 11:57:20,B,iOS
1301,registration,2023-01-23 20:21:56,B,Android
7071,click,2023-01-23 06:47:39,A,iOS
3004,click,2023-01-23 05:29:35,A,iOS
3107,purchase,2023-01-23 01:36:41,A,iOS
7811,view,2023-01-23 22:51:24,A,Android
6461,click,2023-01-23 06:52:38,A,Android
3101,registration,2023-01-23 10:08:15,B,Android
7297,click,2023-01-23 02:35:32,A,iOS
1618,view,2023-01-23 17:29:37,B,iOS
5509,click,2023-01-23 13:49:03,A,Android
3650,click,2023-01-23 11:31:01,A,iOS
8414,purchase,2023-01-23 04:47:44,A,Android
6295,purchase,2023-01-23 02:20:53,A,Android
1428,registration,2023-01-23 21:40:59,A,iOS
9481,view,2023-01-23 11:24:44,B,Android
4391,view,2023-01-23 18:15:51,B,Android
2205,view,2023-01-23 06:54:21,A,iOS
9872,click,2023-01-23 11:55:58,B,iOS
1445,purchase,2023-01-23 21:11:35,B,iOS
6129,click,2023-01-23 12:05:52,B,iOS
444,click,2023-01-23 21:47:51,B,Android
1296,view,2023-01-23 20:41:31,B,Android
5513,view,2023-01-23 23:25:55,A,Android
8328,view,2023-01-23 05:59:39,B,iOS
2217,view,2023-01-23 08:36:11,B,iOS
3935,registration,2023-01-23 03:25:29,B,Android
728,click,2023-01-23 06:28:26,B,Android
5809,registration,2023-01-23 14:29:18,A,iOS
3430,click,2023-01-23 18:17:37,A,iOS
3186,click,2023-01-23 21:51:39,B,Android
45,registration,2023-01-23 09:33:31,A,iOS
8123,click,2023-01-23 22:36:17,B,iOS
4406,click,2023-01-23 05:45:40,A,Android
3108,registration,2023-01-23 20:09:10,A,iOS
3591,click,2023-01-23 08:45:04,B,Android
8883,view,2023-01-23 02:13:43,A,iOS
8820,view,2023-01-23 08:39:36,B,iOS
6147,click,2023-01-23 11:45:25,B,iOS
4838,view,2023-01-23 12:58:37,B,iOS
9785,view,2023-01-23 12:55:03,A,iOS
4878,click,2023-01-23 10:53:16,A,Android
6820,registration,2023-01-23 07:17:51,A,iOS
9564,click,2023-01-23 07:46:12,B,iOS
6266,view,2023-01-23 05:06:57,B,Android
4402,click,2023-01-23 07:06:05,B,iOS
9441,click,2023-01-23 01:03:26,B,iOS
5013,registration,2023-01-23 17:09:36,A,iOS
4657,view,2023-01-23 08:29:51,B,iOS
5723,view,2023-01-23 01:24:34,B,Android
3563,view,2023-01-23 05:00:16,A,Android
8541,view,2023-01-23 08:02:44,B,iOS
5290,view,2023-01-23 05:39:12,A,iOS
1525,view,2023-01-23 23:54:08,A,iOS
13,view,2023-01-23 00:56:28,A,Android
8686,view,2023-01-23 04:38:52,A,iOS
6589,registration,2023-01-23 07:02:09,B,Android
4234,view,2023-01-23 00:30:16,B,Android
39,view,2023-01-23 21:48:34,B,Android
7174,click,2023-01-23 18:46:39,A,Android
3753,view,2023-01-23 10:48:05,A,Android
632,click,2023-01-23 22:19:01,A,iOS
9106,click,2023-01-23 23:47:06,A,iOS
8226,registration,2023-01-23 09:48:48,B,iOS
1197,click,2023-01-23 21:16:38,A,Android
116,registration,2023-01-23 14:40:04,A,iOS
2166,view,2023-01-23 10:45:06,A,Android
1016,click,2023-01-23 03:06:04,A,Android
7141,purchase,2023-01-23 05:47:04,B,Android
7477,view,2023-01-23 14:46:08,A,iOS
236,click,2023-01-23 12:01:01,A,iOS
2016,registration,2023-01-23 05:14:22,A,Android
412,view,2023-01-23 01:55:12,B,Android
3002,view,2023-01-23 18:30:53,B,Android
7397,purchase,2023-01-23 06:30:54,A,Android
3502,click,2023-01-23 11:46:34,A,iOS
8016,click,2023-01-23 01:34:29,B,Android
7623,view,2023-01-23 15:28:37,B,Android
8617,click,2023-01-23 22:17:31,B,Android
2538,view,2023-01-23 11:36:46,B,iOS
9383,view,2023-01-23 05:46:37,A,Android
3294,purchase,2023-01-23 21:39:20,A,Android
4644,registration,2023-01-23 16:51:20,A,Android
1709,view,2023-01-23 00:27:28,A,iOS
6587,click,2023-01-23 04:17:37,B,iOS
5349,registration,2023-01-23 18:37:17,A,Android
3034,click,2023-01-23 09:04:07,A,Android
5303,view,2023-01-23 18:15:24,B,iOS
4544,click,2023-01-23 16:13:46,B,iOS
1027,view,2023-01-23 15:09:48,B,iOS
9587,click,2023-01-23 08:03:27,B,iOS
8207,click,2023-01-23 13:15:54,A,iOS
5540,click,2023-01-23 06:03:14,B,iOS
8435,click,2023-01-23 10:14:24,A,Android
7868,view,2023-01-23 21:51:29,B,iOS
2545,click,2023-01-23 05:10:47,B,Android
5104,registration,2023-01-23 20:45:01,A,iOS
2599,registration,2023-01-23 01:41:56,B,iOS
1366,view,2023-01-23 20:53:21,A,iOS
2718,registration,2023-01-23 03:26:05,A,Android
1699,purchase,2023-01-23 06:31:47,A,Android
770,view,2023-01-23 08:48:07,B,iOS
4372,view,2023-01-23 00:31:58,B,Android
9485,click,2023-01-23 15:08:21,A,iOS
9883,click,2023-01-23 00:41:16,B,iOS
8821,view,2023-01-23 01:24:32,B,iOS
9925,click,2023-01-23 22:04:22,B,iOS
6646,purchase,2023-01-23 08:06:06,A,iOS
7354,click,2023-01-23 15:41:43,A,Android
3971,click,2023-01-23 19:01:45,B,iOS
3870,click,2023-01-23 13:23:34,A,Android
6022,click,2023-01-23 12:26:06,A,Android
9718,view,2023-01-23 22:58:19,B,Android
1263,registration,2023-01-23 10:09:13,B,Android
7072,view,2023-01-23 16:41:12,B,Android
2544,registration,2023-01-23 04:39:10,A,iOS
5700,view,2023-01-23 07:11:13,A,Android
3254,click,2023-01-23 05:58:38,A,Android
3130,click,2023-01-23 14:54:50,A,iOS
4891,registration,2023-01-23 20:05:43,A,Android
6618,registration,2023-01-23 03:39:32,A,iOS
2618,registration,2023-01-23 07:44:14,A,iOS
5031,click,2023-01-23 15:07:08,B,iOS
2829,registration,2023-01-23 08:37:18,A,Android
8434,view,2023-01-23 05:39:59,A,iOS
7605,click,2023-01-23 00:05:16,B,Android
5489,registration,2023-01-23 00:45:43,B,iOS
1433,registration,2023-01-23 08:05:02,A,Android
7647,view,2023-01-23 04:52:46,A,iOS
521,view,2023-01-23 10:08:08,B,iOS
4295,click,2023-01-23 16:58:24,A,Android
9201,registration,2023-01-23 05:11:33,A,iOS
8872,view,2023-01-23 20:36:09,B,iOS
6057,view,2023-01-23 00:21:55,A,Android
5974,view,2023-01-23 15:07:50,B,iOS
6003,view,2023-01-23 10:50:46,B,iOS
8452,click,2023-01-23 12:32:56,A,Android
6193,view,2023-01-23 17:47:45,A,iOS
7122,view,2023-01-23 13:36:33,B,Android
9527,view,2023-01-23 00:51:29,B,iOS
3612,view,2023-01-23 18:18:36,B,iOS
5007,registration,2023-01-23 06:39:46,B,iOS
6303,view,2023-01-23 22:59:21,B,iOS
5928,purchase,2023-01-23 05:32:08,B,Android
420,click,2023-01-23 08:40:12,A,Android
5749,view,2023-01-23 20:21:38,B,Android
8857,view,2023-01-23 10:05:55,A,Android
8915,click,2023-01-23 21:32:22,A,iOS
2567,registration,2023-01-23 08:03:30,B,Android
6934,view,2023-01-23 15:12:21,A,iOS
9455,view,2023-01-23 07:16:40,B,iOS
8406,click,2023-01-23 21:58:52,B,iOS
1452,click,2023-01-23 08:50:03,A,Android
9534,click,2023-01-23 21:20:05,A,iOS
7461,click,2023-01-23 16:20:03,B,Android
6956,registration,2023-01-23 00:06:57,B,iOS
2088,view,2023-01-23 11:42:44,B,iOS
5840,purchase,2023-01-23 10:54:21,A,iOS
6206,registration,2023-01-23 03:51:01,B,Android
3118,click,2023-01-23 00:35:45,B,iOS
9003,view,2023-01-23 23:38:38,A,iOS
5498,click,2023-01-23 12:40:42,A,iOS
169,click,2023-01-23 21:39:08,A,iOS
4352,purchase,2023-01-23 01:10:43,B,Android
3062,click,2023-01-23 01:51:38,B,iOS
7932,view,2023-01-23 11:51:11,A,Android
7331,click,2023-01-23 03:52:57,A,iOS
9097,registration,2023-01-23 20:40:40,B,Android
9214,view,2023-01-23 12:00:52,B,iOS
6773,click,2023-01-23 20:58:40,B,Android
3251,click,2023-01-23 23:39:37,B,Android
9684,registration,2023-01-23 00:39:44,B,iOS
6039,click,2023-01-23 02:24:43,B,Android
2703,view,2023-01-23 00:42:24,B,Android
97,click,2023-01-23 20:29:12,A,Android
1070,registration,2023-01-23 16:57:42,B,Android
2261,click,2023-01-23 05:13:43,B,iOS
4198,click,2023-01-23 22:24:16,A,iOS
1478,purchase,2023-01-23 19:25:16,A,iOS
3136,click,2023-01-23 04:40:58,B,Android
1088,click,2023-01-23 13:02:02,B,iOS
5883,view,2023-01-23 07:03:19,A,iOS
3547,click,2023-01-23 10:12:50,A,iOS
6147,registration,2023-01-23 21:15:52,B,iOS
5153,view,2023-01-23 10:03:52,A,Android
3560,click,2023-01-23 08:21:13,B,Android
1919,view,2023-01-23 21:42:19,A,Android
5376,click,2023-01-23 16:51:37,A,Android
5788,click,2023-01-23 17:03:55,B,iOS
9480,view,2023-01-23 07:01:35,A,iOS
8275,view,2023-01-23 12:29:31,B,iOS
4003,view,2023-01-23 06:02:55,B,Android
614,view,2023-01-23 12:50:59,B,iOS
4766,purchase,2023-01-23 09:12:13,B,iOS
8978,view,2023-01-23 19:48:45,A,Android
8592,view,2023-01-23 07:11:21,B,Android
3697,click,2023-01-23 05:39:39,A,iOS
4026,registration,2023-01-23 13:08:45,A,Android
3422,view,2023-01-23 03:41:58,A,iOS
7160,registration,2023-01-23 19:37:56,B,iOS
9655,registration,2023-01-23 21:22:26,A,iOS
4828,click,2023-01-23 06:06:30,A,Android
4618,click,2023-01-23 17:56:18,B,iOS
2959,click,2023-01-23 11:34:03,A,iOS
5712,click,2023-01-23 18:35:15,B,iOS
5966,registration,2023-01-23 04:56:05,B,Android
6876,registration,2023-01-23 01:41:57,A,Android
1486,registration,2023-01-23 11:25:49,A,iOS
5173,view,2023-01-23 16:20:33,A,iOS
334,click,2023-01-23 12:36:41,B,iOS
8348,view,2023-01-23 17:45:28,B,Android
8992,registration,2023-01-23 18:46:20,B,Android
4,registration,2023-01-23 02:40:20,B,Android
9322,registration,2023-01-23 04:02:57,B,Android
1428,registration,2023-01-23 22:49:39,A,iOS
1353,view,2023-01-23 13:25:23,A,Android
6128,click,2023-01-23 06:13:27,B,iOS
5967,click,2023-01-23 21:50:05,A,Android
3766,view,2023-01-23 13:12:32,B,iOS
1907,view,2023-01-23 02:38:29,A,Android
2292,registration,2023-01-23 17:03:48,A,Android
9119,purchase,2023-01-23 22:14:23,B,Android
3336,click,2023-01-23 02:40:02,B,Android
8144,click,2023-01-23 14:56:28,A,Android
8867,view,2023-01-23 09:15:45,A,iOS
7000,click,2023-01-23 21:19:35,B,Android
6944,click,2023-01-23 03:39:37,A,Android
6583,view,2023-01-23 15:56:23,A,iOS
4479,click,2023-01-23 13:54:44,A,iOS
2727,click,2023-01-23 05:56:24,B,Android
4897,view,2023-01-23 07:26:32,A,iOS
7929,click,2023-01-23 14:04:07,B,iOS
5523,registration,2023-01-23 20:05:05,A,iOS
1907,click,2023-01-23 19:46:45,A,Android
389,view,2023-01-23 17:01:49,A,iOS
7681,view,2023-01-23 20:09:26,B,iOS
6823,view,2023-01-23 12:10:59,A,Android
7746,registration,2023-01-23 06:20:14,A,Android
6046,click,2023-01-23 21:03:22,A,iOS
9212,click,2023-01-23 08:48:44,A,Android
7716,click,2023-01-23 00:11:59,B,iOS
6703,view,2023-01-23 23:03:48,B,Android
6973,view,2023-01-23 02:30:31,A,Android
7025,click,2023-01-23 19:43:56,B,Android
3065,registration,2023-01-23 23:14:36,B,iOS
2280,view,2023-01-23 07:11:50,A,Android
3547,click,2023-01-23 03:04:22,A,iOS
2755,view,2023-01-23 20:03:17,B,Android
3912,click,2023-01-23 12:37:07,B,Android
804,view,2023-01-23 21:22:52,A,Android
4772,view,2023-01-23 18:18:51,A,iOS
7269,view,2023-01-23 03:13:20,A,Android
6804,click,2023-01-23 07:19:07,A,Android
374,purchase,2023-01-23 16:29:10,B,iOS
5194,registration,2023-01-23 15:08:15,A,iOS
8435,click,2023-01-23 20:05:18,A,Android
4631,click,2023-01-23 11:46:48,B,iOS
6644,click,2023-01-23 11:57:27,A,Android
8961,registration,2023-01-23 02:17:09,A,Android
2721,view,2023-01-23 14:15:55,A,Android
8535,click,2023-01-23 18:27:45,A,Android
1796,view,2023-01-23 01:27:58,B,iOS
9868,click,2023-01-23 10:51:14,B,Android
671,registration,2023-01-23 01:48:00,B,iOS
7770,view,2023-01-23 21:03:17,A,Android
3967,click,2023-01-23 17:39:27,B,iOS
1542,purchase,2023-01-23 20:43:25,B,iOS
245,purchase,2023-01-23 11:47:45,B,iOS
416,click,2023-01-23 18:34:27,A,Android
6888,click,2023-01-23 01:14:59,A,iOS
3522,click,2023-01-23 23:45:53,B,Android
3799,view,2023-01-23 15:47:56,A,iOS
6195,view,2023-01-23 03:13:03,B,Android
8575,click,2023-01-23 00:50:15,B,Android
7373,view,2023-01-23 00:54:31,A,iOS
3139,click,2023-01-23 16:23:16,A,iOS
8459,click,2023-01-23 10:10:47,A,iOS
1542,click,2023-01-23 00:23:35,B,iOS
2491,purchase,2023-01-23 16:28:08,A,iOS
802,registration,2023-01-23 00:26:09,B,iOS
2430,click,2023-01-23 02:45:16,B,Android
6809,registration,2023-01-23 18:22:28,A,Android
8829,view,2023-01-23 02:42:43,B,iOS
485,view,2023-01-23 02:07:42,B,Android
7305,click,2023-01-23 04:11:15,A,Android
9068,click,2023-01-23 23:49:58,A,Android
9110,view,2023-01-23 19:16:26,A,iOS
8330,view,2023-01-23 07:41:34,B,iOS
5911,click,2023-01-23 02:53:12,B,iOS
593,click,2023-01-23 05:12:23,A,Android
5605,registration,2023-01-23 02:49:31,A,Android
3070,view,2023-01-23 13:35:40,B,iOS
3510,view,2023-01-23 01:13:48,A,Android
2827,view,2023-01-23 09:53:28,B,Android
3806,purchase,2023-01-23 21:01:37,B,iOS
5446,purchase,2023-01-23 23:52:23,A,iOS
3681,view,2023-01-23 07:53:40,B,Android
5776,registration,2023-01-23 09:50:18,A,iOS
8862,purchase,2023-01-23 21:55:54,B,Android
9164,purchase,2023-01-23 19:41:24,A,iOS
9860,registration,2023-01-23 19:21:24,B,iOS
5753,registration,2023-01-23 09:21:11,B,Android
691,view,2023-01-23 23:11:14,A,Android
375,registration,2023-01-23 03:44:36,A,iOS
2750,click,2023-01-23 19:09:17,B,Android
3450,purchase,2023-01-23 01:52:08,A,Android
912,click,2023-01-23 00:34:50,A,Android
3786,registration,2023-01-23 01:08:00,A,iOS
5646,view,2023-01-23 15:30:09,A,iOS
9115,registration,2023-01-23 03:57:42,B,Android
80,view,2023-01-23 13:16:52,B,Android
9364,purchase,2023-01-23 12:08:05,A,iOS
4642,view,2023-01-23 10:21:40,A,Android
5606,view,2023-01-23 11:37:36,A,iOS
1432,view,2023-01-23 12:50:48,B,Android
4417,registration,2023-01-23 14:38:26,A,iOS
9956,view,2023-01-23 23:29:08,B,Android
1137,click,2023-01-23 06:59:58,A,iOS
4579,view,2023-01-23 03:36:07,A,iOS
6232,view,2023-01-23 05:27:47,A,iOS
4661,click,2023-01-23 16:23:56,B,Android
259,click,2023-01-23 12:49:18,B,Android
4484,click,2023-01-23 22:12:17,A,iOS
5856,view,2023-01-23 16:05:40,B,iOS
2573,view,2023-01-23 00:57:30,A,iOS
4429,registration,2023-01-23 14:05:17,B,Android
8803,click,2023-01-23 04:45:17,B,iOS
4362,registration,2023-01-23 15:07:31,B,Android
1933,click,2023-01-23 15:43:09,B,Android
2644,registration,2023-01-23 19:26:45,B,iOS
7110,view,2023-01-23 06:55:58,A,iOS
315,purchase,2023-01-23 18:24:53,A,Android
4494,click,2023-01-23 04:41:21,B,Android
1532,view,2023-01-23 05:35:40,A,iOS
6503,click,2023-01-23 13:45:13,A,iOS
6310,click,2023-01-23 20:09:03,B,iOS
3718,view,2023-01-23 17:43:00,A,Android
3307,purchase,2023-01-23 14:41:48,B,iOS
2846,click,2023-01-23 18:43:39,B,Android
8768,registration,2023-01-23 15:53:39,A,iOS
6664,click,2023-01-23 15:53:58,B,iOS
2768,click,2023-01-23 18:17:40,B,iOS
7311,view,2023-01-23 06:13:51,A,iOS
7145,click,2023-01-23 07:26:48,B,iOS
394,click,2023-01-23 17:26:54,B,iOS
4160,click,2023-01-23 16:18:36,A,Android
147,registration,2023-01-23 18:22:31,A,iOS
9847,registration,2023-01-23 14:47:03,B,iOS
2788,click,2023-01-23 02:05:50,A,iOS
8675,view,2023-01-23 08:31:57,A,Android
9517,click,2023-01-23 04:30:55,A,Android
5579,click,2023-01-23 12:09:20,B,iOS
2816,registration,2023-01-23 11:06:20,A,iOS
9724,click,2023-01-23 12:48:45,B,Android
5658,click,2023-01-23 20:25:10,A,Android
5729,view,2023-01-23 16:36:37,A,iOS
1084,view,2023-01-23 10:41:37,A,iOS
983,click,2023-01-23 07:51:44,B,Android
6573,click,2023-01-23 03:57:33,A,iOS
7935,click,2023-01-23 23:14:54,B,Android
8935,click,2023-01-23 16:07:44,B,iOS
3882,click,2023-01-23 23:46:28,B,iOS
7710,registration,2023-01-23 21:10:16,A,Android
9137,click,2023-01-23 07:31:41,A,Android
4680,view,2023-01-23 16:21:37,B,iOS
6428,registration,2023-01-23 07:51:54,A,Android
194,purchase,2023-01-23 11:12:26,B,iOS
3871,click,2023-01-23 09:18:11,B,Android
9938,view,2023-01-23 06:54:26,A,iOS
5245,click,2023-01-23 14:26:47,B,Android
2795,registration,2023-01-23 16:34:53,B,iOS
1585,click,2023-01-23 12:22:31,A,iOS
2144,view,2023-01-23 16:03:14,A,iOS
369,purchase,2023-01-23 14:57:23,A,Android
2194,click,2023-01-23 11:33:00,B,Android
7480,purchase,2023-01-23 18:55:05,A,iOS
7865,click,2023-01-23 19:08:28,A,iOS
237,click,2023-01-23 08:42:29,A,Android
9329,click,2023-01-23 10:03:06,B,iOS
3267,view,2023-01-23 08:43:34,B,Android
9465,purchase,2023-01-23 20:39:07,B,Android
5701,view,2023-01-23 05:28:11,A,Android
1818,view,2023-01-23 19:08:39,B,Android
660,purchase,2023-01-23 00:16:30,B,iOS
9535,click,2023-01-23 18:02:57,A,Android
4913,view,2023-01-23 08:19:13,B,Android
4777,purchase,2023-01-23 01:40:46,A,iOS
4887,view,2023-01-23 21:13:54,A,Android
4767,view,2023-01-23 06:46:18,B,iOS
8094,click,2023-01-23 16:27:44,A,iOS
6548,view,2023-01-23 00:40:30,A,iOS
5756,click,2023-01-23 13:06:37,A,iOS
6932,click,2023-01-23 10:23:27,B,iOS
3373,purchase,2023-01-23 04:09:58,B,iOS
7137,click,2023-01-23 02:51:22,B,Android
9026,view,2023-01-23 14:21:28,A,Android
7860,registration,2023-01-23 01:24:26,A,Android
1301,click,2023-01-23 06:53:33,B,Android
8182,click,2023-01-23 13:15:08,B,iOS
3269,click,2023-01-23 04:57:06,B,iOS
8211,view,2023-01-23 11:21:07,A,Android
9816,view,2023-01-23 21:54:01,A,Android
3840,registration,2023-01-23 15:30:11,A,Android
6208,click,2023-01-23 16:21:08,A,Android
1737,view,2023-01-23 14:03:22,A,Android
8471,click,2023-01-23 23:18:00,A,iOS
9098,view,2023-01-23 05:27:07,B,Android
4671,click,2023-01-23 07:11:14,B,iOS
9129,purchase,2023-01-23 14:33:44,B,iOS
5878,click,2023-01-23 03:56:55,A,iOS
6457,registration,2023-01-23 04:43:55,B,iOS
8697,click,2023-01-23 16:01:21,A,iOS
1258,registration,2023-01-23 00:27:03,B,Android
4162,view,2023-01-23 11:17:41,B,Android
9312,registration,2023-01-23 08:40:25,A,Android
1251,view,2023-01-23 10:46:10,A,iOS
7280,purchase,2023-01-23 15:42:56,A,iOS
6171,view,2023-01-23 22:34:35,A,Android
6152,registration,2023-01-23 03:50:08,A,iOS
6130,view,2023-01-23 16:33:18,B,Android
1584,registration,2023-01-23 02:20:01,A,iOS
2820,click,2023-01-23 05:35:13,A,iOS
9283,purchase,2023-01-23 17:33:31,A,Android
8619,view,2023-01-23 01:56:57,B,iOS
6728,click,2023-01-23 10:38:44,B,Android
2931,click,2023-01-23 20:32:00,B,iOS
2689,view,2023-01-23 09:17:29,A,iOS
8302,purchase,2023-01-23 20:20:18,A,Android
298,click,2023-01-23 06:38:15,A,Android
541,click,2023-01-23 12:55:51,A,Android
9969,registration,2023-01-23 22:27:52,B,iOS
692,click,2023-01-23 01:16:54,B,iOS
9332,click,2023-01-23 20:10:28,B,iOS
4937,click,2023-01-23 09:28:26,B,Android
3097,view,2023-01-23 00:43:07,A,iOS
3726,registration,2023-01-23 13:50:24,B,iOS
9722,click,2023-01-23 17:05:54,B,iOS
2101,click,2023-01-23 16:09:49,A,iOS
3989,click,2023-01-23 07:05:41,A,iOS
5726,view,2023-01-23 08:13:51,B,Android
1880,registration,2023-01-23 17:48:54,A,Android
9153,click,2023-01-23 12:36:16,B,Android
9670,registration,2023-01-23 08:09:58,A,Android
8432,view,2023-01-23 12:14:16,A,iOS
515,click,2023-01-23 15:26:21,A,iOS
2420,click,2023-01-23 08:15:59,A,iOS
8174,click,2023-01-23 14:52:43,B,iOS
1783,registration,2023-01-23 23:55:48,B,iOS
7036,view,2023-01-23 13:56:58,B,Android
3834,click,2023-01-23 04:38:06,B,Android
9482,view,2023-01-23 13:59:12,A,Android
5130,view,2023-01-23 06:45:17,B,iOS
1310,view,2023-01-23 13:45:48,A,Android
3860,purchase,2023-01-23 00:11:45,A,iOS
521,view,2023-01-23 00:18:04,B,iOS
9231,registration,2023-01-23 13:47:00,A,iOS
7798,click,2023-01-23 22:06:26,B,Android
4410,view,2023-01-24 23:25:10,B,Android
6254,view,2023-01-24 11:29:52,A,iOS
5473,view,2023-01-24 11:01:30,B,iOS
9852,registration,2023-01-24 08:29:02,B,Android
5422,click,2023-01-24 17:58:00,A,Android
4082,view,2023-01-24 19:16:22,B,iOS
820,click,2023-01-24 11:54:21,A,Android
7506,view,2023-01-24 06:01:56,B,Android
8534,view,2023-01-24 03:07:40,B,iOS
1113,view,2023-01-24 21:34:01,B,Android
7529,view,2023-01-24 03:05:06,B,Android
4736,click,2023-01-24 14:53:52,A,iOS
1548,click,2023-01-24 09:39:39,A,iOS
1736,registration,2023-01-24 08:43:51,B,iOS
1195,view,2023-01-24 00:45:59,A,iOS
6772,view,2023-01-24 16:44:28,B,Android
2132,view,2023-01-24 08:47:10,B,iOS
8169,click,2023-01-24 10:50:42,B,Android
1482,click,2023-01-24 08:27:54,B,iOS
9435,registration,2023-01-24 14:02:50,A,Android
410,click,2023-01-24 22:24:50,A,Android
2468,view,2023-01-24 12:41:00,A,iOS
8980,registration,2023-01-24 08:42:05,B,Android
2995,view,2023-01-24 02:16:16,B,iOS
1438,click,2023-01-24 02:24:55,A,iOS
2275,click,2023-01-24 02:40:46,A,Android
7805,view,2023-01-24 00:11:59,B,iOS
5221,click,2023-01-24 10:32:01,B,iOS
1162,view,2023-01-24 01:41:35,B,iOS
4105,purchase,2023-01-24 23:38:49,A,Android
4402,view,2023-01-24 15:41:53,B,iOS
9138,registration,2023-01-24 16:11:07,B,Android
7593,view,2023-01-24 02:43:13,A,Android
3453,registration,2023-01-24 15:13:13,A,Android
4862,click,2023-01-24 14:26:37,B,Android
3063,purchase,2023-01-24 13:30:37,A,Android
8752,view,2023-01-24 01:44:45,B,iOS
195,view,2023-01-24 13:03:08,B,iOS
8206,registration,2023-01-24 23:51:45,B,Android
411,click,2023-01-24 00:38:00,A,Android
456,click,2023-01-24 06:53:02,A,Android
1448,view,2023-01-24 09:40:51,B,iOS
9514,click,2023-01-24 04:29:29,B,iOS
5302,registration,2023-01-24 16:41:16,B,iOS
7761,view,2023-01-24 23:07:20,A,iOS
276,click,2023-01-24 16:17:23,B,iOS
9171,click,2023-01-24 14:47:04,B,iOS
8588,view,2023-01-24 08:12:06,B,iOS
8866,click,2023-01-24 08:37:03,B,Android
5934,registration,2023-01-24 18:14:21,B,Android
358,click,2023-01-24 05:40:09,B,Android
5002,click,2023-01-24 19:18:00,A,iOS
5863,click,2023-01-24 04:09:01,A,Android
7039,view,2023-01-24 15:06:54,B,iOS
9565,click,2023-01-24 13:01:23,B,iOS
3888,click,2023-01-24 06:45:55,B,Android
1551,purchase,2023-01-24 19:50:57,B,iOS
4401,click,2023-01-24 09:12:06,A,iOS
6432,click,2023-01-24 16:49:23,A,Android
6454,registration,2023-01-24 04:09:34,B,Android
7259,click,2023-01-24 05:32:46,B,iOS
7698,click,2023-01-24 12:02:56,B,Android
4848,view,2023-01-24 05:05:13,A,Android
7492,click,2023-01-24 00:21:31,A,Android
791,registration,2023-01-24 13:06:11,B,iOS
6517,registration,2023-01-24 22:23:28,B,iOS
3059,click,2023-01-24 22:07:47,A,Android
6328,purchase,2023-01-24 20:05:08,A,iOS
2518,registration,2023-01-24 09:20:10,B,iOS
7109,click,2023-01-24 18:48:05,A,Android
7167,click,2023-01-24 07:29:25,B,Android
3298,registration,2023-01-24 03:02:38,A,iOS
8544,click,2023-01-24 06:22:20,B,Android
9368,purchase,2023-01-24 08:49:29,B,Android
9999,purchase,2023-01-24 06:49:23,A,Android
3106,view,2023-01-24 02:16:22,B,iOS
6316,purchase,2023-01-24 12:20:57,B,Android
7801,view,2023-01-24 14:02:02,A,iOS
9363,click,2023-01-24 18:15:31,A,Android
5277,click,2023-01-24 04:04:14,A,iOS
689,view,2023-01-24 03:07:52,B,iOS
9958,click,2023-01-24 09:20:13,B,Android
578,view,2023-01-24 18:11:31,B,Android
9241,purchase,2023-01-24 16:57:34,A,Android
3349,registration,2023-01-24 11:46:47,B,iOS
8493,view,2023-01-24 11:21:37,B,Android
8614,click,2023-01-24 01:44:20,B,Android
8783,registration,2023-01-24 21:41:28,B,Android
186,click,2023-01-24 07:55:41,B,iOS
4946,registration,2023-01-24 05:23:40,A,iOS
9427,purchase,2023-01-24 10:07:03,B,iOS
6780,view,2023-01-24 13:51:02,A,iOS
628,click,2023-01-24 04:45:04,A,Android
2030,view,2023-01-24 07:13:55,B,iOS
2013,click,2023-01-24 18:09:30,B,Android
8814,click,2023-01-24 18:36:46,A,iOS
5969,view,2023-01-24 13:42:32,A,iOS
7503,click,2023-01-24 00:29:33,B,iOS
2436,view,2023-01-24 23:11:49,A,Android
6991,view,2023-01-24 17:05:34,B,iOS
4126,purchase,2023-01-24 07:04:51,B,Android
7111,registration,2023-01-24 10:39:09,A,Android
4982,view,2023-01-24 14:50:01,B,iOS
9385,registration,2023-01-24 06:57:03,B,Android
3509,view,2023-01-24 09:09:38,B,Android
3042,click,2023-01-24 23:17:37,A,Android
7631,registration,2023-01-24 13:15:59,B,iOS
7977,registration,2023-01-24 02:18:52,A,iOS
9898,registration,2023-01-24 17:33:59,B,iOS
6456,registration,2023-01-24 03:29:31,B,Android
9450,click,2023-01-24 10:00:43,A,Android
658,click,2023-01-24 06:07:01,A,iOS
9150,click,2023-01-24 21:14:03,A,iOS
6397,click,2023-01-24 12:47:54,A,iOS
2415,view,2023-01-24 17:39:06,B,Android
8595,click,2023-01-24 01:17:13,A,iOS
1104,click,2023-01-24 05:14:30,A,Android
6984,view,2023-01-24 00:11:23,A,iOS
7371,view,2023-01-24 16:21:27,A,Android
1278,purchase,2023-01-24 12:35:32,A,iOS
3650,purchase,2023-01-24 02:39:40,A,iOS
9663,click,2023-01-24 01:43:53,A,Android
2422,view,2023-01-24 10:48:06,B,iOS
533,registration,2023-01-24 11:15:46,B,iOS
8607,view,2023-01-24 09:56:27,B,Android
4045,registration,2023-01-24 11:55:45,B,Android
6016,click,2023-01-24 04:00:15,B,iOS
2457,click,2023-01-24 23:58:11,B,iOS
9676,registration,2023-01-24 16:27:42,A,iOS
4241,view,2023-01-24 19:29:00,B,Android
3721,click,2023-01-24 14:25:48,A,iOS
5663,purchase,2023-01-24 22:54:13,A,Android
1488,registration,2023-01-24 07:17:21,A,Android
6019,registration,2023-01-24 01:31:34,B,iOS
3630,view,2023-01-24 23:54:33,A,Android
6520,view,2023-01-24 22:04:03,A,Android
2784,view,2023-01-24 05:59:59,A,Android
8692,click,2023-01-24 00:41:38,B,Android
2692,view,2023-01-24 09:45:28,A,Android
9936,click,2023-01-24 11:08:01,B,Android
6028,click,2023-01-24 08:43:32,B,iOS
655,purchase,2023-01-24 08:26:50,B,iOS
2649,registration,2023-01-24 17:14:39,B,iOS
4746,registration,2023-01-24 20:32:58,B,iOS
24,view,2023-01-24 13:04:23,B,Android
865,click,2023-01-24 01:13:13,B,Android
7568,view,2023-01-24 09:03:42,B,Android
6505,registration,2023-01-24 08:29:20,B,iOS
7028,view,2023-01-24 23:46:01,A,iOS
1982,click,2023-01-24 23:52:54,B,Android
2502,view,2023-01-24 19:19:35,A,Android
7183,view,2023-01-24 13:28:10,B,iOS
9910,click,2023-01-24 14:48:10,A,iOS
186,view,2023-01-24 01:06:41,B,iOS
989,view,2023-01-24 00:57:53,B,iOS
7042,purchase,2023-01-24 04:31:00,B,Android
4096,click,2023-01-24 19:32:29,A,Android
2952,purchase,2023-01-24 23:31:08,B,iOS
1112,view,2023-01-24 14:56:09,A,Android
1276,click,2023-01-24 17:50:23,B,iOS
4287,click,2023-01-24 03:28:32,B,Android
5615,view,2023-01-24 21:58:56,B,iOS
599,click,2023-01-24 02:46:15,A,iOS
7095,purchase,2023-01-24 18:28:13,A,Android
7481,registration,2023-01-24 14:57:28,B,iOS
4619,view,2023-01-24 05:28:54,A,iOS
2461,click,2023-01-24 13:15:08,A,iOS
6296,click,2023-01-24 00:17:48,A,iOS
1713,click,2023-01-24 23:05:49,B,Android
853,view,2023-01-24 04:42:17,B,Android
4281,click,2023-01-24 16:12:55,B,Android
7532,view,2023-01-24 03:34:50,B,Android
7421,registration,2023-01-24 12:49:25,A,iOS
7671,click,2023-01-24 16:19:14,B,Android
1869,view,2023-01-24 23:44:40,B,iOS
8148,registration,2023-01-24 12:42:08,B,Android
1400,registration,2023-01-24 03:40:02,A,iOS
1737,click,2023-01-24 05:50:40,A,Android
4876,click,2023-01-24 22:54:43,B,iOS
9550,click,2023-01-24 08:25:55,A,iOS
9543,view,2023-01-24 04:11:17,A,iOS
9006,click,2023-01-24 21:12:01,A,Android
4877,registration,2023-01-24 05:13:55,B,Android
6024,view,2023-01-24 12:19:14,B,iOS
583,click,2023-01-24 17:04:35,B,Android
5048,purchase,2023-01-24 16:18:24,A,Android
4504,click,2023-01-24 11:45:40,B,iOS
2466,click,2023-01-24 07:39:24,B,Android
2879,view,2023-01-24 22:28:57,A,iOS
9191,click,2023-01-24 05:39:06,A,iOS
5264,view,2023-01-24 02:53:11,A,Android
3864,click,2023-01-24 06:20:38,B,iOS
1734,view,2023-01-24 09:37:15,A,iOS
2226,click,2023-01-24 18:54:17,B,Android
7792,click,2023-01-24 18:34:30,A,Android
3559,click,2023-01-24 05:14:12,A,iOS
5889,purchase,2023-01-24 13:23:33,B,iOS
4545,view,2023-01-24 07:42:12,B,iOS
4049,registration,2023-01-24 07:47:03,B,Android
5399,view,2023-01-24 04:08:19,B,iOS
825,registration,2023-01-24 06:58:38,A,iOS
3643,registration,2023-01-24 18:28:36,B,Android
3139,registration,2023-01-24 16:36:20,A,iOS
3449,click,2023-01-24 09:11:59,A,iOS
1615,purchase,2023-01-24 05:53:01,B,Android
3173,click,2023-01-24 16:51:41,B,Android
5722,view,2023-01-24 19:07:15,B,Android
6352,click,2023-01-24 11:13:02,B,Android
3304,view,2023-01-24 04:13:59,B,Android
7934,click,2023-01-24 01:02:38,B,iOS
9,registration,2023-01-24 20:38:07,A,iOS
9265,click,2023-01-24 14:41:20,B,iOS
4439,click,2023-01-24 02:58:45,B,Android
2559,view,2023-01-24 17:43:04,B,iOS
7408,click,2023-01-24 01:41:09,A,iOS
9816,purchase,2023-01-24 15:52:47,A,Android
5556,view,2023-01-24 02:36:14,A,Android
3991,registration,2023-01-24 02:28:25,B,iOS
1895,view,2023-01-24 00:50:28,B,Android
7330,view,2023-01-24 08:55:06,A,Android
5249,registration,2023-01-24 06:02:13,B,iOS
3651,click,2023-01-24 10:14:59,A,iOS
3047,view,2023-01-24 13:16:09,A,iOS
5008,click,2023-01-24 08:06:37,B,Android
6426,click,2023-01-24 08:28:13,A,Android
659,click,2023-01-24 19:33:03,A,Android
9111,click,2023-01-24 16:20:38,B,iOS
3862,registration,2023-01-24 00:50:05,A,iOS
3103,view,2023-01-24 01:35:27,A,iOS
5565,click,2023-01-24 04:51:45,B,iOS
2136,view,2023-01-24 21:16:25,B,Android
2135,click,2023-01-24 22:19:30,A,Android
206,registration,2023-01-24 02:19:36,B,iOS
5372,registration,2023-01-24 00:37:28,A,Android
7969,view,2023-01-24 19:49:39,A,iOS
7038,view,2023-01-24 18:42:38,A,Android
6041,view,2023-01-24 23:41:18,B,iOS
4512,purchase,2023-01-24 08:01:23,A,Android
7870,click,2023-01-24 12:45:46,A,iOS
2439,view,2023-01-24 14:43:54,A,Android
4109,registration,2023-01-24 03:09:08,B,iOS
7221,registration,2023-01-24 02:42:00,A,iOS
2936,click,2023-01-24 18:31:18,A,iOS
197,click,2023-01-24 16:58:57,B,Android
971,view,2023-01-24 22:00:22,B,iOS
4522,click,2023-01-24 01:41:52,B,Android
5014,view,2023-01-24 21:52:18,B,Android
1379,click,2023-01-24 20:22:29,B,iOS
4052,view,2023-01-24 12:02:11,A,iOS
7482,registration,2023-01-24 18:09:03,B,iOS
958,click,2023-01-24 05:10:26,B,iOS
4942,click,2023-01-24 19:29:40,A,Android
6641,click,2023-01-24 02:07:46,B,Android
1733,click,2023-01-24 02:57:33,B,Android
5565,view,2023-01-24 07:53:57,B,iOS
2261,click,2023-01-24 05:53:50,B,iOS
6199,view,2023-01-24 21:10:42,A,iOS
8568,click,2023-01-24 13:48:36,A,iOS
4327,registration,2023-01-24 02:59:49,B,iOS
7334,registration,2023-01-24 20:23:30,A,Android
2852,purchase,2023-01-24 11:53:22,B,iOS
7638,click,2023-01-24 20:03:48,A,iOS
7659,view,2023-01-24 03:56:14,B,iOS
7733,click,2023-01-24 19:18:43,A,Android
820,click,2023-01-24 04:35:09,A,Android
2384,view,2023-01-24 07:11:56,A,iOS
3352,click,2023-01-24 13:29:26,B,Android
5346,click,2023-01-24 21:44:33,A,iOS
9088,click,2023-01-24 06:46:27,A,Android
2173,view,2023-01-24 15:26:00,A,Android
6123,click,2023-01-24 17:22:48,A,Android
7228,view,2023-01-24 14:06:33,A,Android
2839,click,2023-01-24 02:22:30,A,iOS
1451,click,2023-01-24 01:24:33,B,iOS
7156,view,2023-01-24 04:07:28,B,Android
3861,click,2023-01-24 03:19:28,B,Android
4835,registration,2023-01-24 05:05:58,B,Android
1111,click,2023-01-24 04:38:37,B,iOS
9528,click,2023-01-24 09:21:41,B,iOS
7337,click,2023-01-24 09:29:35,A,iOS
778,view,2023-01-24 09:15:52,A,iOS
3920,purchase,2023-01-24 21:06:25,B,Android
8201,registration,2023-01-24 07:46:24,B,iOS
6922,view,2023-01-24 05:18:01,A,iOS
8898,view,2023-01-24 13:44:35,B,Android
1821,view,2023-01-24 08:26:06,B,Android
5668,click,2023-01-24 08:10:11,B,iOS
9362,click,2023-01-24 19:45:38,A,Android
6893,click,2023-01-24 19:29:38,B,Android
8041,view,2023-01-24 22:49:22,B,Android
2216,view,2023-01-24 00:39:26,A,iOS
3957,view,2023-01-24 23:08:00,B,Android
6204,click,2023-01-24 15:11:11,B,iOS
4942,click,2023-01-24 16:20:45,A,Android
2225,view,2023-01-24 00:44:18,A,Android
3427,purchase,2023-01-24 09:45:08,A,iOS
2632,click,2023-01-24 05:31:17,A,Android
6059,click,2023-01-24 18:08:49,A,iOS
6899,view,2023-01-24 17:49:36,B,iOS
3615,click,2023-01-24 13:28:06,A,iOS
7262,purchase,2023-01-24 13:23:22,A,Android
6034,click,2023-01-24 19:42:00,B,iOS
495,view,2023-01-24 22:43:52,B,iOS
4126,registration,2023-01-24 20:10:52,B,Android
6963,click,2023-01-24 15:21:49,A,iOS
4146,view,2023-01-24 02:40:09,A,Android
5819,click,2023-01-24 23:33:14,A,iOS
2318,registration,2023-01-24 16:03:57,B,Android
2404,registration,2023-01-24 20:39:28,A,Android
6736,view,2023-01-24 10:25:46,B,iOS
8621,click,2023-01-24 19:44:15,B,iOS
2182,click,2023-01-24 04:39:02,B,Android
9384,view,2023-01-24 15:09:28,A,iOS
9280,purchase,2023-01-24 21:58:22,A,iOS
5468,view,2023-01-24 17:55:28,A,iOS
1241,registration,2023-01-24 19:07:26,B,iOS
9941,view,2023-01-24 14:45:24,A,iOS
9195,click,2023-01-24 02:20:15,A,iOS
9409,view,2023-01-24 22:07:55,B,Android
1765,view,2023-01-24 20:25:07,B,iOS
4086,registration,2023-01-24 21:47:40,B,Android
8923,view,2023-01-24 00:13:54,A,Android
3960,registration,2023-01-24 08:49:46,A,iOS
9297,click,2023-01-24 09:33:26,B,Android
8120,click,2023-01-24 12:40:51,A,Android
2677,click,2023-01-24 08:55:28,B,Android
5709,view,2023-01-24 20:11:21,A,iOS
5831,click,2023-01-24 22:02:05,A,Android
2916,purchase,2023-01-24 19:24:50,A,iOS
4727,purchase,2023-01-24 10:49:43,A,iOS
7559,click,2023-01-24 18:53:58,A,Android
7820,click,2023-01-24 22:12:04,B,Android
3490,purchase,2023-01-24 20:46:25,A,Android
4765,view,2023-01-24 08:45:51,A,iOS
7531,purchase,2023-01-24 21:25:04,A,Android
3940,view,2023-01-24 02:10:57,B,iOS
5048,view,2023-01-24 16:22:24,A,Android
1388,registration,2023-01-24 06:47:45,A,iOS
9331,view,2023-01-24 22:33:07,A,iOS
9031,click,2023-01-24 18:55:22,B,iOS
7004,view,2023-01-24 08:38:45,A,Android
925,registration,2023-01-24 10:30:21,B,iOS
7579,registration,2023-01-24 17:53:03,B,iOS
2383,click,2023-01-24 07:22:01,A,Android
6128,view,2023-01-24 05:47:34,B,iOS
5125,view,2023-01-24 22:08:21,B,Android
5508,registration,2023-01-24 23:39:28,B,iOS
7286,view,2023-01-24 03:31:47,A,Android
2705,registration,2023-01-24 07:51:44,A,Android
7667,registration,2023-01-24 20:22:26,B,iOS
4040,registration,2023-01-24 04:48:02,B,iOS
6030,view,2023-01-24 01:03:52,B,Android
4983,click,2023-01-24 07:40:38,B,Android
6320,view,2023-01-24 08:59:24,B,Android
5278,view,2023-01-24 01:25:56,B,iOS
575,purchase,2023-01-24 01:18:41,B,iOS
7595,registration,2023-01-24 21:56:07,A,Android
1916,click,2023-01-24 20:16:19,A,Android
2270,view,2023-01-24 05:26:52,B,Android
4195,view,2023-01-24 16:18:52,A,iOS
746,click,2023-01-24 12:23:56,B,iOS
6270,click,2023-01-24 08:51:15,B,iOS
4529,click,2023-01-24 12:54:15,B,Android
3544,click,2023-01-24 11:19:50,A,iOS
2289,view,2023-01-24 17:57:00,B,Android
809,purchase,2023-01-24 11:08:46,A,Android
2338,registration,2023-01-24 07:06:43,B,Android
5287,view,2023-01-24 05:02:34,A,Android
2555,registration,2023-01-24 01:25:37,A,iOS
6014,click,2023-01-24 08:14:45,A,iOS
2018,view,2023-01-24 23:14:19,B,Android
3352,click,2023-01-24 17:31:37,B,Android
1357,click,2023-01-24 20:29:15,B,Android
8824,view,2023-01-24 02:32:19,B,iOS
7695,view,2023-01-24 18:49:39,A,iOS
4318,view,2023-01-24 20:22:21,A,Android
171,view,2023-01-24 02:42:47,A,iOS
4523,view,2023-01-24 04:42:26,A,Android
9897,view,2023-01-24 09:34:00,B,iOS
5666,click,2023-01-24 11:34:24,A,iOS
5183,purchase,2023-01-24 10:00:04,B,iOS
8429,purchase,2023-01-24 01:43:21,B,iOS
6078,registration,2023-01-24 07:26:32,A,Android
8069,click,2023-01-24 06:00:30,B,iOS
8378,view,2023-01-24 12:52:08,B,iOS
88,click,2023-01-24 12:16:31,B,Android
4232,click,2023-01-24 20:20:19,A,Android
197,view,2023-01-24 10:03:15,B,Android
1886,purchase,2023-01-24 15:47:43,B,iOS
4358,click,2023-01-24 18:01:56,A,Android
2377,click,2023-01-24 02:57:16,B,Android
8339,view,2023-01-24 12:50:58,B,Android
752,click,2023-01-24 22:35:40,B,Android
5491,click,2023-01-24 01:09:46,A,iOS
3790,view,2023-01-24 16:30:39,B,Android
5243,click,2023-01-24 12:19:27,B,iOS
8360,purchase,2023-01-24 19:34:22,A,iOS
3013,click,2023-01-24 04:14:12,A,iOS
403,click,2023-01-24 00:23:03,A,Android
9090,view,2023-01-24 05:14:24,A,Android
1862,view,2023-01-24 14:48:36,A,iOS
6223,click,2023-01-24 22:03:19,A,iOS
2803,purchase,2023-01-24 12:21:05,A,iOS
5116,view,2023-01-24 03:59:23,A,iOS
6887,click,2023-01-24 21:28:19,B,iOS
3981,click,2023-01-24 05:34:09,B,iOS
9222,click,2023-01-24 19:18:27,B,iOS
9909,click,2023-01-24 06:41:13,B,Android
9320,registration,2023-01-24 02:57:55,A,Android
4593,click,2023-01-24 04:21:55,A,iOS
2611,click,2023-01-24 01:50:36,B,Android
7930,view,2023-01-24 00:31:26,B,iOS
9830,registration,2023-01-24 00:43:30,A,iOS
5624,purchase,2023-01-24 17:19:13,B,Android
7902,registration,2023-01-24 11:24:28,A,iOS
3799,click,2023-01-24 17:03:52,A,iOS
581,view,2023-01-24 21:06:46,B,Android
2026,click,2023-01-24 12:13:10,A,Android
626,registration,2023-01-24 01:21:45,B,iOS
183,click,2023-01-24 17:39:55,A,iOS
2712,view,2023-01-24 19:22:30,B,Android
5745,registration,2023-01-24 07:23:13,A,Android
1264,purchase,2023-01-24 20:56:24,B,iOS
571,click,2023-01-24 03:26:28,B,Android
3502,click,2023-01-24 11:11:47,A,iOS
2600,view,2023-01-24 04:53:54,B,Android
9902,registration,2023-01-24 07:41:57,B,Android
1927,registration,2023-01-24 03:16:16,B,iOS
3245,click,2023-01-24 21:29:29,B,Android
2606,click,2023-01-24 07:17:46,A,Android
5149,purchase,2023-01-24 10:38:18,A,Android
7532,purchase,2023-01-24 09:33:15,B,Android
7498,click,2023-01-24 03:26:44,B,iOS
8558,purchase,2023-01-24 23:31:30,B,Android
9583,view,2023-01-24 11:41:59,B,iOS
125,registration,2023-01-24 15:55:22,B,iOS
5495,view,2023-01-24 12:05:38,B,iOS
2405,click,2023-01-24 03:35:37,B,Android
3224,view,2023-01-24 00:05:50,A,Android
6504,view,2023-01-24 22:32:18,A,iOS
449,view,2023-01-24 19:53:36,B,iOS
7859,click,2023-01-24 04:12:21,A,iOS
4394,click,2023-01-24 15:16:13,B,Android
4684,click,2023-01-24 22:16:43,B,Android
7119,click,2023-01-24 13:31:40,A,Android
1433,view,2023-01-24 14:01:13,A,Android
5213,purchase,2023-01-24 07:31:16,A,iOS
2749,registration,2023-01-24 15:45:01,B,iOS
266,view,2023-01-24 17:37:14,A,Android
164,click,2023-01-24 01:06:32,A,Android
9795,view,2023-01-24 09:49:13,B,iOS
6080,view,2023-01-24 13:53:47,A,Android
9368,view,2023-01-24 09:45:29,B,Android
6661,click,2023-01-24 09:31:56,B,iOS
5095,view,2023-01-24 13:52:22,A,iOS
6952,view,2023-01-24 01:32:23,A,iOS
2696,registration,2023-01-24 19:25:45,B,iOS
220,registration,2023-01-24 17:01:51,A,Android
7051,click,2023-01-24 14:25:20,B,Android
8509,view,2023-01-24 15:37:28,B,Android
9053,registration,2023-01-24 08:21:38,A,Android
7084,view,2023-01-24 09:48:20,B,iOS
9032,view,2023-01-24 16:09:20,A,Android
734,purchase,2023-01-24 16:40:16,A,Android
606,view,2023-01-24 22:40:52,A,iOS
4062,click,2023-01-24 04:14:21,B,Android
5745,click,2023-01-24 04:00:23,A,Android
7270,click,2023-01-24 12:38:43,A,iOS
1797,view,2023-01-24 03:00:36,B,Android
2645,view,2023-01-24 07:18:32,A,Android
1562,view,2023-01-24 05:50:27,A,iOS
7702,click,2023-01-24 18:38:02,B,iOS
5723,click,2023-01-24 05:32:51,B,Android
7371,purchase,2023-01-24 14:07:34,A,Android
5936,view,2023-01-24 23:37:44,B,Android
1648,click,2023-01-24 07:46:35,A,Android
7289,click,2023-01-24 22:23:52,B,iOS
3599,click,2023-01-24 19:08:20,A,iOS
8782,view,2023-01-24 22:59:49,A,iOS
9830,purchase,2023-01-24 07:15:28,A,iOS
2566,click,2023-01-24 03:29:23,B,iOS
4806,purchase,2023-01-24 01:53:07,A,iOS
1466,view,2023-01-24 14:26:37,B,iOS
1325,view,2023-01-24 01:43:42,B,iOS
836,click,2023-01-24 10:49:58,B,iOS
795,click,2023-01-24 16:53:39,B,iOS
2877,click,2023-01-24 19:02:27,A,Android
6716,purchase,2023-01-24 03:51:59,A,iOS
6705,view,2023-01-24 12:19:29,B,iOS
9988,click,2023-01-24 10:37:30,B,Android
6670,click,2023-01-24 19:31:04,B,Android
1824,purchase,2023-01-24 17:47:06,A,iOS
9764,click,2023-01-24 20:38:10,B,iOS
9117,view,2023-01-24 02:39:36,B,Android
9767,view,2023-01-24 05:25:36,A,Android
6705,click,2023-01-24 13:46:32,B,iOS
5184,view,2023-01-24 04:07:51,A,iOS
4627,purchase,2023-01-24 08:11:37,B,Android
1675,view,2023-01-24 03:26:26,A,iOS
2238,view,2023-01-24 22:21:56,B,Android
161,registration,2023-01-24 13:36:50,A,iOS
8764,click,2023-01-24 03:15:17,B,iOS
8891,click,2023-01-24 02:14:14,A,Android
8797,view,2023-01-24 11:56:22,A,Android
5524,view,2023-01-24 13:54:00,A,Android
6150,registration,2023-01-24 19:00:07,B,iOS
9873,view,2023-01-24 14:40:09,A,iOS
2421,click,2023-01-24 06:07:53,B,iOS
9094,click,2023-01-24 18:56:16,A,iOS
314,click,2023-01-24 09:14:56,A,iOS
6774,click,2023-01-24 00:49:13,A,iOS
7150,purchase,2023-01-24 16:08:22,B,iOS
9063,registration,2023-01-24 20:52:38,B,Android
6461,view,2023-01-24 11:18:57,A,Android
8799,click,2023-01-24 16:47:31,A,Android
9357,click,2023-01-24 13:54:48,B,iOS
8886,view,2023-01-24 17:02:19,A,iOS
2336,view,2023-01-24 16:10:32,B,Android
3242,registration,2023-01-24 03:44:40,B,Android
8544,click,2023-01-24 02:47:51,B,Android
3032,click,2023-01-24 21:22:44,A,iOS
32,purchase,2023-01-24 12:25:25,A,iOS
9303,click,2023-01-24 07:07:34,B,iOS
8533,click,2023-01-24 03:42:37,A,iOS
3377,view,2023-01-24 09:46:43,B,iOS
3886,purchase,2023-01-24 18:38:12,A,iOS
6463,registration,2023-01-24 16:28:44,A,iOS
5636,view,2023-01-24 23:07:07,A,iOS
4227,view,2023-01-24 12:29:11,B,iOS
3248,registration,2023-01-24 09:25:46,A,iOS
6350,registration,2023-01-24 03:50:03,B,Android
8406,purchase,2023-01-24 05:58:07,B,iOS
9119,click,2023-01-24 00:47:56,B,Android
3743,view,2023-01-24 13:26:15,A,Android
5801,view,2023-01-24 16:48:17,A,Android
7889,registration,2023-01-24 01:32:48,A,Android
4204,click,2023-01-24 18:02:01,A,Android
5491,view,2023-01-24 20:04:13,A,iOS
3492,view,2023-01-24 11:27:39,B,Android
9066,view,2023-01-24 00:43:03,B,Android
5750,registration,2023-01-24 22:49:27,B,Android
27,view,2023-01-24 21:49:45,B,Android
6071,registration,2023-01-24 19:28:44,B,iOS
6175,view,2023-01-24 10:06:53,A,Android
6341,registration,2023-01-24 16:59:45,A,Android
6893,registration,2023-01-24 19:55:06,B,Android
9178,click,2023-01-24 18:27:22,B,Android
1246,view,2023-01-24 22:05:42,A,Android
1587,registration,2023-01-24 05:12:13,A,iOS
4609,click,2023-01-24 00:49:51,A,Android
9064,view,2023-01-24 11:15:44,B,iOS
4994,registration,2023-01-24 19:39:14,A,iOS
9110,registration,2023-01-24 07:30:36,A,iOS
2408,registration,2023-01-24 11:22:16,B,iOS
3999,view,2023-01-24 04:50:16,A,iOS
3335,click,2023-01-24 16:52:21,A,iOS
2669,registration,2023-01-24 09:15:44,A,iOS
2669,view,2023-01-24 17:29:11,A,iOS
8257,click,2023-01-24 05:13:44,B,Android
80,registration,2023-01-24 20:27:24,B,Android
4233,view,2023-01-24 13:52:54,A,iOS
3710,registration,2023-01-24 11:33:14,A,Android
6861,click,2023-01-24 02:16:52,A,iOS
1046,registration,2023-01-24 22:01:06,B,iOS
9926,click,2023-01-24 03:33:13,B,Android
664,registration,2023-01-24 14:47:18,B,Android
7469,click,2023-01-24 19:19:40,A,iOS
8757,view,2023-01-24 12:35:34,A,iOS
5971,view,2023-01-24 06:03:23,B,Android
5869,view,2023-01-24 22:38:40,A,Android
4968,view,2023-01-24 17:03:47,A,Android
4113,click,2023-01-24 08:03:09,A,iOS
8320,view,2023-01-24 06:32:15,A,Android
9953,click,2023-01-24 06:33:34,A,iOS
5832,view,2023-01-24 17:26:50,B,Android
8322,view,2023-01-24 12:22:55,B,Android
2583,view,2023-01-24 20:48:14,B,Android
8786,view,2023-01-24 06:02:07,A,Android
59,registration,2023-01-24 10:28:33,A,Android
1564,click,2023-01-24 12:12:30,B,Android
6841,purchase,2023-01-24 04:02:51,A,Android
6662,click,2023-01-24 15:38:30,A,Android
3968,click,2023-01-24 19:47:53,B,Android
6334,view,2023-01-24 23:59:13,A,Android
2812,view,2023-01-24 12:02:55,B,iOS
8144,click,2023-01-24 04:29:43,A,Android
7970,click,2023-01-24 13:31:57,A,Android
7026,view,2023-01-24 01:45:20,B,iOS
9290,view,2023-01-24 11:04:38,A,Android
571,view,2023-01-24 19:13:13,B,Android
2285,view,2023-01-24 14:04:48,B,Android
5699,registration,2023-01-24 04:47:46,B,iOS
5855,registration,2023-01-24 13:32:19,A,Android
6228,click,2023-01-24 19:38:22,A,Android
546,click,2023-01-24 02:07:01,A,iOS
415,view,2023-01-24 13:29:48,B,Android
7807,click,2023-01-24 00:15:25,A,Android
2855,click,2023-01-24 06:17:47,A,iOS
3526,click,2023-01-24 07:37:06,A,iOS
8015,click,2023-01-24 06:27:04,A,iOS
8245,click,2023-01-24 09:34:51,B,Android
5274,view,2023-01-24 08:55:46,B,iOS
5441,click,2023-01-24 19:51:45,B,Android
5094,click,2023-01-24 08:05:38,B,iOS
4041,registration,2023-01-24 01:25:07,B,iOS
8256,view,2023-01-24 04:34:30,B,Android
3027,click,2023-01-24 21:22:32,B,Android
9955,view,2023-01-24 18:59:45,B,iOS
9338,purchase,2023-01-24 19:00:19,A,iOS
56,view,2023-01-24 22:18:15,A,Android
550,click,2023-01-24 08:18:57,A,iOS
5637,click,2023-01-24 09:46:27,A,Android
8434,view,2023-01-24 16:43:58,A,iOS
2693,view,2023-01-24 00:43:38,B,iOS
1502,click,2023-01-24 15:22:17,A,iOS
7595,click,2023-01-24 22:12:34,A,Android
2778,click,2023-01-24 06:52:49,A,Android
9990,click,2023-01-24 19:24:21,B,iOS
3343,registration,2023-01-24 01:43:57,A,Android
9667,view,2023-01-24 18:05:02,A,iOS
317,view,2023-01-24 05:34:54,A,iOS
4031,click,2023-01-24 04:03:19,A,iOS
65,click,2023-01-24 02:27:47,B,iOS
3055,click,2023-01-24 02:56:57,A,Android
3664,click,2023-01-24 10:29:51,B,iOS
7397,registration,2023-01-24 22:39:46,A,Android
1491,registration,2023-01-24 13:50:40,B,iOS
6359,click,2023-01-24 14:57:12,B,Android
9205,registration,2023-01-24 17:23:50,B,Android
9359,click,2023-01-24 13:29:29,B,Android
4471,click,2023-01-24 08:32:57,B,iOS
2231,view,2023-01-24 06:02:36,A,Android
5654,purchase,2023-01-24 20:30:49,A,Android
2292,view,2023-01-24 20:59:09,A,Android
4217,view,2023-01-24 12:14:00,B,iOS
9611,purchase,2023-01-24 12:35:57,A,iOS
9631,view,2023-01-24 00:58:55,A,iOS
1626,purchase,2023-01-24 17:08:40,B,Android
1629,click,2023-01-24 23:47:34,A,iOS
8062,click,2023-01-24 10:25:57,A,Android
767,purchase,2023-01-24 22:20:23,A,Android
5564,view,2023-01-24 05:06:06,A,iOS
7146,click,2023-01-24 18:11:54,B,Android
9499,registration,2023-01-24 01:01:40,A,iOS
1941,view,2023-01-24 04:51:39,A,iOS
6342,view,2023-01-24 08:19:51,A,Android
2890,click,2023-01-24 08:52:40,B,iOS
4681,click,2023-01-24 02:39:25,A,Android
6638,view,2023-01-24 09:09:49,A,Android
2452,view,2023-01-24 04:00:34,A,iOS
4456,view,2023-01-24 11:52:32,A,iOS
4698,purchase,2023-01-24 04:45:28,A,iOS
7678,click,2023-01-24 08:24:01,B,iOS
3128,click,2023-01-24 16:19:52,B,Android
3373,registration,2023-01-24 16:02:12,B,iOS
7383,click,2023-01-24 17:28:18,B,iOS
8263,view,2023-01-24 12:33:54,B,Android
9194,click,2023-01-24 17:02:12,B,Android
3346,click,2023-01-24 17:21:12,A,iOS
8705,view,2023-01-24 01:07:13,B,Android
9596,click,2023-01-24 06:43:26,B,iOS
6741,purchase,2023-01-24 07:48:58,A,iOS
3523,click,2023-01-24 03:04:37,B,iOS
8328,view,2023-01-24 09:14:43,B,iOS
3972,view,2023-01-24 04:32:55,B,iOS
6411,registration,2023-01-24 19:57:01,B,iOS
6697,view,2023-01-24 10:18:45,B,Android
2220,registration,2023-01-24 22:09:30,A,iOS
6595,click,2023-01-24 02:48:45,A,iOS
1623,registration,2023-01-24 14:34:10,B,iOS
7921,purchase,2023-01-24 21:07:36,B,Android
8590,registration,2023-01-24 13:45:31,A,iOS
186,view,2023-01-24 07:22:30,B,iOS
5340,click,2023-01-24 00:31:19,B,iOS
3482,click,2023-01-24 13:25:38,B,iOS
5143,click,2023-01-24 04:35:05,B,Android
4959,view,2023-01-24 02:25:00,B,iOS
2294,click,2023-01-24 21:23:20,A,iOS
6872,click,2023-01-24 21:23:40,B,Android
1104,click,2023-01-24 11:21:05,A,Android
9846,click,2023-01-24 18:39:42,B,Android
5261,view,2023-01-24 02:34:10,B,Android
9678,registration,2023-01-24 22:34:15,B,Android
8341,purchase,2023-01-24 11:41:18,A,Android
9502,view,2023-01-24 14:33:45,A,iOS
7433,click,2023-01-24 00:50:54,A,Android
9219,click,2023-01-25 04:49:06,A,iOS
9380,registration,2023-01-25 04:37:17,A,iOS
3454,purchase,2023-01-25 00:43:17,A,iOS
6348,registration,2023-01-25 00:28:31,B,iOS
6421,registration,2023-01-25 02:38:21,A,iOS
9024,click,2023-01-25 03:15:18,A,Android
9087,purchase,2023-01-25 09:45:32,A,Android
5225,purchase,2023-01-25 01:19:01,B,iOS
906,view,2023-01-25 18:00:02,A,Android
3829,click,2023-01-25 16:07:20,A,Android
1706,click,2023-01-25 00:41:08,A,iOS
6138,click,2023-01-25 10:58:40,A,Android
9738,registration,2023-01-25 23:12:23,B,iOS
4961,view,2023-01-25 21:39:28,A,Android
8139,view,2023-01-25 16:46:11,A,iOS
6817,purchase,2023-01-25 17:16:44,B,iOS
7559,view,2023-01-25 07:35:27,A,Android
532,click,2023-01-25 01:10:56,B,Android
2035,click,2023-01-25 18:18:50,B,iOS
3177,view,2023-01-25 16:12:12,B,Android
9171,purchase,2023-01-25 05:30:34,B,iOS
9125,purchase,2023-01-25 00:51:31,B,iOS
6745,view,2023-01-25 17:50:41,A,Android
8659,view,2023-01-25 11:43:05,B,Android
2085,click,2023-01-25 10:07:13,A,Android
3562,click,2023-01-25 11:21:43,B,Android
8445,click,2023-01-25 09:15:09,B,Android
1895,click,2023-01-25 15:39:37,B,Android
5652,click,2023-01-25 01:52:20,A,Android
8157,view,2023-01-25 14:37:20,A,Android
6826,view,2023-01-25 04:47:36,B,iOS
9780,click,2023-01-25 15:39:58,A,iOS
7413,click,2023-01-25 13:40:48,B,Android
2106,click,2023-01-25 19:17:09,A,iOS
91,view,2023-01-25 17:14:45,A,Android
8909,view,2023-01-25 23:32:40,B,iOS
5240,click,2023-01-25 04:52:49,B,iOS
3410,view,2023-01-25 06:43:09,A,iOS
6771,click,2023-01-25 15:48:29,B,iOS
8832,purchase,2023-01-25 21:24:14,A,iOS
8694,view,2023-01-25 10:36:30,A,Android
3412,registration,2023-01-25 21:31:36,B,Android
5002,registration,2023-01-25 06:46:10,A,iOS
2619,click,2023-01-25 16:58:41,A,Android
7351,click,2023-01-25 00:47:25,B,iOS
445,view,2023-01-25 05:21:39,B,Android
8051,view,2023-01-25 15:40:39,B,Android
916,click,2023-01-25 05:28:36,B,iOS
9170,view,2023-01-25 02:35:54,B,iOS
9239,purchase,2023-01-25 05:29:15,A,Android
7196,purchase,2023-01-25 14:06:53,A,iOS
880,click,2023-01-25 08:00:22,B,iOS
2600,registration,2023-01-25 14:22:32,B,Android
4071,view,2023-01-25 02:28:00,A,Android
9176,click,2023-01-25 12:56:45,B,Android
9970,view,2023-01-25 10:24:25,A,Android
6905,view,2023-01-25 14:03:24,A,iOS
7019,click,2023-01-25 07:28:39,A,iOS
4684,registration,2023-01-25 13:27:48,B,Android
9276,click,2023-01-25 02:00:03,A,iOS
8205,click,2023-01-25 19:13:10,A,iOS
9092,click,2023-01-25 06:13:08,B,Android
3547,registration,2023-01-25 03:06:24,A,iOS
2444,click,2023-01-25 03:44:53,A,iOS
5243,registration,2023-01-25 00:36:29,B,iOS
1409,purchase,2023-01-25 15:08:18,A,iOS
6279,click,2023-01-25 10:58:22,B,iOS
351,click,2023-01-25 09:26:04,B,Android
5615,click,2023-01-25 05:30:48,B,iOS
4610,view,2023-01-25 19:01:15,B,iOS
6768,click,2023-01-25 20:29:12,B,Android
3965,click,2023-01-25 06:44:51,A,iOS
807,click,2023-01-25 05:53:43,B,iOS
2691,registration,2023-01-25 09:08:13,B,Android
1260,click,2023-01-25 10:33:57,A,iOS
5344,purchase,2023-01-25 05:03:04,B,Android
4817,click,2023-01-25 07:42:50,A,Android
2279,click,2023-01-25 21:05:48,A,Android
6074,view,2023-01-25 15:41:15,B,Android
9322,view,2023-01-25 18:13:23,B,Android
2781,registration,2023-01-25 17:13:26,A,iOS
7840,click,2023-01-25 15:37:08,B,Android
8809,purchase,2023-01-25 22:57:20,A,Android
1946,view,2023-01-25 10:27:00,B,iOS
4433,view,2023-01-25 14:57:52,A,iOS
696,view,2023-01-25 09:02:37,A,iOS
5694,view,2023-01-25 06:53:46,A,Android
8183,click,2023-01-25 09:27:09,A,iOS
4402,registration,2023-01-25 06:30:15,B,iOS
6648,view,2023-01-25 17:26:31,A,iOS
6922,click,2023-01-25 19:06:34,A,iOS
9799,registration,2023-01-25 15:37:50,A,Android
6246,registration,2023-01-25 00:18:32,A,iOS
8415,click,2023-01-25 17:48:07,B,Android
4389,view,2023-01-25 02:20:46,A,Android
3240,view,2023-01-25 23:32:42,A,Android
7619,registration,2023-01-25 15:22:55,A,iOS
6231,registration,2023-01-25 13:21:20,A,Android
8854,view,2023-01-25 21:16:35,A,Android
1809,view,2023-01-25 04:06:08,A,Android
3366,click,2023-01-25 09:14:51,A,Android
9147,view,2023-01-25 10:47:03,B,Android
9134,click,2023-01-25 14:15:19,A,Android
4005,click,2023-01-25 13:38:33,A,Android
5547,registration,2023-01-25 10:21:31,A,Android
8780,view,2023-01-25 01:32:00,A,Android
6055,click,2023-01-25 19:02:48,A,Android
2361,purchase,2023-01-25 01:39:59,B,Android
9012,view,2023-01-25 22:36:31,A,Android
7624,view,2023-01-25 16:41:32,B,Android
5556,click,2023-01-25 20:38:29,A,Android
2572,view,2023-01-25 22:54:11,A,Android
3330,view,2023-01-25 22:01:50,B,iOS
5886,registration,2023-01-25 05:22:23,B,iOS
3276,view,2023-01-25 05:39:38,B,Android
5212,click,2023-01-25 20:41:40,B,iOS
9570,purchase,2023-01-25 17:04:36,B,Android
7968,registration,2023-01-25 20:50:15,A,iOS
709,view,2023-01-25 08:35:35,A,Android
849,view,2023-01-25 06:36:39,B,iOS
7773,click,2023-01-25 05:58:25,A,Android
8053,click,2023-01-25 10:42:46,B,iOS
1893,view,2023-01-25 10:06:27,B,iOS
1371,view,2023-01-25 07:17:15,B,iOS
3404,view,2023-01-25 21:23:37,A,iOS
2490,purchase,2023-01-25 06:04:38,A,Android
3535,click,2023-01-25 13:09:50,A,Android
5088,registration,2023-01-25 09:36:07,A,iOS
48,click,2023-01-25 17:55:45,B,Android
9838,click,2023-01-25 10:00:59,A,iOS
731,view,2023-01-25 04:14:14,A,Android
9325,purchase,2023-01-25 14:00:28,B,iOS
4002,click,2023-01-25 18:53:35,B,Android
5541,registration,2023-01-25 01:07:10,A,iOS
7532,registration,2023-01-25 03:24:39,B,Android
2350,view,2023-01-25 12:18:10,B,Android
9032,click,2023-01-25 04:07:17,A,Android
5942,view,2023-01-25 10:26:41,A,Android
4528,registration,2023-01-25 02:44:15,B,iOS
1604,click,2023-01-25 21:27:37,B,iOS
8595,view,2023-01-25 00:19:48,A,iOS
772,view,2023-01-25 06:31:53,A,iOS
2328,view,2023-01-25 00:38:35,A,iOS
1030,purchase,2023-01-25 20:14:39,B,Android
3250,purchase,2023-01-25 13:13:45,B,Android
7024,click,2023-01-25 19:32:53,A,Android
490,click,2023-01-25 00:18:54,A,iOS
7628,view,2023-01-25 12:45:36,A,Android
6006,click,2023-01-25 01:32:17,B,Android
7438,registration,2023-01-25 01:09:37,B,iOS
6770,click,2023-01-25 10:51:02,A,Android
3350,click,2023-01-25 03:58:10,B,iOS
9761,click,2023-01-25 16:28:29,B,Android
5142,click,2023-01-25 08:55:02,B,Android
9680,purchase,2023-01-25 07:28:13,A,Android
9735,click,2023-01-25 09:51:59,A,Android
5009,click,2023-01-25 05:16:22,A,iOS
9290,view,2023-01-25 16:03:51,A,Android
5240,click,2023-01-25 15:28:05,B,iOS
4447,purchase,2023-01-25 09:57:04,A,iOS
3242,click,2023-01-25 21:17:30,B,Android
4212,registration,2023-01-25 17:22:39,A,iOS
6696,registration,2023-01-25 08:32:55,B,Android
6808,view,2023-01-25 11:18:44,A,Android
1026,click,2023-01-25 07:00:36,B,iOS
8721,click,2023-01-25 22:37:44,A,Android
4642,purchase,2023-01-25 01:07:17,A,Android
6144,view,2023-01-25 04:58:49,B,iOS
3900,view,2023-01-25 05:12:53,A,Android
2121,view,2023-01-25 12:59:59,B,iOS
9402,view,2023-01-25 11:25:53,B,iOS
795,registration,2023-01-25 20:27:17,B,iOS
6815,click,2023-01-25 08:51:34,A,iOS
1772,view,2023-01-25 10:08:28,A,Android
876,click,2023-01-25 04:08:36,A,Android
4122,click,2023-01-25 02:54:43,A,iOS
5013,view,2023-01-25 08:36:47,A,iOS
6315,view,2023-01-25 07:29:53,A,Android
4863,click,2023-01-25 11:49:27,B,iOS
7522,click,2023-01-25 03:49:16,A,Android
6035,view,2023-01-25 18:58:43,A,Android
1648,click,2023-01-25 13:27:32,A,Android
8505,view,2023-01-25 04:27:37,A,iOS
2093,registration,2023-01-25 12:16:25,B,iOS
8445,purchase,2023-01-25 06:19:52,B,Android
4893,click,2023-01-25 22:18:44,A,iOS
4401,purchase,2023-01-25 09:22:47,A,iOS
8556,registration,2023-01-25 15:49:50,A,iOS
7614,click,2023-01-25 23:25:33,B,Android
5670,view,2023-01-25 15:31:47,B,Android
3865,click,2023-01-25 11:01:01,A,iOS
9359,click,2023-01-25 21:29:13,B,Android
8368,click,2023-01-25 23:40:43,A,iOS
9717,click,2023-01-25 14:40:20,A,iOS
1826,purchase,2023-01-25 17:32:47,B,iOS
4920,purchase,2023-01-25 11:12:30,A,Android
2098,click,2023-01-25 02:14:43,B,Android
854,registration,2023-01-25 07:44:27,A,Android
17,view,2023-01-25 08:23:20,B,iOS
519,view,2023-01-25 16:47:11,A,iOS
4125,registration,2023-01-25 16:48:52,B,iOS
3047,registration,2023-01-25 03:58:07,A,iOS
7663,purchase,2023-01-25 09:31:02,A,Android
5359,purchase,2023-01-25 21:05:08,B,iOS
8359,click,2023-01-25 10:51:00,B,Android
8104,click,2023-01-25 02:25:14,B,Android
3850,registration,2023-01-25 02:41:55,A,iOS
2968,click,2023-01-25 22:48:33,A,iOS
9378,registration,2023-01-25 01:14:16,A,iOS
994,click,2023-01-25 07:40:39,B,Android
3858,click,2023-01-25 21:02:47,B,iOS
6396,click,2023-01-25 10:45:04,A,iOS
2489,view,2023-01-25 11:16:54,B,Android
4764,registration,2023-01-25 06:13:11,B,Android
4110,click,2023-01-25 04:10:02,B,iOS
4828,click,2023-01-25 06:01:05,A,Android
5812,registration,2023-01-25 20:07:31,B,Android
323,view,2023-01-25 01:07:01,A,Android
7637,purchase,2023-01-25 06:48:07,A,Android
7784,view,2023-01-25 04:11:31,A,Android
8597,view,2023-01-25 09:41:25,B,iOS
9808,click,2023-01-25 19:54:53,B,Android
2191,registration,2023-01-25 07:15:46,A,Android
6322,click,2023-01-25 13:11:24,B,iOS
3548,purchase,2023-01-25 08:22:39,A,iOS
5555,purchase,2023-01-25 12:30:13,B,iOS
7512,view,2023-01-25 13:15:24,A,Android
43,click,2023-01-25 18:18:35,A,iOS
1570,view,2023-01-25 00:34:42,B,Android
7384,click,2023-01-25 20:53:19,A,Android
4808,click,2023-01-25 19:00:45,B,Android
3743,click,2023-01-25 07:06:38,A,Android
8085,click,2023-01-25 18:42:18,A,iOS
2249,registration,2023-01-25 12:28:53,B,iOS
4987,view,2023-01-25 11:56:15,B,Android
5558,view,2023-01-25 10:48:03,B,iOS
9050,click,2023-01-25 05:01:18,A,iOS
5577,click,2023-01-25 19:02:35,A,Android
6243,view,2023-01-25 09:37:56,B,Android
1638,view,2023-01-25 22:50:03,B,iOS
1778,registration,2023-01-25 01:19:36,A,iOS
7875,registration,2023-01-25 18:25:49,B,Android
9554,click,2023-01-25 12:47:59,B,Android
6676,registration,2023-01-25 19:42:56,A,Android
3093,purchase,2023-01-25 07:03:04,A,iOS
4325,click,2023-01-25 01:28:39,B,Android
9671,purchase,2023-01-25 22:27:23,B,Android
2154,registration,2023-01-25 01:09:25,B,Android
3781,registration,2023-01-25 03:30:08,B,iOS
7630,click,2023-01-25 07:39:50,A,iOS
6176,click,2023-01-25 17:38:32,A,Android
4965,view,2023-01-25 09:40:13,A,iOS
7714,click,2023-01-25 23:24:11,A,Android
4766,purchase,2023-01-25 00:18:28,B,iOS
3800,registration,2023-01-25 07:05:06,A,iOS
3413,registration,2023-01-25 18:50:12,B,iOS
7666,view,2023-01-25 18:07:31,B,Android
4929,click,2023-01-25 00:02:14,B,iOS
6503,click,2023-01-25 22:14:23,A,iOS
6011,registration,2023-01-25 17:20:40,A,iOS
9357,view,2023-01-25 10:26:51,B,iOS
2999,view,2023-01-25 05:18:04,B,Android
595,view,2023-01-25 15:50:54,B,iOS
6445,click,2023-01-25 07:49:49,A,iOS
8735,click,2023-01-25 21:50:46,A,Android
5833,click,2023-01-25 06:10:51,B,Android
8745,click,2023-01-25 23:10:47,A,Android
6405,click,2023-01-25 12:51:11,A,iOS
450,view,2023-01-25 10:58:23,A,iOS
6705,view,2023-01-25 10:09:36,B,iOS
5262,view,2023-01-25 06:51:47,B,iOS
6518,click,2023-01-25 21:10:34,B,Android
5216,click,2023-01-25 02:18:14,A,iOS
8520,click,2023-01-25 08:59:19,A,iOS
2775,view,2023-01-25 23:40:06,B,Android
718,purchase,2023-01-25 01:27:37,B,iOS
1693,click,2023-01-25 02:34:00,B,iOS
4844,view,2023-01-25 14:54:55,A,iOS
6514,click,2023-01-25 18:26:23,A,Android
9042,click,2023-01-25 21:05:06,A,iOS
9561,click,2023-01-25 17:23:05,B,iOS
4182,registration,2023-01-25 14:03:33,A,iOS
9990,click,2023-01-25 09:43:27,B,iOS
7454,view,2023-01-25 12:31:35,B,iOS
1940,view,2023-01-25 18:55:59,B,iOS
7938,view,2023-01-25 20:42:50,B,Android
2899,click,2023-01-25 10:59:07,B,Android
379,click,2023-01-25 12:02:53,B,Android
9050,click,2023-01-25 02:26:32,A,iOS
5924,click,2023-01-25 23:52:17,B,iOS
8367,click,2023-01-25 20:06:35,A,Android
6279,purchase,2023-01-25 19:31:40,B,iOS
5931,registration,2023-01-25 04:59:49,A,iOS
5113,view,2023-01-25 13:30:06,A,iOS
4664,view,2023-01-25 01:33:20,B,Android
6499,registration,2023-01-25 18:46:26,B,iOS
9634,view,2023-01-25 23:18:48,B,iOS
2522,click,2023-01-25 19:32:37,B,iOS
8806,registration,2023-01-25 07:51:52,A,iOS
5639,click,2023-01-25 08:55:24,B,iOS
7582,click,2023-01-25 03:34:21,B,Android
5684,click,2023-01-25 10:22:54,A,Android
806,registration,2023-01-25 11:30:09,B,Android
6458,click,2023-01-25 00:22:41,B,iOS
7636,view,2023-01-25 02:31:31,A,iOS
8356,view,2023-01-25 04:24:00,A,iOS
8209,view,2023-01-25 03:37:45,B,Android
4926,purchase,2023-01-25 20:12:36,A,Android
1920,view,2023-01-25 08:50:32,B,iOS
7207,click,2023-01-25 11:00:28,B,Android
4024,click,2023-01-25 01:31:55,B,iOS
215,click,2023-01-25 03:57:35,B,Android
4045,view,2023-01-25 23:47:21,B,Android
2930,registration,2023-01-25 21:50:10,A,Android
7091,registration,2023-01-25 13:37:47,A,iOS
7745,purchase,2023-01-25 03:37:14,A,iOS
9074,view,2023-01-25 02:33:05,B,Android
8917,view,2023-01-25 18:11:59,A,iOS
50,click,2023-01-25 22:39:40,A,Android
8350,click,2023-01-25 07:45:05,A,iOS
7034,purchase,2023-01-25 19:27:58,B,iOS
6887,click,2023-01-25 11:06:12,B,iOS
2565,view,2023-01-25 11:35:19,A,Android
6731,view,2023-01-25 07:23:54,A,iOS
7440,click,2023-01-25 07:51:51,B,iOS
4049,click,2023-01-25 21:10:44,B,Android
8017,click,2023-01-25 10:40:37,B,iOS
5575,registration,2023-01-25 14:41:42,A,iOS
4036,view,2023-01-25 20:51:05,B,Android
2683,registration,2023-01-25 14:42:15,A,iOS
7041,view,2023-01-25 15:29:14,B,iOS
1122,purchase,2023-01-25 20:50:48,A,Android
3561,view,2023-01-25 21:46:34,B,Android
8110,registration,2023-01-25 22:19:23,B,Android
6669,click,2023-01-25 03:59:38,B,Android
8727,click,2023-01-25 03:15:12,B,Android
3319,registration,2023-01-25 10:22:51,B,iOS
5724,purchase,2023-01-25 07:06:55,B,iOS
4099,purchase,2023-01-25 11:47:58,B,iOS
8826,click,2023-01-25 02:47:18,B,Android
5325,click,2023-01-25 05:39:35,B,iOS
6234,click,2023-01-25 10:23:24,B,Android
2475,view,2023-01-25 19:59:37,B,Android
1325,view,2023-01-25 07:36:19,B,iOS
7069,click,2023-01-25 13:08:16,B,Android
1922,view,2023-01-25 01:12:57,A,Android
7739,registration,2023-01-25 02:35:54,A,Android
4180,view,2023-01-25 22:20:04,A,Android
2537,view,2023-01-25 23:21:22,B,iOS
5856,click,2023-01-25 15:01:25,B,iOS
8547,click,2023-01-25 22:59:17,B,iOS
1711,view,2023-01-25 17:13:36,A,Android
4298,purchase,2023-01-25 14:19:46,B,iOS
383,registration,2023-01-25 15:12:43,B,Android
3089,click,2023-01-25 00:48:41,A,Android
341,registration,2023-01-25 05:55:45,B,iOS
9420,registration,2023-01-25 21:31:39,A,iOS
9140,click,2023-01-25 04:00:42,B,iOS
3354,view,2023-01-25 17:18:10,B,iOS
7586,view,2023-01-25 01:59:41,B,Android
6031,click,2023-01-25 20:06:07,B,iOS
3689,view,2023-01-25 04:57:41,B,Android
4112,click,2023-01-25 11:38:06,B,Android
2872,view,2023-01-25 02:25:33,B,iOS
3121,view,2023-01-25 22:32:02,B,iOS
4038,click,2023-01-25 22:32:26,B,iOS
9407,purchase,2023-01-25 12:06:28,A,Android
9382,view,2023-01-25 22:50:33,B,Android
8639,click,2023-01-25 20:15:22,A,iOS
4478,click,2023-01-25 03:33:23,A,Android
2123,click,2023-01-25 10:03:38,B,Android
5908,view,2023-01-25 15:22:49,A,Android
5561,registration,2023-01-25 21:07:27,A,iOS
3257,view,2023-01-25 09:19:39,B,iOS
5765,view,2023-01-25 02:57:25,A,iOS
7859,click,2023-01-25 03:48:42,A,iOS
813,registration,2023-01-25 22:53:04,A,iOS
5558,purchase,2023-01-25 02:51:20,B,iOS
6205,purchase,2023-01-25 14:18:05,B,iOS
7242,click,2023-01-25 17:35:13,A,Android
284,click,2023-01-25 08:54:45,B,Android
8470,click,2023-01-25 15:22:14,A,iOS
1010,view,2023-01-25 00:28:44,B,iOS
1278,purchase,2023-01-25 05:11:08,A,iOS
4627,click,2023-01-25 03:32:43,B,Android
4932,view,2023-01-25 10:56:14,A,iOS
3872,view,2023-01-25 23:04:33,B,iOS
4306,purchase,2023-01-25 01:00:14,A,Android
1565,view,2023-01-25 07:23:31,A,Android
2598,view,2023-01-25 02:12:33,B,Android
3119,click,2023-01-25 01:21:10,B,Android
3751,click,2023-01-25 17:40:08,B,iOS
1278,registration,2023-01-25 01:23:33,A,iOS
1067,view,2023-01-25 13:57:49,B,Android
8259,click,2023-01-25 17:08:09,A,Android
9296,view,2023-01-25 20:19:49,A,Android
5593,purchase,2023-01-25 18:50:48,B,iOS
4866,click,2023-01-25 02:08:51,A,iOS
2807,registration,2023-01-25 14:59:02,B,Android
8284,view,2023-01-25 07:01:06,A,Android
2639,click,2023-01-25 02:13:13,A,Android
5495,view,2023-01-25 11:37:52,B,iOS
1625,purchase,2023-01-25 14:18:55,B,iOS
4533,click,2023-01-25 12:06:20,B,Android
5852,click,2023-01-25 17:49:41,B,iOS
121,purchase,2023-01-25 06:06:03,B,iOS
8553,click,2023-01-25 22:15:26,B,iOS
9959,click,2023-01-25 20:05:44,A,iOS
2353,view,2023-01-25 01:48:17,B,iOS
7465,click,2023-01-25 11:43:28,B,Android
7694,registration,2023-01-25 02:32:00,B,iOS
2201,view,2023-01-25 05:43:00,A,Android
1383,registration,2023-01-25 16:44:47,B,Android
7208,click,2023-01-25 14:39:00,A,Android
5545,registration,2023-01-25 19:41:25,B,iOS
5558,click,2023-01-25 18:26:06,B,iOS
3477,registration,2023-01-25 15:23:16,A,iOS
8227,click,2023-01-25 00:47:38,B,Android
4227,view,2023-01-25 03:45:36,B,iOS
666,click,2023-01-25 07:53:59,B,iOS
1854,click,2023-01-25 14:45:02,B,Android
2900,click,2023-01-25 07:45:54,A,Android
3009,click,2023-01-25 18:24:37,B,iOS
6867,registration,2023-01-25 18:24:16,A,iOS
9593,click,2023-01-25 08:29:50,B,iOS
3616,click,2023-01-25 12:02:17,A,iOS
3996,click,2023-01-25 16:22:40,A,iOS
6116,view,2023-01-25 09:25:36,A,Android
6680,registration,2023-01-25 05:40:02,B,iOS
862,click,2023-01-25 17:13:51,B,Android
4747,view,2023-01-25 04:05:28,B,Android
1676,click,2023-01-25 17:48:38,B,Android
5038,purchase,2023-01-25 13:47:57,A,Android
2648,registration,2023-01-25 01:54:52,B,iOS
7067,click,2023-01-25 05:11:25,A,Android
1466,view,2023-01-25 23:28:41,B,iOS
5002,click,2023-01-25 01:32:04,A,iOS
3218,view,2023-01-25 10:21:58,A,iOS
8441,view,2023-01-25 15:54:56,B,Android
9951,click,2023-01-25 20:13:39,A,iOS
1807,click,2023-01-25 02:22:54,A,iOS
520,click,2023-01-25 09:46:34,A,Android
6262,view,2023-01-25 19:12:10,B,Android
9238,registration,2023-01-25 10:40:39,B,iOS
3059,view,2023-01-25 05:46:37,A,Android
8830,registration,2023-01-25 07:09:32,A,iOS
1239,view,2023-01-25 02:41:42,A,Android
7303,click,2023-01-25 11:56:44,B,iOS
8915,view,2023-01-25 10:49:52,A,iOS
1120,click,2023-01-25 07:56:21,B,iOS
3310,click,2023-01-25 16:40:19,A,Android
3781,registration,2023-01-25 22:28:08,B,iOS
6009,view,2023-01-25 19:17:45,B,Android
413,purchase,2023-01-25 05:15:05,A,Android
2604,click,2023-01-25 08:43:33,B,iOS
5554,click,2023-01-25 14:18:29,A,Android
6962,view,2023-01-25 14:31:24,A,iOS
235,view,2023-01-25 12:50:53,B,iOS
5456,registration,2023-01-25 10:19:26,B,Android
5438,registration,2023-01-25 22:01:29,B,iOS
3496,view,2023-01-25 03:27:13,B,iOS
3303,view,2023-01-25 15:05:32,A,Android
978,click,2023-01-25 05:32:36,A,iOS
3589,purchase,2023-01-25 22:25:21,B,Android
9770,view,2023-01-25 21:03:30,B,Android
8780,click,2023-01-25 13:47:25,A,Android
3260,click,2023-01-25 16:09:33,A,Android
2401,purchase,2023-01-25 21:45:00,A,iOS
3432,view,2023-01-25 01:15:31,A,Android
7839,registration,2023-01-25 00:35:44,B,iOS
2011,registration,2023-01-25 01:06:56,A,Android
9423,view,2023-01-25 23:40:48,B,Android
2402,view,2023-01-25 16:05:15,B,iOS
9722,purchase,2023-01-25 03:41:56,B,iOS
3188,purchase,2023-01-25 10:16:36,A,iOS
5302,purchase,2023-01-25 14:43:13,B,iOS
4728,registration,2023-01-25 13:31:01,A,iOS
2588,view,2023-01-25 02:10:11,B,Android
9285,click,2023-01-25 05:25:49,A,Android
7457,registration,2023-01-25 22:57:05,A,Android
5851,view,2023-01-25 10:44:38,A,Android
5193,registration,2023-01-25 09:45:06,A,Android
8526,purchase,2023-01-25 08:40:16,B,iOS
1258,click,2023-01-25 14:53:30,B,Android
6557,registration,2023-01-25 09:23:11,B,Android
1898,view,2023-01-25 04:12:26,A,iOS
9411,view,2023-01-25 04:06:05,B,iOS
4529,click,2023-01-25 10:42:16,B,Android
8418,view,2023-01-25 12:45:44,B,iOS
3650,registration,2023-01-25 06:07:26,A,iOS
908,view,2023-01-25 23:17:27,B,Android
6005,click,2023-01-25 06:44:24,A,iOS
8821,registration,2023-01-25 08:51:39,B,iOS
9584,view,2023-01-25 04:50:06,B,iOS
9518,purchase,2023-01-25 17:23:42,A,Android
7548,registration,2023-01-25 14:01:18,B,iOS
5624,view,2023-01-25 14:40:39,B,Android
4922,click,2023-01-25 06:04:44,B,Android
829,registration,2023-01-25 21:47:24,A,iOS
5813,click,2023-01-25 10:03:37,B,iOS
674,view,2023-01-25 13:05:13,B,iOS
1223,click,2023-01-25 11:12:49,A,iOS
3556,click,2023-01-25 00:51:54,A,iOS
6587,click,2023-01-25 17:32:34,B,iOS
4373,click,2023-01-25 07:23:16,B,iOS
6347,view,2023-01-25 06:36:26,A,Android
6656,click,2023-01-25 03:31:30,A,Android
9840,view,2023-01-25 09:49:52,B,iOS
5590,click,2023-01-25 07:37:05,A,Android
5506,click,2023-01-25 02:39:39,B,Android
2949,view,2023-01-25 05:54:29,B,iOS
7540,click,2023-01-25 04:01:00,B,Android
8080,registration,2023-01-25 22:37:02,A,Android
1033,registration,2023-01-25 00:02:23,B,iOS
9195,registration,2023-01-25 17:19:45,A,iOS
7359,purchase,2023-01-25 22:09:19,B,Android
3539,click,2023-01-25 20:06:37,A,Android
1794,view,2023-01-25 14:35:26,B,iOS
1879,click,2023-01-25 21:25:34,A,iOS
4214,view,2023-01-25 15:38:07,A,iOS
3631,click,2023-01-25 23:34:31,B,iOS
7071,view,2023-01-25 14:12:14,A,iOS
5038,view,2023-01-25 17:17:15,A,Android
3446,view,2023-01-25 19:43:22,A,iOS
1234,registration,2023-01-25 23:23:37,A,iOS
4482,view,2023-01-25 05:34:21,B,Android
8637,registration,2023-01-25 06:44:07,A,iOS
5622,click,2023-01-25 05:06:09,A,Android
5141,click,2023-01-25 04:26:55,A,Android
9898,purchase,2023-01-25 00:10:20,B,iOS
9392,view,2023-01-25 16:56:10,B,iOS
5670,click,2023-01-25 16:48:32,B,Android
6932,click,2023-01-25 03:53:11,B,iOS
3452,click,2023-01-25 08:39:18,B,iOS
9397,registration,2023-01-25 06:20:22,B,Android
5214,view,2023-01-25 12:32:32,A,Android
7544,purchase,2023-01-25 23:54:13,B,Android
7111,registration,2023-01-25 16:28:55,A,Android
7126,view,2023-01-25 09:28:22,A,iOS
8592,click,2023-01-25 02:13:29,B,Android
6689,purchase,2023-01-25 23:57:39,B,iOS
1566,view,2023-01-25 19:58:15,B,Android
3164,view,2023-01-25 01:42:51,A,iOS
5425,view,2023-01-25 16:21:36,A,Android
4554,click,2023-01-25 06:34:47,B,iOS
8055,registration,2023-01-25 05:59:27,A,iOS
6527,click,2023-01-25 12:41:59,B,Android
9426,view,2023-01-25 14:00:01,B,Android
5750,view,2023-01-25 04:44:57,B,Android
2439,click,2023-01-25 14:33:00,A,Android
2028,registration,2023-01-25 02:39:40,A,Android
2800,view,2023-01-25 23:42:41,A,Android
6895,view,2023-01-25 20:39:12,B,Android
6912,click,2023-01-25 19:57:34,A,iOS
9699,view,2023-01-25 17:35:28,A,iOS
8579,click,2023-01-25 09:54:52,B,Android
3434,click,2023-01-25 06:06:26,A,iOS
5697,click,2023-01-25 09:08:11,B,Android
5923,view,2023-01-25 17:48:33,A,iOS
1393,registration,2023-01-25 18:14:17,B,iOS
5784,click,2023-01-25 21:50:56,B,iOS
986,click,2023-01-25 04:00:22,A,iOS
543,click,2023-01-25 16:34:11,A,Android
2400,click,2023-01-25 20:47:11,A,iOS
9541,registration,2023-01-25 23:44:01,B,iOS
4578,click,2023-01-25 23:33:20,A,iOS
8989,click,2023-01-25 06:09:37,A,iOS
9014,click,2023-01-25 14:23:00,A,Android
1860,registration,2023-01-25 14:26:49,B,Android
8852,click,2023-01-25 03:44:15,B,iOS
371,registration,2023-01-25 00:16:35,B,iOS
5714,view,2023-01-25 15:07:40,A,Android
7955,click,2023-01-25 16:09:37,A,iOS
7939,registration,2023-01-25 08:39:49,A,Android
9514,click,2023-01-25 18:24:53,B,iOS
1568,click,2023-01-25 07:24:37,A,Android
1842,click,2023-01-25 11:47:18,A,Android
3899,registration,2023-01-25 14:22:38,A,Android
2171,registration,2023-01-25 21:50:23,A,iOS
2922,purchase,2023-01-25 18:51:47,B,Android
1089,view,2023-01-25 05:45:29,A,iOS
1167,registration,2023-01-25 15:57:00,B,iOS
6687,registration,2023-01-25 18:48:25,A,iOS
6831,view,2023-01-25 10:47:24,B,iOS
466,view,2023-01-25 13:20:58,A,iOS
3446,click,2023-01-25 22:45:03,A,iOS
5885,click,2023-01-25 20:18:09,B,Android
6621,purchase,2023-01-25 23:57:53,A,iOS
7958,registration,2023-01-25 01:31:12,B,Android
972,view,2023-01-25 11:17:43,A,Android
9182,click,2023-01-25 10:16:12,A,iOS
7878,click,2023-01-25 02:12:29,B,Android
7936,click,2023-01-25 05:23:02,A,iOS
5777,click,2023-01-25 00:22:59,A,iOS
9490,click,2023-01-25 12:49:44,B,iOS
4302,view,2023-01-25 06:23:58,A,Android
212,registration,2023-01-25 10:40:11,A,Android
2539,click,2023-01-25 02:59:31,A,Android
9810,click,2023-01-25 10:58:10,B,iOS
7562,registration,2023-01-25 21:26:52,B,Android
1652,view,2023-01-25 19:59:58,B,iOS
1687,view,2023-01-25 21:42:58,A,iOS
9696,click,2023-01-25 20:01:00,B,iOS
521,click,2023-01-25 17:34:21,B,iOS
8500,registration,2023-01-25 16:12:49,B,Android
9263,view,2023-01-25 11:05:46,B,Android
2040,click,2023-01-25 09:29:48,B,Android
7304,view,2023-01-25 01:38:59,A,iOS
6177,click,2023-01-25 07:17:37,A,iOS
3228,click,2023-01-25 11:50:37,B,Android
9651,registration,2023-01-25 12:48:25,B,Android
9451,click,2023-01-25 17:05:30,A,Android
9306,click,2023-01-25 05:58:44,B,iOS
7560,click,2023-01-25 18:43:21,A,iOS
2575,view,2023-01-25 11:07:58,A,iOS
1915,purchase,2023-01-25 21:42:57,A,Android
3750,purchase,2023-01-25 19:51:55,B,iOS
8818,click,2023-01-25 14:01:24,B,Android
2410,view,2023-01-25 07:27:21,B,iOS
3674,registration,2023-01-25 08:09:48,B,Android
4806,click,2023-01-25 20:27:02,A,iOS
7622,registration,2023-01-25 17:07:25,B,Android
6770,view,2023-01-25 02:26:02,A,Android
3934,click,2023-01-25 17:38:49,B,Android
2238,click,2023-01-25 18:52:07,B,Android
8080,click,2023-01-25 10:25:09,A,Android
912,view,2023-01-25 03:51:10,A,Android
6334,click,2023-01-25 06:26:06,A,Android
4693,click,2023-01-25 09:53:08,B,Android
9759,purchase,2023-01-25 13:31:26,B,Android
2570,view,2023-01-25 15:23:15,A,iOS
1596,view,2023-01-25 09:45:25,A,iOS
7780,view,2023-01-25 06:10:02,A,Android
7372,purchase,2023-01-25 12:12:20,B,iOS
8663,purchase,2023-01-25 13:00:00,A,iOS
111,click,2023-01-25 06:07:20,A,Android
6087,purchase,2023-01-25 18:17:43,B,Android
7223,view,2023-01-25 00:17:53,A,iOS
516,click,2023-01-25 13:00:54,B,iOS
2214,purchase,2023-01-25 00:22:30,B,Android
4129,click,2023-01-25 11:15:39,A,iOS
1985,view,2023-01-25 22:39:04,B,Android
3243,registration,2023-01-25 04:51:44,A,Android
8902,view,2023-01-25 12:48:19,A,iOS
5753,click,2023-01-25 22:49:03,B,Android
8304,view,2023-01-25 17:03:19,B,iOS
7221,click,2023-01-25 08:14:46,A,iOS
4603,view,2023-01-25 12:05:42,B,iOS
2352,click,2023-01-25 21:12:23,B,iOS
7397,purchase,2023-01-25 05:11:54,A,Android
7448,view,2023-01-25 04:39:17,A,iOS
384,registration,2023-01-25 02:40:35,B,iOS
5836,click,2023-01-25 12:50:48,B,Android
5723,registration,2023-01-25 10:32:35,B,Android
4981,registration,2023-01-25 09:01:44,B,Android
7512,click,2023-01-25 09:54:15,A,Android
3508,click,2023-01-25 00:52:07,B,iOS
2581,view,2023-01-25 09:57:38,B,Android
8680,click,2023-01-25 01:11:25,B,iOS
4012,registration,2023-01-25 12:11:45,A,iOS
6611,click,2023-01-25 03:55:49,A,Android
69,view,2023-01-25 22:11:32,B,Android
7042,click,2023-01-25 21:01:14,B,Android
8348,click,2023-01-25 09:51:32,B,Android
1993,click,2023-01-25 04:31:35,A,iOS
3952,purchase,2023-01-25 02:06:10,B,Android
1044,purchase,2023-01-25 06:43:24,B,iOS
9983,click,2023-01-25 22:08:09,A,Android
693,view,2023-01-25 08:41:54,B,iOS
9544,registration,2023-01-25 23:47:06,B,iOS
5442,registration,2023-01-25 15:46:51,A,iOS
1437,view,2023-01-25 17:26:57,A,iOS
4252,view,2023-01-25 08:50:44,B,Android
4991,view,2023-01-25 17:51:34,A,iOS
732,purchase,2023-01-25 04:48:17,A,Android
3340,click,2023-01-25 18:44:47,A,iOS
8124,registration,2023-01-25 00:23:09,A,iOS
5332,view,2023-01-25 23:07:40,B,Android
6131,view,2023-01-25 04:42:09,A,iOS
9245,click,2023-01-25 13:57:11,A,Android
7406,view,2023-01-25 02:52:24,B,Android
1113,view,2023-01-25 02:34:53,B,Android
8341,registration,2023-01-26 16:17:00,A,Android
6116,view,2023-01-26 08:11:47,A,Android
6115,view,2023-01-26 20:30:18,A,Android
6347,view,2023-01-26 12:40:57,A,Android
155,view,2023-01-26 02:51:28,B,Android
233,click,2023-01-26 00:15:40,B,Android
6459,registration,2023-01-26 08:20:39,A,Android
9828,registration,2023-01-26 10:34:16,A,iOS
5067,click,2023-01-26 21:54:05,A,Android
1006,view,2023-01-26 09:22:05,B,iOS
6772,purchase,2023-01-26 11:15:06,B,Android
6325,registration,2023-01-26 07:30:53,B,iOS
7368,click,2023-01-26 04:49:08,B,iOS
9425,registration,2023-01-26 05:58:53,A,Android
2077,view,2023-01-26 12:08:06,B,iOS
9393,click,2023-01-26 23:02:06,A,iOS
6705,click,2023-01-26 16:24:12,B,iOS
7099,purchase,2023-01-26 22:22:25,B,iOS
7338,view,2023-01-26 21:58:22,B,Android
9447,view,2023-01-26 09:38:56,B,Android
9054,purchase,2023-01-26 20:36:53,A,iOS
5789,registration,2023-01-26 03:09:10,B,Android
7701,view,2023-01-26 00:41:48,B,iOS
7496,registration,2023-01-26 19:30:59,B,iOS
1618,view,2023-01-26 20:50:14,B,iOS
803,view,2023-01-26 20:30:26,A,Android
9466,click,2023-01-26 03:42:09,A,Android
9875,view,2023-01-26 23:29:01,B,Android
5771,registration,2023-01-26 02:09:14,B,Android
6886,click,2023-01-26 02:29:18,A,Android
1504,view,2023-01-26 07:17:35,B,iOS
350,registration,2023-01-26 16:41:35,B,Android
7314,view,2023-01-26 18:30:54,B,iOS
6462,view,2023-01-26 19:59:52,A,iOS
5464,purchase,2023-01-26 17:13:02,B,iOS
4208,click,2023-01-26 00:15:34,A,iOS
9982,click,2023-01-26 23:59:39,A,iOS
3696,purchase,2023-01-26 16:36:20,B,Android
9457,purchase,2023-01-26 14:23:36,A,Android
9431,view,2023-01-26 17:27:06,A,iOS
4437,click,2023-01-26 00:40:38,A,iOS
5066,registration,2023-01-26 16:17:18,B,Android
8598,registration,2023-01-26 13:07:32,A,iOS
9971,click,2023-01-26 20:14:24,B,iOS
9281,click,2023-01-26 16:11:19,A,iOS
422,purchase,2023-01-26 02:25:19,A,iOS
9541,click,2023-01-26 22:54:21,B,iOS
2176,purchase,2023-01-26 11:05:45,A,iOS
521,view,2023-01-26 06:49:53,B,iOS
6933,click,2023-01-26 17:12:29,B,iOS
4879,view,2023-01-26 14:57:41,A,Android
9840,registration,2023-01-26 19:45:13,B,iOS
2059,view,2023-01-26 08:46:07,A,Android
8006,click,2023-01-26 05:30:08,A,iOS
3462,purchase,2023-01-26 22:05:12,B,iOS
1223,click,2023-01-26 05:04:02,A,iOS
1175,click,2023-01-26 13:01:08,B,Android
7415,click,2023-01-26 18:07:45,B,Android
9060,view,2023-01-26 00:47:58,B,iOS
7587,click,2023-01-26 15:47:30,A,iOS
7241,click,2023-01-26 21:02:09,A,iOS
738,click,2023-01-26 01:59:30,A,Android
5919,click,2023-01-26 07:28:33,A,iOS
9692,view,2023-01-26 23:34:09,A,iOS
8348,registration,2023-01-26 06:37:26,B,Android
2602,registration,2023-01-26 06:26:43,B,Android
7544,click,2023-01-26 08:14:36,B,Android
859,view,2023-01-26 00:30:56,A,iOS
1918,registration,2023-01-26 19:42:17,B,iOS
2366,click,2023-01-26 13:33:11,B,iOS
1236,click,2023-01-26 20:15:11,B,Android
9831,click,2023-01-26 15:35:33,B,Android
679,click,2023-01-26 17:27:38,B,Android
1056,click,2023-01-26 11:29:41,A,iOS
4689,registration,2023-01-26 08:49:42,B,iOS
8035,click,2023-01-26 02:49:12,B,Android
8086,click,2023-01-26 12:13:18,A,iOS
6164,click,2023-01-26 05:14:14,A,iOS
4856,click,2023-01-26 23:19:00,A,iOS
8247,click,2023-01-26 21:52:09,B,Android
2657,view,2023-01-26 18:10:37,B,iOS
8360,registration,2023-01-26 01:56:56,A,iOS
8517,purchase,2023-01-26 17:56:26,B,iOS
6222,registration,2023-01-26 03:01:51,B,Android
8076,view,2023-01-26 22:04:45,B,Android
5645,view,2023-01-26 14:53:23,A,iOS
9962,purchase,2023-01-26 02:59:56,A,Android
838,click,2023-01-26 02:09:06,A,Android
6909,view,2023-01-26 07:43:24,A,iOS
7999,view,2023-01-26 02:58:06,A,iOS
8267,click,2023-01-26 02:34:45,B,Android
2918,registration,2023-01-26 09:05:43,B,Android
1518,click,2023-01-26 10:53:20,B,iOS
2278,view,2023-01-26 12:20:48,A,Android
6064,view,2023-01-26 23:23:17,B,iOS
587,click,2023-01-26 05:34:28,A,Android
5931,view,2023-01-26 12:39:14,A,iOS
4830,purchase,2023-01-26 13:43:57,A,iOS
6306,view,2023-01-26 09:04:04,B,iOS
230,click,2023-01-26 11:11:38,A,iOS
6122,registration,2023-01-26 06:22:13,A,iOS
1987,view,2023-01-26 08:12:43,A,Android
4294,click,2023-01-26 07:12:31,B,iOS
1718,click,2023-01-26 22:20:22,A,iOS
1451,view,2023-01-26 06:52:21,B,iOS
6092,registration,2023-01-26 20:18:16,B,Android
3412,registration,2023-01-26 03:52:36,B,Android
3466,click,2023-01-26 08:33:19,A,Android
9727,registration,2023-01-26 23:21:54,A,Android
7400,click,2023-01-26 09:07:33,A,Android
5604,click,2023-01-26 17:56:27,B,Android
176,registration,2023-01-26 11:28:11,B,Android
9284,view,2023-01-26 18:31:26,B,Android
1241,click,2023-01-26 14:21:22,B,iOS
859,view,2023-01-26 07:24:59,A,iOS
5718,purchase,2023-01-26 00:05:41,A,iOS
8997,click,2023-01-26 01:53:28,B,Android
9264,purchase,2023-01-26 21:52:22,B,iOS
3944,purchase,2023-01-26 05:05:03,A,iOS
9254,purchase,2023-01-26 21:02:32,B,Android
7175,click,2023-01-26 05:01:28,B,Android
7058,click,2023-01-26 07:57:29,B,iOS
5319,registration,2023-01-26 21:12:56,A,iOS
434,click,2023-01-26 06:01:32,A,Android
8187,purchase,2023-01-26 15:54:54,A,iOS
938,click,2023-01-26 18:38:12,B,Android
5455,click,2023-01-26 23:42:05,B,Android
8816,view,2023-01-26 05:44:09,B,iOS
6119,purchase,2023-01-26 12:35:05,B,Android
4317,click,2023-01-26 09:54:29,A,iOS
1043,view,2023-01-26 19:37:11,B,iOS
3033,click,2023-01-26 17:45:28,B,Android
3334,view,2023-01-26 23:29:10,A,iOS
3508,click,2023-01-26 10:41:12,B,iOS
8710,click,2023-01-26 16:04:47,A,iOS
5629,registration,2023-01-26 10:08:55,A,iOS
4845,view,2023-01-26 04:06:13,A,iOS
957,click,2023-01-26 21:48:39,A,Android
6991,view,2023-01-26 12:37:03,B,iOS
2475,registration,2023-01-26 03:11:21,B,Android
6842,view,2023-01-26 17:41:24,A,iOS
7265,purchase,2023-01-26 21:29:28,B,Android
7837,click,2023-01-26 02:19:11,A,iOS
5349,registration,2023-01-26 03:18:49,A,Android
1229,view,2023-01-26 12:30:57,B,iOS
6167,click,2023-01-26 07:04:45,A,iOS
8304,purchase,2023-01-26 01:16:45,B,iOS
7980,click,2023-01-26 12:35:06,A,Android
3839,click,2023-01-26 19:01:49,A,iOS
9478,registration,2023-01-26 22:31:07,B,Android
7118,click,2023-01-26 13:18:56,A,Android
2204,click,2023-01-26 23:18:22,A,iOS
8252,view,2023-01-26 18:36:13,B,Android
6769,registration,2023-01-26 18:16:00,A,Android
7565,click,2023-01-26 13:30:33,A,Android
5061,click,2023-01-26 06:20:12,A,Android
3158,purchase,2023-01-26 07:06:01,A,Android
6410,view,2023-01-26 22:39:07,B,iOS
7824,view,2023-01-26 17:57:13,B,iOS
8292,purchase,2023-01-26 22:00:27,A,iOS
4664,registration,2023-01-26 08:55:54,B,Android
2615,click,2023-01-26 14:03:48,A,iOS
8293,click,2023-01-26 21:45:10,B,iOS
9134,view,2023-01-26 23:17:52,A,Android
1180,click,2023-01-26 21:07:17,A,Android
5146,registration,2023-01-26 12:15:58,B,Android
211,registration,2023-01-26 22:49:16,B,iOS
6329,click,2023-01-26 18:18:01,B,iOS
3249,click,2023-01-26 23:58:23,A,iOS
2745,click,2023-01-26 07:09:38,B,iOS
1899,click,2023-01-26 18:22:35,B,Android
6737,registration,2023-01-26 06:55:20,B,Android
4436,view,2023-01-26 13:48:53,A,Android
2187,view,2023-01-26 08:46:21,A,Android
5316,view,2023-01-26 11:02:30,B,Android
2670,registration,2023-01-26 23:42:29,A,iOS
2090,view,2023-01-26 12:15:27,A,iOS
8721,registration,2023-01-26 09:13:46,A,Android
1850,registration,2023-01-26 06:43:25,B,Android
7706,click,2023-01-26 06:21:44,B,iOS
1964,view,2023-01-26 16:46:29,A,iOS
1413,view,2023-01-26 08:33:08,A,iOS
9245,purchase,2023-01-26 21:52:31,A,Android
961,click,2023-01-26 03:23:00,B,Android
7334,purchase,2023-01-26 19:28:47,A,Android
4673,click,2023-01-26 10:05:32,A,Android
4948,click,2023-01-26 03:54:29,A,Android
1774,view,2023-01-26 06:16:35,A,Android
6298,click,2023-01-26 03:54:26,A,Android
8420,view,2023-01-26 04:20:19,A,iOS
5976,view,2023-01-26 19:46:55,A,iOS
2633,registration,2023-01-26 04:12:55,A,iOS
7085,registration,2023-01-26 23:23:28,A,Android
7404,purchase,2023-01-26 21:29:47,A,iOS
6538,view,2023-01-26 21:58:33,A,Android
298,view,2023-01-26 13:47:15,A,Android
1959,registration,2023-01-26 08:21:23,A,Android
3417,click,2023-01-26 10:39:44,B,Android
5108,view,2023-01-26 05:29:06,A,iOS
1009,registration,2023-01-26 19:44:31,A,Android
4577,view,2023-01-26 01:34:29,B,iOS
567,click,2023-01-26 13:45:08,A,Android
9985,view,2023-01-26 00:25:37,B,iOS
6806,registration,2023-01-26 13:05:23,A,iOS
9961,click,2023-01-26 14:49:41,B,iOS
3743,view,2023-01-26 15:32:21,A,Android
6453,click,2023-01-26 09:47:30,A,Android
3484,click,2023-01-26 23:45:32,A,Android
5126,click,2023-01-26 01:02:29,B,iOS
9315,registration,2023-01-26 12:39:00,A,Android
3541,view,2023-01-26 20:44:24,B,Android
8898,registration,2023-01-26 18:45:14,B,Android
7785,view,2023-01-26 09:44:16,A,Android
8045,click,2023-01-26 23:57:38,A,Android
2525,view,2023-01-26 17:48:16,A,iOS
104,registration,2023-01-26 03:31:58,B,iOS
9313,click,2023-01-26 22:42:01,B,iOS
2789,click,2023-01-26 01:44:16,A,iOS
2164,registration,2023-01-26 19:46:17,B,iOS
7789,view,2023-01-26 20:18:39,B,iOS
8845,registration,2023-01-26 04:05:51,B,iOS
8189,registration,2023-01-26 21:58:13,B,iOS
846,view,2023-01-26 16:06:38,B,Android
9339,click,2023-01-26 02:58:27,B,Android
2088,click,2023-01-26 10:03:01,B,iOS
9032,click,2023-01-26 10:57:55,A,Android
7549,purchase,2023-01-26 16:53:00,B,iOS
4461,view,2023-01-26 09:45:08,A,iOS
1099,click,2023-01-26 00:20:43,B,Android
2027,click,2023-01-26 14:47:59,A,Android
785,click,2023-01-26 10:52:00,A,iOS
1471,registration,2023-01-26 18:19:46,B,iOS
5810,click,2023-01-26 00:10:21,B,iOS
3184,view,2023-01-26 13:32:39,B,Android
2890,view,2023-01-26 13:39:15,B,iOS
9619,view,2023-01-26 22:32:42,B,Android
8402,purchase,2023-01-26 05:41:20,B,iOS
8432,click,2023-01-26 05:46:30,A,iOS
1495,click,2023-01-26 03:20:00,A,iOS
2060,view,2023-01-26 18:43:00,A,Android
4154,view,2023-01-26 14:38:40,B,Android
7554,click,2023-01-26 08:13:33,B,Android
1367,registration,2023-01-26 06:48:40,B,iOS
7855,purchase,2023-01-26 17:56:10,A,iOS
2357,click,2023-01-26 03:07:07,B,Android
9152,registration,2023-01-26 15:16:31,A,Android
5801,click,2023-01-26 02:56:48,A,Android
2696,click,2023-01-26 14:33:40,B,iOS
4660,registration,2023-01-26 15:49:41,B,iOS
2927,view,2023-01-26 18:12:41,A,iOS
9676,purchase,2023-01-26 16:14:50,A,iOS
1433,registration,2023-01-26 02:20:41,A,Android
8603,registration,2023-01-26 15:59:11,A,Android
1144,view,2023-01-26 08:36:28,A,iOS
4376,registration,2023-01-26 10:44:41,A,Android
9370,click,2023-01-26 01:23:25,B,Android
5457,click,2023-01-26 19:40:15,B,iOS
2070,view,2023-01-26 21:22:19,B,iOS
1918,purchase,2023-01-26 08:40:11,B,iOS
6032,registration,2023-01-26 16:18:07,A,Android
8533,registration,2023-01-26 22:10:17,A,iOS
6099,registration,2023-01-26 15:56:27,B,iOS
3371,click,2023-01-26 18:40:29,B,Android
3529,registration,2023-01-26 12:35:48,A,Android
3487,click,2023-01-26 10:18:26,B,Android
7693,registration,2023-01-26 11:50:13,B,Android
6144,view,2023-01-26 11:07:41,B,iOS
9255,click,2023-01-26 09:47:05,A,iOS
9543,view,2023-01-26 16:11:08,A,iOS
5312,view,2023-01-26 05:44:52,B,Android
6643,purchase,2023-01-26 05:21:54,B,iOS
9292,registration,2023-01-26 01:00:28,B,iOS
6693,registration,2023-01-26 13:09:59,A,Android
5304,click,2023-01-26 02:00:44,B,Android
7161,click,2023-01-26 13:11:36,B,Android
7763,click,2023-01-26 08:16:20,A,iOS
5414,click,2023-01-26 21:32:26,B,Android
7655,click,2023-01-26 06:42:26,B,iOS
1089,view,2023-01-26 19:31:07,A,iOS
2842,click,2023-01-26 05:24:29,A,iOS
7818,click,2023-01-26 16:20:45,B,Android
9629,click,2023-01-26 00:23:05,A,Android
5482,view,2023-01-26 07:00:41,A,Android
2374,click,2023-01-26 02:40:20,A,iOS
6834,view,2023-01-26 16:25:05,B,Android
8277,click,2023-01-26 08:05:49,B,iOS
5620,click,2023-01-26 11:33:50,B,iOS
5925,click,2023-01-26 12:44:54,A,Android
2450,view,2023-01-26 06:33:19,A,Android
9647,click,2023-01-26 16:53:43,A,Android
8372,click,2023-01-26 17:55:57,B,iOS
3678,view,2023-01-26 04:14:20,A,Android
9736,click,2023-01-26 17:54:42,A,iOS
1189,click,2023-01-26 01:22:36,B,iOS
15,view,2023-01-26 01:03:39,A,iOS
9920,click,2023-01-26 20:57:52,B,Android
8811,view,2023-01-26 06:52:30,A,iOS
5954,purchase,2023-01-26 05:53:40,B,iOS
6374,view,2023-01-26 20:57:15,A,iOS
9227,purchase,2023-01-26 21:48:55,B,Android
1649,view,2023-01-26 06:04:42,A,iOS
1354,view,2023-01-26 05:05:56,B,iOS
32,view,2023-01-26 08:47:25,A,iOS
5487,click,2023-01-26 02:35:51,A,iOS
2134,click,2023-01-26 19:07:29,A,iOS
97,registration,2023-01-26 00:55:02,A,Android
8142,view,2023-01-26 09:20:40,A,iOS
4429,click,2023-01-26 03:19:44,B,Android
1262,click,2023-01-26 05:34:22,A,iOS
3719,view,2023-01-26 23:30:34,A,Android
1762,click,2023-01-26 03:20:02,A,Android
5370,click,2023-01-26 18:03:10,A,Android
2843,click,2023-01-26 07:01:47,A,Android
2938,view,2023-01-26 11:04:55,B,Android
3209,click,2023-01-26 03:46:28,B,Android
3537,click,2023-01-26 10:31:47,B,Android
9552,click,2023-01-26 10:57:30,B,Android
3162,click,2023-01-26 04:31:59,A,iOS
6070,click,2023-01-26 22:12:52,A,Android
3586,click,2023-01-26 19:46:59,A,Android
927,click,2023-01-26 19:22:53,B,Android
1937,click,2023-01-26 16:09:49,B,iOS
3485,click,2023-01-26 09:57:56,B,Android
6248,click,2023-01-26 06:15:36,A,Android
2450,purchase,2023-01-26 23:13:59,A,Android
4176,click,2023-01-26 23:16:04,B,Android
2847,view,2023-01-26 05:44:32,A,iOS
8995,click,2023-01-26 10:17:25,A,Android
5262,purchase,2023-01-26 07:43:48,B,iOS
9308,click,2023-01-26 13:40:48,A,Android
9112,view,2023-01-26 07:17:39,B,iOS
5071,view,2023-01-26 07:10:30,B,Android
960,registration,2023-01-26 22:21:12,B,Android
8190,click,2023-01-26 14:11:51,B,Android
257,click,2023-01-26 01:47:05,A,Android
9094,click,2023-01-26 11:19:43,A,iOS
6286,view,2023-01-26 04:45:59,B,Android
4889,registration,2023-01-26 20:43:18,B,iOS
3364,click,2023-01-26 06:22:06,B,iOS
6555,view,2023-01-26 01:08:09,B,iOS
7436,view,2023-01-26 05:02:52,A,Android
5791,click,2023-01-26 03:39:30,A,iOS
9825,registration,2023-01-26 21:06:00,A,iOS
3075,click,2023-01-26 15:57:49,B,Android
9279,registration,2023-01-26 23:12:49,A,iOS
7697,view,2023-01-26 14:28:18,B,iOS
3473,click,2023-01-26 13:12:59,A,iOS
4240,click,2023-01-26 22:40:12,A,iOS
5235,click,2023-01-26 22:24:54,A,Android
6077,purchase,2023-01-26 11:58:17,B,Android
1318,view,2023-01-26 12:54:02,B,Android
79,click,2023-01-26 18:36:25,B,Android
1624,click,2023-01-26 11:44:22,A,Android
4563,view,2023-01-26 13:16:36,B,Android
1488,click,2023-01-26 15:49:24,A,Android
623,click,2023-01-26 03:34:04,A,Android
6509,registration,2023-01-26 13:34:47,B,iOS
6539,registration,2023-01-26 01:16:05,A,Android
5908,click,2023-01-26 02:23:14,A,Android
2157,click,2023-01-26 10:45:41,A,Android
3650,view,2023-01-26 23:17:35,A,iOS
2763,view,2023-01-26 17:45:48,B,iOS
2350,click,2023-01-26 04:40:39,B,Android
2174,registration,2023-01-26 09:13:57,A,Android
7724,view,2023-01-26 00:19:32,A,iOS
4500,registration,2023-01-26 23:23:04,A,Android
8928,view,2023-01-26 16:50:50,A,Android
6896,click,2023-01-26 12:30:29,B,Android
2942,view,2023-01-26 15:52:54,A,iOS
5659,registration,2023-01-26 21:56:07,B,Android
5978,purchase,2023-01-26 10:44:39,B,iOS
2645,view,2023-01-26 16:54:46,A,Android
7688,click,2023-01-26 22:55:52,B,Android
6004,click,2023-01-26 11:34:57,A,iOS
5803,click,2023-01-26 09:53:46,B,iOS
8649,click,2023-01-26 02:42:00,A,Android
3793,registration,2023-01-26 15:55:00,A,iOS
5077,registration,2023-01-26 05:35:49,A,iOS
2856,registration,2023-01-26 11:18:57,B,Android
5276,registration,2023-01-26 02:08:12,A,iOS
2139,click,2023-01-26 09:34:42,A,iOS
4593,click,2023-01-26 01:20:14,A,iOS
4832,view,2023-01-26 23:15:40,A,iOS
3472,registration,2023-01-26 03:24:09,B,Android
3207,view,2023-01-26 13:09:16,B,iOS
5653,click,2023-01-26 03:21:28,A,Android
9997,registration,2023-01-26 08:18:30,B,iOS
4776,click,2023-01-26 10:37:40,B,Android
4437,click,2023-01-26 16:58:38,A,iOS
9632,registration,2023-01-26 19:07:27,B,iOS
1517,click,2023-01-26 18:54:57,B,Android
9574,registration,2023-01-26 07:47:16,A,Android
4814,click,2023-01-26 20:07:09,B,iOS
2000,registration,2023-01-26 17:41:22,B,iOS
9996,view,2023-01-26 07:52:50,B,Android
5295,registration,2023-01-26 02:00:16,A,iOS
9540,click,2023-01-26 18:19:55,B,iOS
2566,purchase,2023-01-26 08:48:06,B,iOS
5842,view,2023-01-26 19:39:24,A,Android
8811,registration,2023-01-26 22:09:02,A,iOS
8218,click,2023-01-26 21:04:16,B,Android
2519,purchase,2023-01-26 20:58:00,A,iOS
4023,view,2023-01-26 15:55:16,A,Android
3427,view,2023-01-26 04:20:55,A,iOS
6019,registration,2023-01-26 23:37:43,B,iOS
2308,click,2023-01-26 00:35:17,A,iOS
3467,click,2023-01-26 18:55:46,B,Android
3404,registration,2023-01-26 00:03:01,A,iOS
2847,click,2023-01-26 14:29:12,A,iOS
2826,purchase,2023-01-26 07:50:05,A,iOS
5364,registration,2023-01-26 03:05:06,B,Android
8616,registration,2023-01-26 17:13:19,A,Android
3662,registration,2023-01-26 08:59:35,A,Android
2534,registration,2023-01-26 13:38:24,B,Android
4837,view,2023-01-26 02:51:35,B,iOS
523,click,2023-01-26 22:19:23,A,iOS
638,click,2023-01-26 21:17:18,B,Android
7383,click,2023-01-26 08:45:40,B,iOS
4275,purchase,2023-01-26 22:23:45,B,Android
2567,click,2023-01-26 17:00:24,B,Android
8357,view,2023-01-26 04:58:15,A,iOS
4756,click,2023-01-26 18:49:20,A,iOS
5659,click,2023-01-26 10:22:38,B,Android
6980,click,2023-01-26 14:53:16,B,Android
7526,click,2023-01-26 14:53:11,B,iOS
3337,registration,2023-01-26 19:51:44,A,Android
3313,click,2023-01-26 23:38:42,A,Android
1324,view,2023-01-26 07:11:03,B,iOS
7334,click,2023-01-26 03:34:21,A,Android
7471,click,2023-01-26 23:18:58,B,iOS
7643,view,2023-01-26 00:18:55,A,iOS
3057,purchase,2023-01-26 17:58:11,B,Android
5321,view,2023-01-26 12:45:11,B,iOS
4232,view,2023-01-26 00:55:36,A,Android
9083,purchase,2023-01-26 03:36:53,B,iOS
5499,click,2023-01-26 05:07:31,A,iOS
5625,click,2023-01-26 10:03:27,B,iOS
6563,view,2023-01-26 12:02:59,A,iOS
4818,view,2023-01-26 01:10:48,A,iOS
9637,purchase,2023-01-26 05:12:03,B,iOS
3248,click,2023-01-26 18:50:59,A,iOS
3641,view,2023-01-26 06:05:49,B,Android
688,purchase,2023-01-26 05:04:06,B,iOS
8256,view,2023-01-26 01:45:57,B,Android
7643,click,2023-01-26 08:23:30,A,iOS
8845,click,2023-01-26 22:51:54,B,iOS
5332,purchase,2023-01-26 08:49:31,B,Android
9584,purchase,2023-01-26 03:01:41,B,iOS
794,click,2023-01-26 11:03:47,B,iOS
7033,view,2023-01-26 16:30:21,A,iOS
1809,purchase,2023-01-26 17:23:13,A,Android
4927,view,2023-01-26 18:55:53,A,iOS
2045,view,2023-01-26 12:18:58,A,iOS
2346,click,2023-01-26 02:24:57,B,Android
8023,purchase,2023-01-26 10:38:09,A,iOS
9907,view,2023-01-26 16:03:26,A,Android
4633,registration,2023-01-26 14:08:11,A,Android
7690,click,2023-01-26 08:21:53,B,Android
6318,view,2023-01-26 01:08:48,A,Android
2233,registration,2023-01-26 17:10:26,B,iOS
5954,click,2023-01-26 01:32:28,B,iOS
6434,purchase,2023-01-26 17:00:51,A,Android
2878,click,2023-01-26 19:08:00,B,Android
772,purchase,2023-01-26 14:53:20,A,iOS
7451,registration,2023-01-26 21:45:03,B,iOS
1074,click,2023-01-26 18:16:24,A,iOS
8589,view,2023-01-26 13:28:34,A,iOS
5937,view,2023-01-26 04:22:47,A,iOS
8139,click,2023-01-26 11:56:12,A,iOS
4147,view,2023-01-26 02:54:53,B,Android
6184,click,2023-01-26 00:13:50,B,iOS
3977,purchase,2023-01-26 00:47:30,A,iOS
7227,click,2023-01-26 02:56:27,B,Android
6927,view,2023-01-26 06:41:27,A,iOS
7275,click,2023-01-26 21:19:49,B,iOS
1836,purchase,2023-01-26 19:22:44,B,Android
3264,view,2023-01-26 18:12:13,A,iOS
6650,click,2023-01-26 06:28:36,A,Android
4396,registration,2023-01-26 23:02:05,B,Android
6585,purchase,2023-01-26 13:20:07,B,Android
9635,click,2023-01-26 14:45:45,B,Android
140,registration,2023-01-26 00:10:49,A,Android
1879,view,2023-01-26 07:35:32,A,iOS
3825,view,2023-01-26 13:18:36,A,iOS
6711,view,2023-01-26 00:16:23,B,iOS
6639,click,2023-01-26 16:35:18,B,iOS
6884,view,2023-01-26 07:52:23,B,Android
3338,view,2023-01-26 20:52:17,A,iOS
1283,click,2023-01-26 22:11:14,A,iOS
277,view,2023-01-26 10:18:53,B,iOS
2816,click,2023-01-26 13:11:56,A,iOS
4007,click,2023-01-26 22:44:01,B,iOS
863,view,2023-01-26 23:58:59,B,Android
7093,purchase,2023-01-26 20:01:09,A,Android
9328,view,2023-01-26 09:07:58,B,iOS
9765,registration,2023-01-26 15:57:01,B,iOS
9633,purchase,2023-01-26 14:17:23,B,iOS
3275,click,2023-01-26 01:12:47,A,iOS
2371,view,2023-01-26 01:07:22,A,Android
5231,click,2023-01-26 08:59:17,A,iOS
4380,click,2023-01-26 11:22:34,B,Android
6424,view,2023-01-26 12:59:04,B,Android
4219,click,2023-01-26 02:34:31,A,Android
757,view,2023-01-26 11:29:41,B,Android
1390,click,2023-01-26 23:38:22,B,iOS
685,click,2023-01-26 14:25:35,A,iOS
9315,view,2023-01-26 21:20:47,A,Android
7142,registration,2023-01-26 06:30:48,A,Android
6359,click,2023-01-26 02:50:40,B,Android
7001,registration,2023-01-26 20:37:29,B,Android
9786,registration,2023-01-26 21:08:46,A,Android
5128,registration,2023-01-26 19:17:21,B,iOS
8959,click,2023-01-26 00:26:59,A,Android
6533,click,2023-01-26 13:42:32,A,Android
2321,click,2023-01-26 01:36:56,A,iOS
772,click,2023-01-26 06:01:13,A,iOS
1776,registration,2023-01-26 05:37:39,A,Android
9134,view,2023-01-26 03:08:26,A,Android
3867,click,2023-01-26 17:03:51,B,Android
8678,registration,2023-01-26 21:56:51,A,iOS
3448,view,2023-01-26 19:07:32,B,iOS
9027,view,2023-01-26 19:59:16,B,Android
5988,click,2023-01-26 10:31:59,A,iOS
2527,click,2023-01-26 08:53:06,B,iOS
9285,view,2023-01-26 11:39:51,A,Android
1687,click,2023-01-26 02:11:04,A,iOS
9963,registration,2023-01-26 10:44:30,A,iOS
8235,registration,2023-01-26 20:37:48,B,Android
4243,click,2023-01-26 15:18:42,B,iOS
8901,view,2023-01-26 05:27:31,B,Android
4249,click,2023-01-26 02:00:02,A,Android
3980,purchase,2023-01-26 09:28:31,B,iOS
1852,click,2023-01-26 03:30:11,B,Android
2423,click,2023-01-26 10:05:16,A,Android
7500,purchase,2023-01-26 17:25:46,A,iOS
9695,registration,2023-01-26 19:44:47,A,iOS
4698,registration,2023-01-26 21:57:35,A,iOS
2452,click,2023-01-26 04:28:36,A,iOS
4963,registration,2023-01-26 17:02:54,A,Android
3696,view,2023-01-26 18:57:23,B,Android
6912,view,2023-01-26 14:52:51,A,iOS
2918,registration,2023-01-26 21:40:16,B,Android
239,purchase,2023-01-26 12:04:43,A,iOS
8386,click,2023-01-26 09:56:18,A,Android
2495,registration,2023-01-26 05:06:17,A,Android
121,registration,2023-01-26 18:49:27,B,iOS
2270,registration,2023-01-26 16:10:59,B,Android
6056,purchase,2023-01-26 14:41:02,B,iOS
8553,view,2023-01-26 21:18:27,B,iOS
511,registration,2023-01-26 15:12:31,A,Android
8853,click,2023-01-26 14:52:27,A,Android
3374,click,2023-01-26 05:31:24,B,iOS
4598,registration,2023-01-26 05:27:48,A,iOS
2158,registration,2023-01-26 08:36:55,A,iOS
4263,click,2023-01-26 11:51:25,B,iOS
1263,view,2023-01-26 09:21:50,B,Android
4724,click,2023-01-26 21:54:52,A,Android
8063,purchase,2023-01-26 22:22:25,B,iOS
4869,click,2023-01-26 19:45:24,A,iOS
7229,view,2023-01-26 11:10:33,B,Android
4147,click,2023-01-26 17:49:45,B,Android
8235,view,2023-01-26 01:19:45,B,Android
9293,click,2023-01-26 22:31:13,B,iOS
405,click,2023-01-26 20:54:36,B,Android
2875,click,2023-01-26 05:28:33,A,iOS
2259,click,2023-01-26 09:59:15,A,iOS
6443,view,2023-01-26 17:45:53,A,iOS
3815,view,2023-01-26 22:46:46,A,iOS
3344,registration,2023-01-26 04:37:03,B,iOS
1493,view,2023-01-26 06:23:45,A,Android
7827,click,2023-01-26 13:35:51,B,Android
3563,registration,2023-01-26 10:46:51,A,Android
7440,click,2023-01-26 16:17:02,B,iOS
7579,registration,2023-01-26 09:05:49,B,iOS
6993,click,2023-01-26 06:43:18,A,iOS
6064,registration,2023-01-26 00:30:11,B,iOS
2944,click,2023-01-26 17:40:28,B,iOS
9747,click,2023-01-26 00:41:44,A,iOS
5272,purchase,2023-01-26 16:45:21,B,iOS
2836,click,2023-01-26 13:54:33,A,Android
6947,registration,2023-01-26 14:42:22,A,iOS
8568,purchase,2023-01-26 06:53:50,A,iOS
7230,registration,2023-01-26 12:27:50,B,Android
1393,click,2023-01-26 10:41:22,B,iOS
8477,click,2023-01-26 06:50:51,B,Android
9733,view,2023-01-26 05:31:19,B,iOS
150,purchase,2023-01-26 08:03:57,B,iOS
3514,view,2023-01-26 20:42:21,A,Android
9706,registration,2023-01-26 15:53:00,A,Android
5358,click,2023-01-26 00:26:35,B,Android
1093,click,2023-01-26 15:19:53,A,Android
9224,click,2023-01-26 23:07:55,A,iOS
3148,view,2023-01-26 18:59:03,A,Android
8512,registration,2023-01-26 17:29:05,B,iOS
9137,registration,2023-01-26 17:57:16,A,Android
918,registration,2023-01-26 23:38:30,B,iOS
9938,view,2023-01-26 05:38:57,A,iOS
6774,click,2023-01-26 06:25:03,A,iOS
6565,view,2023-01-26 22:17:05,B,Android
9079,click,2023-01-26 06:05:49,B,iOS
6403,purchase,2023-01-26 23:49:04,B,Android
8681,purchase,2023-01-26 08:30:22,B,Android
7037,click,2023-01-26 12:52:03,B,Android
2263,purchase,2023-01-26 18:27:17,B,iOS
2415,purchase,2023-01-26 15:54:06,B,Android
506,click,2023-01-26 02:40:33,A,Android
41,click,2023-01-26 11:19:47,A,iOS
2809,purchase,2023-01-26 18:32:38,A,iOS
4882,click,2023-01-26 00:09:26,A,Android
6222,registration,2023-01-26 04:51:07,B,Android
3279,click,2023-01-26 00:28:45,A,iOS
9918,click,2023-01-26 08:47:42,B,iOS
2998,registration,2023-01-26 19:42:20,A,iOS
9684,view,2023-01-26 06:36:21,B,iOS
668,purchase,2023-01-26 11:37:06,A,Android
5688,click,2023-01-26 12:16:41,A,iOS
7784,view,2023-01-26 19:47:27,A,Android
9366,purchase,2023-01-26 13:07:50,B,Android
5732,click,2023-01-26 05:48:28,A,Android
1023,view,2023-01-26 15:50:21,B,Android
1875,click,2023-01-26 05:59:14,A,Android
1348,registration,2023-01-26 16:18:17,A,Android
8221,purchase,2023-01-26 20:12:16,B,iOS
1705,registration,2023-01-26 09:38:53,A,Android
369,view,2023-01-26 18:38:55,A,Android
1060,view,2023-01-26 18:41:19,A,iOS
6893,click,2023-01-26 15:02:13,B,Android
4099,click,2023-01-26 09:48:16,B,iOS
435,view,2023-01-26 15:47:39,A,iOS
6178,click,2023-01-26 13:11:32,A,iOS
5831,view,2023-01-26 06:43:48,A,Android
2742,click,2023-01-26 09:56:35,B,iOS
864,view,2023-01-26 10:47:28,A,Android
4982,click,2023-01-26 14:05:58,B,iOS
9470,click,2023-01-26 01:07:57,B,Android
1395,click,2023-01-26 11:32:11,A,Android
2973,view,2023-01-26 20:54:26,B,Android
1800,click,2023-01-26 06:30:18,A,iOS
8938,view,2023-01-26 06:43:17,B,iOS
2756,view,2023-01-26 16:47:32,A,iOS
6604,click,2023-01-26 14:03:49,B,Android
8225,click,2023-01-26 02:04:10,A,Android
2111,click,2023-01-26 04:31:55,B,Android
3260,purchase,2023-01-26 07:56:13,A,Android
271,view,2023-01-26 00:07:18,B,Android
1619,registration,2023-01-26 14:15:16,B,iOS
9439,click,2023-01-26 21:56:05,B,iOS
6759,view,2023-01-26 19:57:50,A,iOS
1828,view,2023-01-26 09:46:10,A,iOS
5194,view,2023-01-26 22:30:46,A,iOS
3197,purchase,2023-01-26 22:34:05,B,Android
2302,click,2023-01-26 02:02:10,A,iOS
7534,registration,2023-01-26 15:23:25,A,Android
8329,click,2023-01-26 18:38:25,B,Android
1711,view,2023-01-26 23:34:02,A,Android
8223,registration,2023-01-26 02:15:09,B,Android
8981,view,2023-01-26 14:03:44,B,iOS
9631,view,2023-01-26 21:25:47,A,iOS
1860,purchase,2023-01-26 05:17:07,B,Android
967,click,2023-01-26 10:40:31,A,Android
4161,click,2023-01-26 15:41:31,B,Android
3040,registration,2023-01-26 21:07:09,A,iOS
5733,registration,2023-01-26 08:36:05,A,Android
3320,click,2023-01-26 02:17:55,A,iOS
5052,click,2023-01-26 12:57:13,B,Android
20,registration,2023-01-26 11:03:38,B,Android
717,registration,2023-01-26 01:52:55,B,iOS
9906,view,2023-01-26 10:50:28,B,Android
9894,click,2023-01-26 12:47:22,B,Android
6272,registration,2023-01-26 04:34:11,B,iOS
7742,click,2023-01-26 03:47:58,A,iOS
6980,click,2023-01-26 07:12:09,B,Android
1513,click,2023-01-26 07:17:39,A,Android
3764,click,2023-01-26 03:39:37,A,iOS
7344,click,2023-01-26 08:17:10,B,Android
248,click,2023-01-26 04:57:25,A,Android
5619,view,2023-01-26 22:05:35,A,Android
2932,click,2023-01-26 01:15:58,A,iOS
997,view,2023-01-26 10:52:42,B,iOS
4863,click,2023-01-26 04:02:17,B,iOS
264,view,2023-01-26 14:38:23,B,iOS
7846,registration,2023-01-26 11:09:29,A,iOS
1839,registration,2023-01-26 07:21:40,A,Android
8740,registration,2023-01-26 23:34:05,A,Android
517,view,2023-01-26 14:28:47,B,iOS
4410,registration,2023-01-26 22:12:51,B,Android
4670,view,2023-01-26 12:37:18,A,iOS
1534,registration,2023-01-26 04:58:39,A,Android
3057,click,2023-01-26 09:01:43,B,Android
1261,registration,2023-01-26 19:52:50,B,Android
1935,click,2023-01-26 00:55:09,A,Android
9330,registration,2023-01-26 02:07:29,A,iOS
5279,view,2023-01-26 23:45:36,B,Android
6686,click,2023-01-26 01:36:36,B,Android
2181,click,2023-01-26 12:24:32,A,Android
3733,view,2023-01-26 01:15:16,A,iOS
2971,click,2023-01-26 22:12:03,B,Android
176,registration,2023-01-26 13:42:40,B,Android
1714,registration,2023-01-26 02:23:15,A,Android
853,click,2023-01-26 03:36:08,B,Android
7112,registration,2023-01-26 18:15:24,A,Android
7784,view,2023-01-26 22:54:28,A,Android
2858,registration,2023-01-26 16:24:42,A,iOS
8886,click,2023-01-26 06:40:14,A,iOS
3960,view,2023-01-26 09:19:08,A,iOS
4911,view,2023-01-26 09:12:06,B,Android
4019,click,2023-01-26 09:03:24,A,Android
6931,registration,2023-01-26 03:57:26,B,Android
6492,view,2023-01-26 19:34:45,A,Android
9933,click,2023-01-26 19:06:14,A,Android
1196,click,2023-01-26 03:18:19,B,iOS
6409,click,2023-01-26 22:18:26,A,Android
3433,click,2023-01-27 22:10:11,B,Android
7183,view,2023-01-27 05:47:42,B,iOS
4291,click,2023-01-27 13:49:17,A,iOS
8374,click,2023-01-27 05:33:15,B,Android
4031,click,2023-01-27 15:10:53,A,iOS
4651,purchase,2023-01-27 13:38:53,B,Android
8496,click,2023-01-27 18:24:49,A,Android
6547,click,2023-01-27 02:39:06,B,iOS
5383,click,2023-01-27 02:48:56,A,Android
3024,registration,2023-01-27 05:24:37,A,Android
7362,click,2023-01-27 00:07:56,A,iOS
4946,view,2023-01-27 18:01:06,A,iOS
2203,click,2023-01-27 13:07:44,B,Android
2951,click,2023-01-27 04:11:14,B,Android
7965,registration,2023-01-27 05:29:42,A,Android
3869,click,2023-01-27 14:32:00,A,iOS
2420,click,2023-01-27 02:55:50,A,iOS
3988,purchase,2023-01-27 13:54:39,A,Android
9309,click,2023-01-27 14:13:10,B,Android
1282,click,2023-01-27 06:21:46,A,Android
5088,view,2023-01-27 19:22:46,A,iOS
3109,click,2023-01-27 20:22:30,B,Android
459,click,2023-01-27 03:44:23,A,Android
1575,click,2023-01-27 01:37:07,B,iOS
5328,view,2023-01-27 09:09:52,A,iOS
4568,click,2023-01-27 17:24:30,B,Android
8701,click,2023-01-27 12:55:14,B,Android
3291,click,2023-01-27 12:39:47,A,Android
2281,click,2023-01-27 20:39:52,B,Android
2413,view,2023-01-27 07:05:25,B,iOS
3883,view,2023-01-27 19:19:00,A,iOS
4728,click,2023-01-27 00:28:12,A,iOS
1999,registration,2023-01-27 05:31:31,A,Android
1544,registration,2023-01-27 15:38:38,A,iOS
984,click,2023-01-27 05:20:06,B,iOS
7175,purchase,2023-01-27 22:40:02,B,Android
5866,purchase,2023-01-27 16:41:06,A,iOS
3757,click,2023-01-27 10:43:28,A,Android
8859,purchase,2023-01-27 18:29:43,A,iOS
9940,registration,2023-01-27 19:39:13,B,iOS
9668,click,2023-01-27 18:23:01,B,iOS
2955,view,2023-01-27 09:11:46,B,Android
1607,click,2023-01-27 17:35:13,A,iOS
4888,registration,2023-01-27 20:54:48,A,Android
3139,click,2023-01-27 10:57:52,A,iOS
5811,view,2023-01-27 21:53:25,B,Android
925,click,2023-01-27 22:54:28,B,iOS
6094,click,2023-01-27 15:16:45,A,iOS
3682,view,2023-01-27 16:04:17,B,Android
8039,registration,2023-01-27 09:02:31,B,iOS
7926,view,2023-01-27 13:49:23,A,Android
824,view,2023-01-27 18:42:47,A,iOS
8324,click,2023-01-27 07:11:51,A,Android
4895,click,2023-01-27 13:39:42,B,Android
6779,purchase,2023-01-27 06:19:31,B,iOS
1034,click,2023-01-27 12:37:20,A,iOS
4541,click,2023-01-27 23:31:07,B,Android
4786,view,2023-01-27 05:03:01,A,Android
5687,click,2023-01-27 15:49:00,B,iOS
726,view,2023-01-27 16:21:11,A,Android
8410,view,2023-01-27 18:16:50,B,iOS
6776,click,2023-01-27 01:18:55,A,Android
3358,view,2023-01-27 13:14:43,A,Android
4578,purchase,2023-01-27 22:58:40,A,iOS
1443,view,2023-01-27 21:21:28,A,Android
2483,view,2023-01-27 10:21:40,A,Android
6254,click,2023-01-27 18:57:36,A,iOS
7184,purchase,2023-01-27 05:23:37,A,iOS
4532,view,2023-01-27 07:54:28,A,iOS
6444,registration,2023-01-27 08:00:49,A,Android
607,purchase,2023-01-27 08:06:20,A,Android
4672,click,2023-01-27 02:52:08,B,Android
4748,click,2023-01-27 15:09:55,A,Android
5720,registration,2023-01-27 06:29:55,B,Android
6560,registration,2023-01-27 02:41:42,A,Android
4847,click,2023-01-27 14:26:34,A,iOS
5446,view,2023-01-27 07:56:15,A,iOS
1290,view,2023-01-27 22:51:46,A,Android
8447,view,2023-01-27 19:20:23,B,iOS
9520,view,2023-01-27 22:50:53,A,Android
1677,view,2023-01-27 21:16:30,B,Android
2437,registration,2023-01-27 06:02:12,A,iOS
1114,registration,2023-01-27 15:49:32,B,Android
4874,registration,2023-01-27 08:32:06,B,iOS
5825,view,2023-01-27 05:53:08,A,iOS
8687,click,2023-01-27 10:31:57,B,Android
3252,click,2023-01-27 11:27:40,A,Android
6206,view,2023-01-27 19:44:54,B,Android
6986,view,2023-01-27 14:55:05,A,iOS
7287,registration,2023-01-27 00:44:06,B,Android
6203,view,2023-01-27 08:28:04,A,Android
5709,click,2023-01-27 05:49:52,A,iOS
6166,view,2023-01-27 01:58:06,B,iOS
848,click,2023-01-27 12:47:51,A,Android
1695,view,2023-01-27 19:53:51,A,iOS
7571,click,2023-01-27 13:43:53,B,Android
1740,click,2023-01-27 19:13:03,B,iOS
123,purchase,2023-01-27 21:48:13,A,iOS
7933,click,2023-01-27 05:43:38,A,Android
8102,view,2023-01-27 12:50:17,A,Android
8254,view,2023-01-27 07:26:37,A,iOS
1034,click,2023-01-27 07:38:50,A,iOS
4368,registration,2023-01-27 06:50:30,B,iOS
5043,registration,2023-01-27 15:14:27,A,Android
890,registration,2023-01-27 06:53:37,A,iOS
4539,click,2023-01-27 17:20:06,B,Android
1993,view,2023-01-27 13:44:47,A,iOS
409,view,2023-01-27 08:16:31,B,Android
929,purchase,2023-01-27 06:19:21,B,Android
6374,registration,2023-01-27 15:23:03,A,iOS
6395,view,2023-01-27 09:37:26,A,iOS
3292,registration,2023-01-27 23:43:11,A,Android
7223,view,2023-01-27 21:39:32,A,iOS
8268,registration,2023-01-27 05:10:16,A,iOS
2687,click,2023-01-27 13:40:12,A,Android
6341,view,2023-01-27 01:35:11,A,Android
355,click,2023-01-27 15:29:42,A,iOS
4143,view,2023-01-27 22:33:50,A,iOS
4812,click,2023-01-27 10:38:37,A,iOS
8048,view,2023-01-27 22:24:58,B,Android
2519,click,2023-01-27 08:50:53,A,iOS
1631,registration,2023-01-27 03:25:18,B,iOS
3359,click,2023-01-27 04:27:28,B,iOS
9076,click,2023-01-27 17:45:49,A,Android
49,purchase,2023-01-27 05:06:27,A,Android
4873,click,2023-01-27 17:41:01,B,iOS
9168,click,2023-01-27 05:37:34,A,iOS
3714,purchase,2023-01-27 04:30:12,A,Android
5940,view,2023-01-27 18:25:22,A,Android
4575,click,2023-01-27 08:42:14,A,Android
3965,view,2023-01-27 00:56:36,A,iOS
4330,view,2023-01-27 02:04:07,A,iOS
682,click,2023-01-27 06:24:02,B,iOS
5940,view,2023-01-27 10:22:17,A,Android
6728,view,2023-01-27 00:47:34,B,Android
7848,click,2023-01-27 13:46:15,B,iOS
182,registration,2023-01-27 22:06:53,B,iOS
6499,view,2023-01-27 18:17:53,B,iOS
4257,view,2023-01-27 17:12:32,B,Android
396,click,2023-01-27 04:21:22,B,iOS
9277,click,2023-01-27 17:08:44,B,Android
9729,click,2023-01-27 18:12:50,B,iOS
6878,view,2023-01-27 10:50:09,B,Android
1880,click,2023-01-27 10:05:58,A,Android
8668,click,2023-01-27 07:06:21,A,iOS
3439,click,2023-01-27 03:14:46,B,Android
7641,view,2023-01-27 13:56:58,B,Android
7353,click,2023-01-27 09:13:20,A,iOS
1621,purchase,2023-01-27 11:13:11,B,iOS
7614,registration,2023-01-27 04:01:47,B,Android
6394,registration,2023-01-27 17:32:52,A,Android
8808,purchase,2023-01-27 19:47:51,B,iOS
4466,registration,2023-01-27 21:15:33,B,Android
1852,registration,2023-01-27 10:54:11,B,Android
5366,registration,2023-01-27 07:38:46,A,iOS
8968,view,2023-01-27 13:29:15,A,Android
8373,registration,2023-01-27 14:49:06,B,iOS
3868,click,2023-01-27 16:47:06,A,Android
3057,click,2023-01-27 11:28:43,B,Android
928,click,2023-01-27 02:36:55,B,Android
3800,view,2023-01-27 16:54:33,A,iOS
6252,purchase,2023-01-27 04:44:17,A,iOS
32,click,2023-01-27 17:59:20,A,iOS
9279,purchase,2023-01-27 18:10:10,A,iOS
1780,registration,2023-01-27 12:08:42,B,iOS
6936,click,2023-01-27 23:45:03,B,iOS
4644,click,2023-01-27 00:48:37,A,Android
4186,click,2023-01-27 14:56:37,B,iOS
8199,purchase,2023-01-27 14:57:07,A,Android
2860,click,2023-01-27 20:37:49,A,Android
470,click,2023-01-27 23:15:21,B,iOS
3918,registration,2023-01-27 15:34:47,B,iOS
7605,click,2023-01-27 18:58:33,B,Android
2872,click,2023-01-27 16:32:59,B,iOS
3473,click,2023-01-27 01:32:00,A,iOS
4043,click,2023-01-27 23:58:30,A,iOS
4861,view,2023-01-27 00:13:12,A,Android
2017,purchase,2023-01-27 15:02:41,A,Android
7770,view,2023-01-27 10:10:48,A,Android
3834,view,2023-01-27 12:55:07,B,Android
5554,click,2023-01-27 13:54:06,A,Android
4858,view,2023-01-27 01:52:40,A,iOS
597,view,2023-01-27 23:32:09,B,iOS
5387,click,2023-01-27 17:06:27,B,iOS
5601,view,2023-01-27 22:20:57,A,iOS
3650,view,2023-01-27 21:14:20,A,iOS
300,click,2023-01-27 21:07:20,B,Android
9723,click,2023-01-27 02:29:43,B,Android
3940,registration,2023-01-27 11:14:40,B,iOS
7056,click,2023-01-27 01:49:12,B,Android
7405,view,2023-01-27 16:52:00,B,Android
5827,registration,2023-01-27 23:19:10,B,Android
6166,registration,2023-01-27 17:46:00,B,iOS
3830,view,2023-01-27 04:46:58,B,iOS
669,click,2023-01-27 02:30:16,B,iOS
9816,registration,2023-01-27 17:28:56,A,Android
9304,registration,2023-01-27 21:07:00,B,Android
9733,view,2023-01-27 20:11:51,B,iOS
7120,view,2023-01-27 08:35:56,A,Android
8340,click,2023-01-27 13:58:58,A,Android
5605,registration,2023-01-27 03:26:07,A,Android
1327,registration,2023-01-27 05:43:33,B,Android
4523,click,2023-01-27 13:22:34,A,Android
618,purchase,2023-01-27 01:17:09,B,Android
5006,click,2023-01-27 12:54:23,A,iOS
9056,registration,2023-01-27 20:40:58,A,iOS
6554,click,2023-01-27 21:51:40,A,iOS
8772,registration,2023-01-27 11:13:24,A,iOS
5817,click,2023-01-27 05:18:29,A,iOS
7514,view,2023-01-27 16:19:22,B,Android
627,click,2023-01-27 08:56:20,A,Android
4956,view,2023-01-27 09:12:11,B,iOS
530,click,2023-01-27 06:37:55,B,Android
3670,click,2023-01-27 23:55:53,B,Android
7669,purchase,2023-01-27 16:54:05,B,iOS
750,registration,2023-01-27 21:01:32,B,iOS
9485,view,2023-01-27 16:11:36,A,iOS
4739,click,2023-01-27 03:02:55,A,Android
8531,click,2023-01-27 01:49:17,A,iOS
1442,registration,2023-01-27 20:10:29,B,iOS
6175,view,2023-01-27 05:51:32,A,Android
693,registration,2023-01-27 17:01:31,B,iOS
7758,view,2023-01-27 16:17:20,B,Android
8762,click,2023-01-27 16:53:05,B,Android
1452,view,2023-01-27 19:55:04,A,Android
7142,view,2023-01-27 12:49:26,A,Android
6046,purchase,2023-01-27 07:47:08,A,iOS
8028,view,2023-01-27 23:49:15,B,iOS
3634,view,2023-01-27 05:24:46,B,Android
1115,click,2023-01-27 01:08:13,B,Android
2916,view,2023-01-27 00:37:19,A,iOS
8884,click,2023-01-27 02:24:36,A,Android
8425,click,2023-01-27 06:19:15,A,iOS
3857,registration,2023-01-27 04:07:57,A,Android
1566,view,2023-01-27 08:12:44,B,Android
1063,view,2023-01-27 23:21:50,B,iOS
2850,view,2023-01-27 13:23:53,A,Android
7336,click,2023-01-27 02:20:48,B,iOS
4982,click,2023-01-27 07:32:44,B,iOS
3620,purchase,2023-01-27 17:04:34,B,iOS
7856,click,2023-01-27 07:30:08,A,iOS
6707,registration,2023-01-27 07:59:22,B,iOS
7329,view,2023-01-27 10:10:49,B,iOS
7949,registration,2023-01-27 13:13:21,B,iOS
9622,click,2023-01-27 07:51:47,A,Android
3233,view,2023-01-27 16:59:01,A,iOS
1940,click,2023-01-27 11:32:07,B,iOS
4446,purchase,2023-01-27 12:45:43,A,iOS
3731,view,2023-01-27 08:46:28,A,Android
3001,registration,2023-01-27 06:34:50,A,iOS
7349,click,2023-01-27 12:03:45,B,iOS
8704,view,2023-01-27 19:46:16,A,iOS
1324,view,2023-01-27 22:01:27,B,iOS
6471,view,2023-01-27 19:35:17,A,Android
3917,registration,2023-01-27 11:44:50,B,Android
7162,click,2023-01-27 20:54:46,B,Android
8019,click,2023-01-27 21:28:45,A,iOS
1950,click,2023-01-27 13:01:46,A,iOS
845,view,2023-01-27 03:37:09,A,iOS
8027,view,2023-01-27 20:51:47,A,iOS
2441,registration,2023-01-27 22:16:18,A,Android
2483,purchase,2023-01-27 09:32:55,A,Android
9389,purchase,2023-01-27 20:49:18,B,Android
5206,click,2023-01-27 09:03:39,A,iOS
9038,view,2023-01-27 12:14:17,A,iOS
2069,purchase,2023-01-27 21:24:37,B,iOS
1019,purchase,2023-01-27 16:29:28,B,Android
6400,click,2023-01-27 13:41:55,B,Android
7226,registration,2023-01-27 09:45:03,A,Android
6512,click,2023-01-27 23:16:47,A,Android
1193,click,2023-01-27 07:22:58,B,Android
414,click,2023-01-27 18:31:04,A,iOS
6683,view,2023-01-27 19:14:40,A,Android
4490,click,2023-01-27 18:40:16,B,iOS
5785,registration,2023-01-27 02:50:53,B,iOS
2860,registration,2023-01-27 10:33:01,A,Android
3161,click,2023-01-27 19:46:50,B,Android
3157,view,2023-01-27 11:37:00,B,iOS
5639,view,2023-01-27 06:02:06,B,iOS
2058,view,2023-01-27 15:28:29,A,Android
6102,view,2023-01-27 05:28:35,B,iOS
8002,view,2023-01-27 17:53:22,A,Android
8544,click,2023-01-27 00:41:53,B,Android
3186,click,2023-01-27 01:08:29,B,Android
7788,view,2023-01-27 11:10:58,B,iOS
4041,registration,2023-01-27 07:29:26,B,iOS
5274,registration,2023-01-27 03:42:46,B,iOS
2671,registration,2023-01-27 05:13:16,B,iOS
5408,view,2023-01-27 20:57:30,A,Android
8650,click,2023-01-27 21:35:22,B,Android
886,click,2023-01-27 10:59:34,B,iOS
8085,view,2023-01-27 06:46:07,A,iOS
6281,view,2023-01-27 12:01:28,A,iOS
4133,click,2023-01-27 11:09:39,A,iOS
5803,click,2023-01-27 08:38:36,B,iOS
6999,view,2023-01-27 22:29:17,A,Android
9163,click,2023-01-27 07:03:47,B,iOS
2957,view,2023-01-27 05:19:19,A,Android
5150,click,2023-01-27 04:24:29,B,iOS
9116,view,2023-01-27 00:38:10,B,iOS
8043,click,2023-01-27 10:26:34,B,Android
559,view,2023-01-27 10:41:52,B,iOS
7612,registration,2023-01-27 08:07:32,B,Android
9466,registration,2023-01-27 13:07:44,A,Android
1893,click,2023-01-27 04:02:13,B,iOS
1774,click,2023-01-27 04:33:35,A,Android
8950,click,2023-01-27 17:27:02,A,iOS
3211,view,2023-01-27 17:54:09,A,iOS
2123,click,2023-01-27 10:14:39,B,Android
3852,view,2023-01-27 12:44:57,B,iOS
3259,click,2023-01-27 13:09:28,B,Android
8056,view,2023-01-27 11:53:18,B,iOS
6997,view,2023-01-27 09:49:48,A,Android
636,registration,2023-01-27 02:50:50,B,Android
5143,click,2023-01-27 02:34:05,B,Android
4251,purchase,2023-01-27 23:45:39,B,Android
4893,click,2023-01-27 06:32:05,A,iOS
4846,view,2023-01-27 07:26:43,B,iOS
650,purchase,2023-01-27 23:37:52,B,Android
5216,click,2023-01-27 23:43:59,A,iOS
9381,view,2023-01-27 13:08:54,A,iOS
583,registration,2023-01-27 05:52:38,B,Android
3238,registration,2023-01-27 16:31:06,A,Android
9770,click,2023-01-27 10:28:47,B,Android
9833,view,2023-01-27 07:15:31,B,Android
1046,view,2023-01-27 18:18:01,B,iOS
6467,click,2023-01-27 17:47:54,A,Android
8795,registration,2023-01-27 01:08:15,B,iOS
6860,view,2023-01-27 05:05:12,B,iOS
4652,view,2023-01-27 09:38:54,A,iOS
9302,click,2023-01-27 12:05:50,B,iOS
3249,view,2023-01-27 16:53:19,A,iOS
8931,click,2023-01-27 01:32:09,B,Android
5445,purchase,2023-01-27 14:36:18,A,iOS
5420,click,2023-01-27 22:10:08,B,iOS
922,view,2023-01-27 22:07:20,B,Android
4828,view,2023-01-27 21:28:33,A,Android
2612,view,2023-01-27 02:48:39,A,Android
2560,click,2023-01-27 10:15:06,A,iOS
3498,view,2023-01-27 01:50:34,B,iOS
5898,view,2023-01-27 18:01:19,B,iOS
4471,registration,2023-01-27 18:25:26,B,iOS
413,click,2023-01-27 21:56:48,A,Android
5800,click,2023-01-27 06:56:44,A,iOS
5785,view,2023-01-27 21:30:04,B,iOS
3676,click,2023-01-27 13:46:52,B,iOS
2710,click,2023-01-27 08:29:34,A,Android
4852,view,2023-01-27 03:02:41,A,Android
2950,click,2023-01-27 23:29:09,B,iOS
8272,click,2023-01-27 17:06:38,B,Android
925,view,2023-01-27 16:14:55,B,iOS
842,registration,2023-01-27 19:39:02,A,Android
5241,registration,2023-01-27 01:02:41,A,Android
6902,click,2023-01-27 14:40:06,B,iOS
8271,view,2023-01-27 18:27:44,A,Android
4636,click,2023-01-27 07:32:56,B,iOS
6763,click,2023-01-27 06:42:51,B,iOS
4108,view,2023-01-27 21:39:41,B,iOS
1368,click,2023-01-27 19:18:05,A,iOS
1867,purchase,2023-01-27 08:09:39,B,iOS
8843,click,2023-01-27 01:40:15,B,Android
9429,click,2023-01-27 06:05:56,B,iOS
7226,click,2023-01-27 06:26:34,A,Android
2606,click,2023-01-27 02:04:05,A,Android
55,click,2023-01-27 12:10:27,B,Android
5933,registration,2023-01-27 00:14:12,B,Android
1044,view,2023-01-27 04:54:26,B,iOS
5112,view,2023-01-27 08:16:42,B,Android
6401,click,2023-01-27 21:53:09,B,Android
8084,click,2023-01-27 10:14:24,B,iOS
4025,registration,2023-01-27 05:03:36,A,Android
8736,view,2023-01-27 05:07:00,B,iOS
9485,click,2023-01-27 17:39:22,A,iOS
1842,view,2023-01-27 22:27:23,A,Android
287,view,2023-01-27 16:25:55,B,iOS
1465,registration,2023-01-27 09:39:21,B,iOS
6083,click,2023-01-27 03:22:41,A,iOS
9910,view,2023-01-27 00:04:15,A,iOS
367,registration,2023-01-27 01:25:45,A,iOS
8733,click,2023-01-27 17:41:33,B,Android
5851,click,2023-01-27 08:18:45,A,Android
3435,view,2023-01-27 01:43:32,A,iOS
5529,view,2023-01-27 14:07:45,B,iOS
1768,registration,2023-01-27 13:03:27,B,Android
3828,click,2023-01-27 02:50:07,A,Android
5289,view,2023-01-27 04:50:44,A,Android
1230,view,2023-01-27 06:45:17,B,iOS
7511,registration,2023-01-27 20:59:28,B,iOS
8533,view,2023-01-27 11:24:02,A,iOS
6781,click,2023-01-27 16:53:36,A,Android
7984,view,2023-01-27 19:41:05,B,iOS
647,registration,2023-01-27 09:20:47,B,iOS
6302,click,2023-01-27 19:48:10,A,iOS
6407,registration,2023-01-27 11:44:19,A,Android
2613,registration,2023-01-27 04:19:22,B,Android
5991,registration,2023-01-27 03:47:54,A,Android
9826,view,2023-01-27 10:21:05,A,iOS
7679,click,2023-01-27 07:56:46,A,iOS
7188,purchase,2023-01-27 19:50:10,A,Android
3086,view,2023-01-27 15:55:01,A,iOS
296,view,2023-01-27 18:33:33,A,iOS
9744,view,2023-01-27 05:36:39,A,Android
3244,click,2023-01-27 22:59:07,A,iOS
9851,purchase,2023-01-27 15:31:08,B,Android
3,view,2023-01-27 00:34:17,B,Android
7913,view,2023-01-27 16:44:55,A,Android
8660,click,2023-01-27 22:48:24,B,iOS
890,click,2023-01-27 04:29:08,A,iOS
4585,view,2023-01-27 05:38:48,B,Android
1612,view,2023-01-27 05:29:07,A,iOS
1937,registration,2023-01-27 04:22:23,B,iOS
7195,click,2023-01-27 09:25:07,B,iOS
8233,registration,2023-01-27 02:32:22,B,Android
4799,click,2023-01-27 07:44:15,B,Android
8960,view,2023-01-27 02:57:26,A,Android
4986,click,2023-01-27 19:47:17,B,iOS
7154,view,2023-01-27 20:59:30,A,iOS
2532,view,2023-01-27 16:21:25,A,Android
4656,view,2023-01-27 08:09:29,B,Android
5539,click,2023-01-27 13:27:38,A,iOS
4517,view,2023-01-27 21:27:52,B,Android
594,purchase,2023-01-27 22:12:24,B,iOS
5716,click,2023-01-27 19:31:12,B,iOS
1283,click,2023-01-27 23:55:22,A,iOS
5459,click,2023-01-27 23:39:28,B,iOS
9624,view,2023-01-27 13:56:53,B,Android
3421,view,2023-01-27 23:57:11,A,iOS
6832,registration,2023-01-27 13:12:12,B,iOS
9451,purchase,2023-01-27 21:23:24,A,Android
4757,registration,2023-01-27 21:04:40,A,iOS
9348,view,2023-01-27 19:10:00,B,Android
2455,view,2023-01-27 08:21:34,B,Android
8141,purchase,2023-01-27 05:40:05,A,iOS
1400,registration,2023-01-27 16:29:03,A,iOS
6085,purchase,2023-01-27 08:26:39,A,iOS
1911,click,2023-01-27 16:01:45,B,iOS
8508,registration,2023-01-27 07:08:22,A,iOS
8206,registration,2023-01-27 18:59:50,B,Android
4954,registration,2023-01-27 10:58:59,B,Android
4461,view,2023-01-27 08:43:30,A,iOS
874,registration,2023-01-27 06:07:03,A,Android
7567,view,2023-01-27 01:26:06,B,iOS
2988,click,2023-01-27 20:43:56,A,Android
449,view,2023-01-27 08:23:13,B,iOS
8699,view,2023-01-27 23:38:46,B,Android
1666,view,2023-01-27 02:56:33,B,iOS
1362,registration,2023-01-27 05:16:53,A,Android
1351,click,2023-01-27 18:04:08,B,iOS
5589,click,2023-01-27 13:41:13,A,Android
6546,click,2023-01-27 21:34:49,B,Android
4356,registration,2023-01-27 20:54:33,A,iOS
6621,view,2023-01-27 23:13:58,A,iOS
5633,view,2023-01-27 04:17:15,B,Android
8626,purchase,2023-01-27 10:09:34,B,iOS
9415,view,2023-01-27 12:56:08,A,iOS
6031,click,2023-01-27 01:08:36,B,iOS
3277,view,2023-01-27 22:26:19,A,iOS
4000,view,2023-01-27 00:27:30,B,Android
9060,click,2023-01-27 06:22:59,B,iOS
1495,registration,2023-01-27 06:31:20,A,iOS
2774,view,2023-01-27 20:41:10,A,iOS
6551,view,2023-01-27 13:18:52,A,iOS
7348,view,2023-01-27 14:09:36,B,Android
9378,view,2023-01-27 07:29:54,A,iOS
69,click,2023-01-27 08:20:59,B,Android
7238,view,2023-01-27 20:24:50,A,iOS
6930,click,2023-01-27 22:55:40,B,Android
8974,view,2023-01-27 14:40:11,B,iOS
4960,registration,2023-01-27 03:02:34,B,iOS
7285,click,2023-01-27 01:36:10,B,iOS
1766,registration,2023-01-27 03:34:13,B,iOS
4026,registration,2023-01-27 12:03:04,A,Android
4066,registration,2023-01-27 21:11:55,A,iOS
9601,click,2023-01-27 09:39:30,A,iOS
5827,purchase,2023-01-27 23:08:20,B,Android
6487,click,2023-01-27 23:21:43,B,iOS
2174,view,2023-01-27 22:52:02,A,Android
5540,click,2023-01-27 00:16:28,B,iOS
2941,click,2023-01-27 06:25:49,B,iOS
143,view,2023-01-27 15:45:20,B,iOS
7786,view,2023-01-27 04:06:22,A,iOS
8014,click,2023-01-27 14:11:57,B,Android
6481,click,2023-01-27 14:13:20,A,iOS
7460,click,2023-01-27 23:59:26,B,Android
774,click,2023-01-27 07:03:57,B,iOS
9890,purchase,2023-01-27 23:36:37,B,iOS
9740,purchase,2023-01-27 16:25:58,A,Android
7648,view,2023-01-27 12:02:21,A,Android
5628,click,2023-01-27 01:17:15,B,Android
8341,registration,2023-01-27 17:32:02,A,Android
361,click,2023-01-27 14:59:00,B,iOS
927,click,2023-01-27 22:29:18,B,Android
7291,click,2023-01-27 00:26:50,B,Android
7079,click,2023-01-27 05:43:39,B,iOS
9073,click,2023-01-27 03:40:05,B,Android
8775,purchase,2023-01-27 20:54:32,B,iOS
1591,click,2023-01-27 20:21:51,A,Android
323,registration,2023-01-27 16:30:08,A,Android
4214,click,2023-01-27 10:38:22,A,iOS
7076,click,2023-01-27 03:26:33,B,Android
4460,view,2023-01-27 09:49:51,A,iOS
1533,click,2023-01-27 19:08:30,B,Android
2291,click,2023-01-27 19:28:35,A,Android
1802,registration,2023-01-27 05:05:22,A,Android
8242,click,2023-01-27 00:28:25,A,iOS
3508,click,2023-01-27 08:59:42,B,iOS
7685,click,2023-01-27 13:46:17,A,Android
1396,view,2023-01-27 22:59:55,A,Android
1834,view,2023-01-27 16:57:06,B,iOS
8202,view,2023-01-27 18:24:35,B,Android
2381,view,2023-01-27 00:26:49,B,Android
7027,click,2023-01-27 11:38:13,A,Android
6122,purchase,2023-01-27 16:52:25,A,iOS
7568,click,2023-01-27 15:46:53,B,Android
9487,view,2023-01-27 00:07:43,B,iOS
1354,view,2023-01-27 15:55:58,B,iOS
440,click,2023-01-27 09:23:47,A,Android
6234,registration,2023-01-27 04:41:39,B,Android
5799,click,2023-01-27 17:14:00,A,iOS
1548,view,2023-01-27 03:25:06,A,iOS
8821,registration,2023-01-27 01:46:37,B,iOS
2964,click,2023-01-27 11:01:04,A,iOS
8904,view,2023-01-27 19:06:11,A,Android
5731,click,2023-01-27 15:25:39,B,iOS
6044,view,2023-01-27 10:02:46,A,Android
8252,registration,2023-01-27 02:22:48,B,Android
3007,purchase,2023-01-27 07:40:26,B,iOS
4578,click,2023-01-27 20:45:39,A,iOS
203,registration,2023-01-27 19:44:13,A,Android
8861,registration,2023-01-27 03:24:21,B,iOS
3275,view,2023-01-27 15:50:10,A,iOS
8686,click,2023-01-27 04:13:14,A,iOS
7293,click,2023-01-27 21:54:08,B,iOS
2159,click,2023-01-27 07:04:34,A,Android
5881,purchase,2023-01-27 20:30:26,A,Android
1443,registration,2023-01-27 16:28:26,A,Android
2530,view,2023-01-27 10:16:06,A,Android
8388,click,2023-01-27 14:47:40,B,Android
7952,click,2023-01-27 22:59:22,A,iOS
8896,view,2023-01-27 00:34:58,B,Android
1036,purchase,2023-01-27 00:09:10,A,iOS
4809,click,2023-01-27 16:26:01,A,Android
6275,purchase,2023-01-27 19:16:38,B,Android
5580,click,2023-01-27 12:47:40,A,iOS
1395,click,2023-01-27 10:10:56,A,Android
5010,purchase,2023-01-27 14:51:29,A,iOS
2478,view,2023-01-27 13:39:10,B,Android
6455,view,2023-01-27 00:38:11,A,Android
3468,registration,2023-01-27 04:01:22,B,iOS
7498,view,2023-01-27 07:02:03,B,iOS
2193,purchase,2023-01-27 03:42:17,A,Android
6576,click,2023-01-27 00:33:22,B,Android
4132,click,2023-01-27 03:28:04,A,Android
1700,view,2023-01-27 14:53:08,B,Android
1300,click,2023-01-27 02:56:10,B,iOS
465,purchase,2023-01-27 12:04:20,B,iOS
4455,click,2023-01-27 19:09:26,B,Android
6663,click,2023-01-27 10:34:30,A,iOS
6114,click,2023-01-27 20:32:42,B,iOS
7218,click,2023-01-27 16:32:55,A,iOS
3546,registration,2023-01-27 09:08:21,A,Android
7214,registration,2023-01-27 23:55:12,A,Android
103,click,2023-01-27 01:50:08,B,iOS
7309,view,2023-01-27 18:13:54,B,iOS
5500,view,2023-01-27 01:25:50,A,iOS
5878,click,2023-01-27 06:51:19,A,iOS
5401,click,2023-01-27 16:56:06,B,Android
8727,click,2023-01-27 11:23:00,B,Android
2320,click,2023-01-27 11:30:14,B,iOS
44,view,2023-01-27 10:25:13,B,Android
3028,click,2023-01-27 01:27:37,A,Android
1040,registration,2023-01-27 19:32:36,B,Android
2938,click,2023-01-27 05:45:58,B,Android
5223,purchase,2023-01-27 06:21:27,B,iOS
7580,purchase,2023-01-27 08:37:17,A,iOS
5941,click,2023-01-27 00:54:04,B,Android
2006,view,2023-01-27 06:17:21,B,Android
7316,purchase,2023-01-27 15:02:13,B,Android
7648,click,2023-01-27 11:29:38,A,Android
5655,click,2023-01-27 21:10:17,B,Android
942,registration,2023-01-27 06:03:31,B,Android
8698,click,2023-01-27 18:19:38,A,Android
9703,view,2023-01-27 21:55:32,B,Android
7102,click,2023-01-27 03:29:22,B,Android
7525,registration,2023-01-27 21:43:55,A,iOS
7092,registration,2023-01-27 20:31:47,B,Android
7209,view,2023-01-27 10:28:25,B,iOS
3246,purchase,2023-01-27 17:08:14,A,iOS
6811,registration,2023-01-27 10:56:10,B,Android
7994,registration,2023-01-27 03:37:53,A,iOS
5479,view,2023-01-27 21:32:07,B,iOS
6654,registration,2023-01-27 23:32:49,B,iOS
738,click,2023-01-27 00:24:46,A,Android
4026,click,2023-01-27 14:15:08,A,Android
8257,click,2023-01-27 17:02:34,B,Android
9587,view,2023-01-27 01:59:03,B,iOS
9611,registration,2023-01-27 00:38:42,A,iOS
929,view,2023-01-27 11:28:15,B,Android
1046,click,2023-01-27 17:52:17,B,iOS
6716,registration,2023-01-27 12:21:05,A,iOS
7426,registration,2023-01-27 02:23:26,B,iOS
4309,view,2023-01-27 21:11:55,B,iOS
8820,click,2023-01-27 14:22:53,B,iOS
1553,click,2023-01-27 09:30:09,B,iOS
9267,registration,2023-01-27 22:11:19,A,iOS
4064,registration,2023-01-27 02:01:00,A,iOS
5354,click,2023-01-27 17:29:01,A,iOS
5966,purchase,2023-01-27 19:51:37,B,Android
1677,click,2023-01-27 05:40:33,B,Android
8026,view,2023-01-27 05:25:13,B,Android
295,click,2023-01-27 18:34:48,A,iOS
9801,click,2023-01-27 22:29:34,B,Android
5140,click,2023-01-27 08:02:01,A,Android
8109,view,2023-01-27 00:20:07,B,Android
1755,view,2023-01-27 16:35:53,A,Android
1547,view,2023-01-27 06:03:32,B,iOS
75,registration,2023-01-27 17:50:50,B,Android
2850,registration,2023-01-27 15:40:07,A,Android
5327,purchase,2023-01-27 05:17:41,A,iOS
7147,registration,2023-01-27 14:21:15,B,Android
4603,purchase,2023-01-27 15:25:13,B,iOS
9977,view,2023-01-27 11:34:13,B,iOS
6698,click,2023-01-27 10:21:54,B,Android
6872,click,2023-01-27 21:26:00,B,Android
3616,click,2023-01-27 15:34:42,A,iOS
5763,click,2023-01-27 09:52:24,B,Android
3779,view,2023-01-27 05:10:26,B,Android
909,view,2023-01-27 18:05:40,A,Android
6009,view,2023-01-27 18:55:32,B,Android
4854,registration,2023-01-27 20:45:28,A,iOS
8247,click,2023-01-27 14:38:44,B,Android
3764,view,2023-01-27 01:46:04,A,iOS
6589,purchase,2023-01-27 09:14:28,B,Android
8568,click,2023-01-27 05:46:53,A,iOS
3145,purchase,2023-01-27 14:32:31,B,Android
7756,click,2023-01-27 19:35:59,B,Android
5706,click,2023-01-27 17:05:33,B,Android
4815,click,2023-01-27 12:04:10,B,Android
419,click,2023-01-27 04:19:14,B,Android
3608,view,2023-01-27 08:47:59,A,iOS
1029,registration,2023-01-27 12:22:14,B,iOS
7412,registration,2023-01-27 17:21:23,B,iOS
63,registration,2023-01-27 16:38:24,A,iOS
4182,click,2023-01-27 20:31:56,A,iOS
2101,purchase,2023-01-27 04:48:13,A,iOS
6223,view,2023-01-27 11:57:39,A,iOS
1422,registration,2023-01-27 08:13:00,A,iOS
8857,purchase,2023-01-27 10:55:12,A,Android
2000,view,2023-01-27 03:55:18,B,iOS
6674,click,2023-01-27 22:54:10,A,iOS
5590,registration,2023-01-27 01:37:46,A,Android
8797,click,2023-01-27 14:10:07,A,Android
7101,purchase,2023-01-27 01:41:18,A,iOS
7468,click,2023-01-27 23:25:42,B,Android
7443,click,2023-01-27 21:16:42,A,iOS
7990,view,2023-01-27 04:04:37,B,iOS
7869,click,2023-01-27 02:38:18,B,iOS
791,purchase,2023-01-27 01:56:10,B,iOS
6737,view,2023-01-27 00:25:05,B,Android
4236,click,2023-01-27 06:40:16,B,iOS
5615,registration,2023-01-27 23:58:08,B,iOS
5252,click,2023-01-27 08:51:10,B,iOS
5041,purchase,2023-01-27 10:20:34,B,Android
6779,click,2023-01-27 10:13:28,B,iOS
1986,view,2023-01-27 14:07:25,B,iOS
4186,view,2023-01-27 15:15:20,B,iOS
383,purchase,2023-01-27 19:03:21,B,Android
4718,registration,2023-01-27 17:10:12,B,Android
408,click,2023-01-27 21:10:54,B,Android
4019,purchase,2023-01-27 08:24:17,A,Android
2916,registration,2023-01-27 05:12:30,A,iOS
6238,click,2023-01-27 15:02:53,B,Android
1386,view,2023-01-27 11:21:43,A,Android
6737,click,2023-01-27 10:18:37,B,Android
9606,registration,2023-01-27 17:49:33,B,Android
8566,click,2023-01-27 18:43:50,B,iOS
4428,click,2023-01-27 08:21:28,A,Android
7878,registration,2023-01-27 18:26:44,B,Android
2966,registration,2023-01-27 00:30:18,B,iOS
8156,view,2023-01-27 17:14:06,A,iOS
3004,registration,2023-01-27 18:48:31,A,iOS
339,view,2023-01-27 06:34:09,A,iOS
100,click,2023-01-27 03:04:42,B,Android
6903,purchase,2023-01-27 07:58:45,A,Android
7220,view,2023-01-27 13:24:14,A,iOS
8905,click,2023-01-27 00:58:28,B,iOS
32,registration,2023-01-27 12:42:04,A,iOS
9429,click,2023-01-27 08:52:50,B,iOS
2808,view,2023-01-27 20:02:42,A,Android
3348,purchase,2023-01-27 19:47:54,A,iOS
6765,view,2023-01-27 10:19:43,A,iOS
6817,purchase,2023-01-27 01:07:25,B,iOS
7704,registration,2023-01-27 03:09:01,A,Android
777,view,2023-01-27 04:15:28,A,Android
2198,click,2023-01-27 05:26:55,B,Android
1393,view,2023-01-28 18:57:18,B,iOS
9027,view,2023-01-28 21:30:46,B,Android
5857,view,2023-01-28 04:57:13,B,Android
311,view,2023-01-28 10:41:32,A,Android
704,registration,2023-01-28 21:58:19,A,Android
6655,registration,2023-01-28 13:59:07,A,iOS
2008,view,2023-01-28 23:54:16,B,Android
9387,click,2023-01-28 05:02:12,B,Android
884,view,2023-01-28 10:37:16,B,iOS
6200,view,2023-01-28 13:58:59,A,Android
2939,view,2023-01-28 08:44:15,A,iOS
2616,registration,2023-01-28 05:07:34,B,Android
4175,registration,2023-01-28 18:54:45,A,iOS
4406,purchase,2023-01-28 04:55:42,A,Android
2251,purchase,2023-01-28 01:23:05,B,iOS
6747,view,2023-01-28 01:37:24,B,Android
7887,click,2023-01-28 10:53:51,A,iOS
9253,click,2023-01-28 22:32:53,B,iOS
5420,registration,2023-01-28 13:51:03,B,iOS
7350,registration,2023-01-28 16:47:11,A,iOS
2635,click,2023-01-28 01:24:38,B,iOS
8093,click,2023-01-28 20:05:09,B,iOS
6371,click,2023-01-28 00:30:26,A,Android
3624,view,2023-01-28 07:49:09,A,Android
9708,view,2023-01-28 20:09:35,B,iOS
9307,click,2023-01-28 21:15:15,B,Android
7470,click,2023-01-28 08:23:48,B,iOS
1537,click,2023-01-28 08:55:29,B,iOS
4824,click,2023-01-28 19:44:48,A,Android
4493,registration,2023-01-28 21:22:03,B,iOS
5782,click,2023-01-28 11:47:43,B,iOS
6193,registration,2023-01-28 10:33:54,A,iOS
6186,click,2023-01-28 19:05:21,A,Android
1175,click,2023-01-28 01:49:03,B,Android
5686,registration,2023-01-28 15:37:16,A,Android
5299,purchase,2023-01-28 16:04:01,B,Android
2408,purchase,2023-01-28 18:08:51,B,iOS
5512,view,2023-01-28 04:34:36,B,Android
2506,view,2023-01-28 22:52:43,A,Android
9549,registration,2023-01-28 12:33:34,A,Android
3712,registration,2023-01-28 06:28:27,B,iOS
5546,click,2023-01-28 09:28:31,B,Android
1357,view,2023-01-28 17:22:03,B,Android
3679,registration,2023-01-28 08:34:13,A,Android
7118,registration,2023-01-28 10:35:37,A,Android
7283,view,2023-01-28 19:40:36,A,iOS
9463,click,2023-01-28 11:10:50,A,Android
5934,click,2023-01-28 20:18:22,B,Android
8018,click,2023-01-28 03:59:31,B,Android
3053,purchase,2023-01-28 07:08:16,B,Android
5652,view,2023-01-28 14:02:39,A,Android
4954,view,2023-01-28 01:47:20,B,Android
3800,registration,2023-01-28 04:56:03,A,iOS
885,click,2023-01-28 23:50:21,A,iOS
3811,view,2023-01-28 05:38:11,B,iOS
2861,registration,2023-01-28 05:46:49,B,Android
2637,registration,2023-01-28 10:15:22,A,Android
2125,click,2023-01-28 00:12:53,A,iOS
4573,view,2023-01-28 02:37:25,A,iOS
7128,registration,2023-01-28 17:13:36,A,Android
8079,click,2023-01-28 06:46:15,A,iOS
2971,view,2023-01-28 19:39:00,B,Android
412,click,2023-01-28 12:30:23,B,Android
3553,click,2023-01-28 22:38:16,B,Android
3851,registration,2023-01-28 05:55:03,A,Android
7287,click,2023-01-28 07:49:10,B,Android
7213,purchase,2023-01-28 06:40:19,B,Android
7383,view,2023-01-28 12:40:12,B,iOS
8189,click,2023-01-28 08:05:32,B,iOS
828,purchase,2023-01-28 04:16:51,B,Android
4880,view,2023-01-28 13:52:46,A,iOS
3427,view,2023-01-28 07:01:11,A,iOS
3221,purchase,2023-01-28 11:46:08,A,Android
4920,registration,2023-01-28 00:01:57,A,Android
6166,view,2023-01-28 17:05:48,B,iOS
9417,registration,2023-01-28 08:49:51,B,iOS
5508,click,2023-01-28 12:58:45,B,iOS
4918,click,2023-01-28 07:31:52,A,iOS
177,registration,2023-01-28 10:42:06,A,iOS
9282,purchase,2023-01-28 15:40:38,A,iOS
1459,purchase,2023-01-28 15:29:50,A,Android
1050,registration,2023-01-28 07:02:56,A,iOS
2002,click,2023-01-28 14:35:43,A,iOS
3470,view,2023-01-28 23:55:53,A,iOS
6362,view,2023-01-28 21:29:33,B,iOS
8528,click,2023-01-28 18:11:42,A,iOS
1353,click,2023-01-28 19:56:52,A,Android
5525,registration,2023-01-28 22:30:40,B,Android
2257,registration,2023-01-28 04:48:27,B,Android
2437,click,2023-01-28 08:42:14,A,iOS
8235,click,2023-01-28 15:37:42,B,Android
6586,click,2023-01-28 15:32:02,A,iOS
7043,view,2023-01-28 22:41:46,B,Android
3136,view,2023-01-28 22:06:05,B,Android
1880,view,2023-01-28 06:42:37,A,Android
5626,view,2023-01-28 04:54:26,A,Android
4502,view,2023-01-28 07:23:11,B,iOS
4815,click,2023-01-28 23:54:00,B,Android
4051,registration,2023-01-28 16:53:39,B,iOS
6572,view,2023-01-28 01:16:18,B,Android
2316,purchase,2023-01-28 11:54:00,A,Android
8982,view,2023-01-28 02:50:11,A,Android
4990,registration,2023-01-28 01:40:38,A,iOS
7675,registration,2023-01-28 14:54:41,A,Android
757,click,2023-01-28 01:23:23,B,Android
2648,registration,2023-01-28 03:06:15,B,iOS
6900,view,2023-01-28 14:14:05,B,Android
3191,click,2023-01-28 18:50:26,B,iOS
2097,click,2023-01-28 19:43:16,A,iOS
4410,registration,2023-01-28 23:27:38,B,Android
3152,registration,2023-01-28 19:38:15,A,Android
6278,click,2023-01-28 12:38:23,B,Android
5213,view,2023-01-28 14:31:06,A,iOS
3431,click,2023-01-28 20:27:33,A,Android
3207,click,2023-01-28 08:47:27,B,iOS
4754,purchase,2023-01-28 05:26:57,A,iOS
7086,view,2023-01-28 16:14:20,A,iOS
1989,click,2023-01-28 16:02:07,A,iOS
9688,view,2023-01-28 17:50:56,A,iOS
6738,view,2023-01-28 16:52:06,B,iOS
300,view,2023-01-28 11:44:43,B,Android
6186,view,2023-01-28 02:41:44,A,Android
8292,registration,2023-01-28 10:29:54,A,iOS
5429,view,2023-01-28 20:53:42,B,Android
5683,view,2023-01-28 18:34:23,A,iOS
4715,click,2023-01-28 01:44:46,B,iOS
9597,purchase,2023-01-28 01:30:12,A,Android
6157,click,2023-01-28 17:19:46,A,iOS
5685,view,2023-01-28 12:56:00,A,Android
9094,view,2023-01-28 00:47:29,A,iOS
3244,click,2023-01-28 01:29:56,A,iOS
1551,registration,2023-01-28 16:26:54,B,iOS
6095,click,2023-01-28 13:08:39,A,Android
1862,click,2023-01-28 09:58:33,A,iOS
1336,registration,2023-01-28 01:19:52,B,Android
7784,click,2023-01-28 19:32:01,A,Android
3651,click,2023-01-28 04:54:36,A,iOS
4612,click,2023-01-28 06:32:39,B,Android
5507,registration,2023-01-28 20:17:33,B,Android
7721,registration,2023-01-28 20:14:00,A,iOS
2132,click,2023-01-28 19:52:45,B,iOS
6712,view,2023-01-28 05:18:28,B,Android
8433,registration,2023-01-28 20:43:13,A,Android
5505,click,2023-01-28 09:00:51,A,iOS
7321,registration,2023-01-28 22:31:18,A,iOS
8967,purchase,2023-01-28 22:09:13,B,Android
5265,click,2023-01-28 17:05:09,B,Android
57,view,2023-01-28 11:16:57,B,Android
4045,registration,2023-01-28 13:11:01,B,Android
2188,click,2023-01-28 09:00:42,B,Android
9680,click,2023-01-28 21:11:36,A,Android
2076,view,2023-01-28 09:18:12,A,iOS
2222,click,2023-01-28 04:43:43,A,iOS
3731,view,2023-01-28 19:59:11,A,Android
2699,view,2023-01-28 07:29:35,A,Android
4347,registration,2023-01-28 10:17:53,B,Android
1811,click,2023-01-28 01:18:27,B,iOS
1866,click,2023-01-28 08:58:46,B,Android
521,click,2023-01-28 20:21:33,B,iOS
1503,registration,2023-01-28 21:22:02,A,iOS
7196,registration,2023-01-28 03:58:40,A,iOS
3627,registration,2023-01-28 16:00:02,B,iOS
8208,click,2023-01-28 05:22:53,A,Android
1747,click,2023-01-28 12:39:21,B,Android
3699,view,2023-01-28 19:01:04,A,iOS
1888,registration,2023-01-28 20:38:56,A,iOS
2255,click,2023-01-28 04:59:18,A,iOS
4275,click,2023-01-28 18:10:21,B,Android
1772,purchase,2023-01-28 11:23:22,A,Android
2092,view,2023-01-28 16:30:33,A,iOS
2582,registration,2023-01-28 19:02:14,B,Android
7733,registration,2023-01-28 06:35:59,A,Android
5692,view,2023-01-28 22:46:24,B,iOS
1678,click,2023-01-28 17:12:48,A,Android
1784,view,2023-01-28 09:36:17,B,Android
2878,registration,2023-01-28 22:02:11,B,Android
9091,registration,2023-01-28 11:33:04,B,iOS
5149,click,2023-01-28 19:58:28,A,Android
9468,registration,2023-01-28 14:21:00,A,Android
176,click,2023-01-28 13:46:15,B,Android
6356,view,2023-01-28 15:56:08,A,Android
3044,view,2023-01-28 17:35:54,A,iOS
396,registration,2023-01-28 10:01:54,B,iOS
6789,purchase,2023-01-28 06:03:32,A,iOS
90,purchase,2023-01-28 01:52:37,A,iOS
7493,registration,2023-01-28 21:27:47,A,iOS
7818,click,2023-01-28 07:09:50,B,Android
7894,view,2023-01-28 20:26:00,A,iOS
5195,click,2023-01-28 13:27:33,A,iOS
2444,view,2023-01-28 19:31:04,A,iOS
5409,click,2023-01-28 10:41:09,A,iOS
2348,purchase,2023-01-28 02:09:29,A,iOS
2586,registration,2023-01-28 15:57:02,B,Android
3514,click,2023-01-28 03:32:39,A,Android
2665,view,2023-01-28 23:57:03,B,Android
3348,click,2023-01-28 09:28:09,A,iOS
7201,click,2023-01-28 19:02:38,B,iOS
9324,purchase,2023-01-28 21:31:30,A,iOS
1799,view,2023-01-28 17:16:13,A,Android
7003,click,2023-01-28 01:42:48,A,Android
9395,view,2023-01-28 06:33:09,B,Android
5753,view,2023-01-28 18:27:55,B,Android
8822,click,2023-01-28 13:39:36,B,iOS
9060,view,2023-01-28 17:16:07,B,iOS
7144,view,2023-01-28 22:20:23,A,iOS
1947,registration,2023-01-28 15:42:48,A,Android
2792,view,2023-01-28 21:02:15,A,Android
5475,click,2023-01-28 19:27:10,A,Android
913,registration,2023-01-28 20:41:55,A,iOS
9591,registration,2023-01-28 10:27:42,A,Android
7256,click,2023-01-28 22:53:11,B,iOS
9673,click,2023-01-28 08:12:25,B,Android
7671,click,2023-01-28 17:43:03,B,Android
7068,view,2023-01-28 17:47:54,A,Android
7534,click,2023-01-28 17:00:00,A,Android
3213,view,2023-01-28 12:15:15,A,Android
8916,view,2023-01-28 13:05:20,B,iOS
9353,view,2023-01-28 12:40:38,B,Android
9323,click,2023-01-28 20:16:14,B,iOS
8415,click,2023-01-28 03:02:44,B,Android
9830,click,2023-01-28 19:29:30,A,iOS
6563,click,2023-01-28 03:24:28,A,iOS
4259,registration,2023-01-28 15:17:04,B,Android
5110,click,2023-01-28 22:35:07,B,Android
2046,click,2023-01-28 05:43:22,A,iOS
4820,view,2023-01-28 11:25:21,B,Android
962,click,2023-01-28 03:08:10,A,Android
1968,purchase,2023-01-28 02:17:43,A,iOS
3762,click,2023-01-28 00:24:26,B,iOS
3776,registration,2023-01-28 14:42:47,B,Android
45,click,2023-01-28 12:10:25,A,iOS
425,view,2023-01-28 05:44:37,A,iOS
7204,registration,2023-01-28 19:06:36,B,Android
4928,click,2023-01-28 06:20:10,B,Android
1270,click,2023-01-28 17:59:09,A,iOS
2170,registration,2023-01-28 10:54:54,A,Android
1325,click,2023-01-28 08:59:17,B,iOS
3987,click,2023-01-28 22:25:54,B,Android
3930,registration,2023-01-28 16:02:31,B,iOS
4179,view,2023-01-28 11:54:46,A,iOS
9981,click,2023-01-28 10:20:01,B,Android
5145,click,2023-01-28 21:18:15,B,iOS
7465,registration,2023-01-28 07:01:47,B,Android
1270,view,2023-01-28 15:36:01,A,iOS
3148,view,2023-01-28 06:39:24,A,Android
9416,registration,2023-01-28 14:04:56,A,iOS
4024,click,2023-01-28 04:44:00,B,iOS
4897,registration,2023-01-28 04:23:14,A,iOS
3266,click,2023-01-28 20:14:13,B,iOS
4781,registration,2023-01-28 00:22:25,B,Android
5793,click,2023-01-28 05:02:46,A,iOS
6930,click,2023-01-28 16:58:23,B,Android
4712,click,2023-01-28 12:47:16,B,iOS
7219,click,2023-01-28 22:42:13,B,Android
337,view,2023-01-28 05:57:52,A,iOS
7950,registration,2023-01-28 00:00:56,A,iOS
8607,view,2023-01-28 11:57:55,B,Android
9651,registration,2023-01-28 17:57:30,B,Android
2797,click,2023-01-28 02:45:06,A,iOS
4062,registration,2023-01-28 03:02:18,B,Android
5267,click,2023-01-28 03:44:48,B,Android
1333,click,2023-01-28 19:05:17,B,iOS
6614,click,2023-01-28 21:14:03,B,Android
8992,click,2023-01-28 09:47:03,B,Android
1,click,2023-01-28 11:10:20,B,Android
3382,purchase,2023-01-28 12:50:34,A,Android
2949,purchase,2023-01-28 02:54:46,B,iOS
919,purchase,2023-01-28 13:37:09,B,Android
4334,click,2023-01-28 21:00:44,A,Android
1774,purchase,2023-01-28 17:36:49,A,Android
5457,click,2023-01-28 09:26:21,B,iOS
2909,view,2023-01-28 02:29:44,A,iOS
5334,purchase,2023-01-28 11:18:43,B,iOS
5769,view,2023-01-28 22:25:10,A,Android
1464,view,2023-01-28 09:09:35,B,Android
8552,view,2023-01-28 23:38:23,B,Android
4638,click,2023-01-28 21:41:49,A,iOS
6794,view,2023-01-28 18:51:32,B,iOS
4107,click,2023-01-28 02:44:52,A,Android
2598,view,2023-01-28 11:11:54,B,Android
9618,view,2023-01-28 18:01:16,B,Android
250,click,2023-01-28 16:47:02,B,Android
4974,registration,2023-01-28 13:17:01,B,iOS
3920,registration,2023-01-28 03:52:03,B,Android
7931,click,2023-01-28 19:04:38,A,Android
179,view,2023-01-28 05:27:33,B,iOS
6815,registration,2023-01-28 00:47:31,A,iOS
9785,click,2023-01-28 20:53:34,A,iOS
7333,view,2023-01-28 20:37:35,A,Android
2096,click,2023-01-28 09:17:52,B,iOS
1776,view,2023-01-28 23:21:17,A,Android
5004,click,2023-01-28 05:38:11,B,iOS
6686,registration,2023-01-28 03:46:34,B,Android
1196,click,2023-01-28 21:36:01,B,iOS
917,click,2023-01-28 21:11:31,B,iOS
3200,view,2023-01-28 20:55:49,B,Android
1195,purchase,2023-01-28 15:48:50,A,iOS
8356,view,2023-01-28 09:58:10,A,iOS
9397,registration,2023-01-28 02:14:04,B,Android
7868,click,2023-01-28 22:44:43,B,iOS
1656,view,2023-01-28 16:03:56,B,Android
6878,registration,2023-01-28 18:26:00,B,Android
7822,view,2023-01-28 01:42:07,A,iOS
7716,click,2023-01-28 21:15:44,B,iOS
9103,view,2023-01-28 02:23:57,B,Android
5390,click,2023-01-28 03:57:54,A,Android
6174,view,2023-01-28 06:50:21,B,iOS
9673,view,2023-01-28 16:14:30,B,Android
5410,click,2023-01-28 06:03:07,B,iOS
8588,registration,2023-01-28 20:30:45,B,iOS
5452,click,2023-01-28 17:39:15,B,Android
8671,view,2023-01-28 23:30:04,B,iOS
8682,view,2023-01-28 23:25:33,B,Android
2866,registration,2023-01-28 19:30:26,B,Android
8624,view,2023-01-28 10:26:36,B,Android
8984,click,2023-01-28 03:27:56,B,Android
3677,purchase,2023-01-28 10:25:43,A,Android
2599,view,2023-01-28 22:48:45,B,iOS
7273,click,2023-01-28 05:45:27,B,Android
6358,registration,2023-01-28 02:54:35,B,Android
542,view,2023-01-28 22:20:05,A,Android
9887,click,2023-01-28 23:10:29,A,iOS
9767,click,2023-01-28 06:50:44,A,Android
8488,registration,2023-01-28 23:43:02,A,iOS
6771,view,2023-01-28 22:33:37,B,iOS
8948,registration,2023-01-28 11:24:35,A,Android
8320,view,2023-01-28 04:25:52,A,Android
7411,view,2023-01-28 15:56:07,A,Android
2432,click,2023-01-28 02:42:42,B,Android
116,view,2023-01-28 11:56:22,A,iOS
2139,registration,2023-01-28 23:12:43,A,iOS
6966,registration,2023-01-28 07:39:54,A,iOS
8897,click,2023-01-28 05:16:26,B,iOS
9961,click,2023-01-28 09:00:47,B,iOS
966,view,2023-01-28 20:56:15,B,Android
8393,view,2023-01-28 17:28:40,B,Android
6563,registration,2023-01-28 10:39:25,A,iOS
7227,view,2023-01-28 03:14:31,B,Android
6456,click,2023-01-28 04:08:14,B,Android
6862,registration,2023-01-28 19:50:59,B,Android
2093,click,2023-01-28 16:16:41,B,iOS
4570,view,2023-01-28 19:36:05,B,Android
2219,click,2023-01-28 22:21:48,B,iOS
4311,view,2023-01-28 04:54:24,B,Android
4230,purchase,2023-01-28 01:30:57,A,Android
7971,click,2023-01-28 08:24:01,B,iOS
6230,purchase,2023-01-28 22:33:39,A,iOS
2228,registration,2023-01-28 18:09:46,B,Android
6415,purchase,2023-01-28 01:17:35,A,iOS
3188,view,2023-01-28 07:56:02,A,iOS
3888,registration,2023-01-28 08:49:16,B,Android
6018,registration,2023-01-28 16:18:27,B,Android
3815,view,2023-01-28 17:09:38,A,iOS
1904,view,2023-01-28 23:39:02,A,iOS
8936,view,2023-01-28 01:21:44,A,iOS
500,view,2023-01-28 14:03:57,B,iOS
4225,view,2023-01-28 14:46:12,A,Android
5766,view,2023-01-28 09:04:20,A,Android
1718,registration,2023-01-28 08:25:44,A,iOS
9009,view,2023-01-28 14:30:20,A,iOS
7001,view,2023-01-28 02:49:27,B,Android
1943,view,2023-01-28 08:58:48,A,Android
7939,purchase,2023-01-28 02:13:18,A,Android
3007,registration,2023-01-28 12:12:54,B,iOS
2790,view,2023-01-28 07:50:44,B,Android
1405,view,2023-01-28 11:37:46,B,Android
1560,view,2023-01-28 22:55:44,B,iOS
7829,click,2023-01-28 14:47:53,B,iOS
6224,view,2023-01-28 06:52:22,B,iOS
7984,view,2023-01-28 12:08:43,B,iOS
6085,view,2023-01-28 22:39:06,A,iOS
3406,click,2023-01-28 13:38:19,B,iOS
4469,click,2023-01-28 19:17:31,A,iOS
2468,view,2023-01-28 16:21:16,A,iOS
2475,purchase,2023-01-28 06:29:17,B,Android
2771,view,2023-01-28 09:06:32,A,Android
3550,view,2023-01-28 01:57:11,A,iOS
4903,registration,2023-01-28 20:42:26,A,Android
8208,click,2023-01-28 00:24:29,A,Android
6207,view,2023-01-28 05:06:27,B,Android
6285,view,2023-01-28 20:35:24,B,iOS
9046,view,2023-01-28 04:04:54,B,Android
7647,click,2023-01-28 02:39:21,A,iOS
9627,view,2023-01-28 02:19:22,B,Android
7068,purchase,2023-01-28 21:43:36,A,Android
7764,click,2023-01-28 13:05:02,A,Android
9050,click,2023-01-28 15:23:49,A,iOS
5835,purchase,2023-01-28 11:53:25,B,Android
1625,view,2023-01-28 19:24:42,B,iOS
2501,click,2023-01-28 08:58:55,B,iOS
9985,click,2023-01-28 00:15:21,B,iOS
4519,click,2023-01-28 22:39:28,B,Android
6332,click,2023-01-28 04:01:01,A,iOS
7733,registration,2023-01-28 06:37:15,A,Android
457,click,2023-01-28 10:02:04,A,Android
515,click,2023-01-28 09:55:09,A,iOS
6021,click,2023-01-28 03:33:54,A,Android
3015,click,2023-01-28 11:34:58,A,iOS
7991,view,2023-01-28 04:38:37,B,iOS
8372,view,2023-01-28 15:33:25,B,iOS
5948,registration,2023-01-28 06:59:03,A,iOS
341,click,2023-01-28 10:25:26,B,iOS
8306,click,2023-01-28 14:07:58,A,iOS
4864,registration,2023-01-28 13:49:59,A,Android
4874,click,2023-01-28 11:24:37,B,iOS
5583,click,2023-01-28 21:45:37,B,iOS
2887,view,2023-01-28 09:18:17,B,Android
571,registration,2023-01-28 10:23:00,B,Android
5422,registration,2023-01-28 05:26:57,A,Android
3645,registration,2023-01-28 08:28:30,B,iOS
8403,view,2023-01-28 17:52:02,B,Android
1478,click,2023-01-28 15:08:00,A,iOS
3506,click,2023-01-28 05:09:46,A,iOS
7007,registration,2023-01-28 04:24:06,A,iOS
8319,click,2023-01-28 03:54:06,A,iOS
515,click,2023-01-28 02:18:01,A,iOS
613,click,2023-01-28 19:18:20,A,Android
1260,view,2023-01-28 13:32:26,A,iOS
7980,purchase,2023-01-28 08:00:33,A,Android
8225,click,2023-01-28 09:05:24,A,Android
4482,click,2023-01-28 11:45:13,B,Android
7453,click,2023-01-28 23:57:51,A,Android
2791,click,2023-01-28 00:28:22,A,iOS
5862,click,2023-01-28 20:23:19,A,Android
8354,view,2023-01-28 03:44:03,B,iOS
82,purchase,2023-01-28 19:00:54,B,iOS
4007,view,2023-01-28 14:18:05,B,iOS
7525,registration,2023-01-28 03:02:17,A,iOS
7292,registration,2023-01-28 07:55:39,A,Android
5684,purchase,2023-01-28 15:15:32,A,Android
7569,click,2023-01-28 07:34:01,B,Android
8506,purchase,2023-01-28 10:31:18,A,iOS
7240,purchase,2023-01-28 20:18:10,B,Android
6316,click,2023-01-28 13:40:49,B,Android
8538,view,2023-01-28 13:53:40,B,iOS
5650,click,2023-01-28 04:45:41,A,Android
2220,view,2023-01-28 00:42:22,A,iOS
276,click,2023-01-28 15:28:54,B,iOS
6549,purchase,2023-01-28 22:49:17,B,iOS
9194,purchase,2023-01-28 12:02:27,B,Android
4427,view,2023-01-28 18:08:51,A,iOS
6826,registration,2023-01-28 15:56:10,B,iOS
1149,registration,2023-01-28 09:53:13,A,Android
4935,click,2023-01-28 06:49:23,B,Android
463,click,2023-01-28 09:39:50,B,Android
5732,registration,2023-01-28 02:37:52,A,Android
831,view,2023-01-28 01:32:53,B,iOS
5853,click,2023-01-28 09:49:58,A,Android
7581,click,2023-01-28 20:00:32,B,Android
2864,registration,2023-01-28 11:39:57,B,iOS
8731,click,2023-01-28 03:18:21,A,Android
4202,view,2023-01-28 02:48:53,A,Android
8931,click,2023-01-28 12:36:32,B,Android
6406,click,2023-01-28 23:42:19,B,iOS
8860,click,2023-01-28 02:20:27,B,iOS
5918,view,2023-01-28 09:13:29,B,iOS
8888,click,2023-01-28 17:45:42,B,Android
4988,view,2023-01-28 13:00:38,B,Android
7955,view,2023-01-28 01:40:15,A,iOS
8628,click,2023-01-28 00:58:53,B,Android
4146,purchase,2023-01-28 22:49:22,A,Android
6605,click,2023-01-28 10:12:49,B,Android
8217,registration,2023-01-28 15:36:49,B,Android
2954,registration,2023-01-28 22:21:16,A,iOS
7146,view,2023-01-28 16:18:07,B,Android
4254,view,2023-01-28 06:48:46,A,iOS
9762,click,2023-01-28 05:09:36,B,iOS
5350,click,2023-01-28 22:12:55,B,Android
4875,click,2023-01-28 10:13:38,B,iOS
7067,click,2023-01-28 06:12:48,A,Android
1877,purchase,2023-01-28 22:47:17,A,Android
7985,click,2023-01-28 14:29:16,A,iOS
3533,click,2023-01-28 21:20:38,B,Android
4282,view,2023-01-28 10:49:17,B,Android
9414,view,2023-01-28 23:32:53,A,iOS
2300,view,2023-01-28 22:14:10,A,Android
760,click,2023-01-28 11:11:18,A,Android
3477,purchase,2023-01-28 06:02:31,A,iOS
2086,click,2023-01-28 19:58:38,B,iOS
7044,purchase,2023-01-28 06:30:49,B,iOS
8102,click,2023-01-28 11:52:13,A,Android
2064,click,2023-01-28 23:07:41,B,Android
9093,click,2023-01-28 11:11:50,B,Android
1140,view,2023-01-28 09:48:40,B,iOS
804,view,2023-01-28 09:55:25,A,Android
2514,click,2023-01-28 06:52:04,A,Android
1381,click,2023-01-28 11:47:27,A,iOS
593,click,2023-01-28 15:33:04,A,Android
5817,click,2023-01-28 22:29:24,A,iOS
5705,view,2023-01-28 01:02:22,B,Android
9719,registration,2023-01-28 06:35:43,A,iOS
3096,click,2023-01-28 16:55:47,B,iOS
8455,click,2023-01-28 05:29:32,B,Android
5295,view,2023-01-28 01:36:02,A,iOS
6351,view,2023-01-28 10:45:41,B,iOS
3449,registration,2023-01-28 01:03:04,A,iOS
2187,registration,2023-01-28 03:56:23,A,Android
7911,click,2023-01-28 18:37:29,A,Android
6888,click,2023-01-28 07:45:00,A,iOS
1016,purchase,2023-01-28 02:45:05,A,Android
2989,view,2023-01-28 22:01:07,A,iOS
7948,view,2023-01-28 10:27:07,A,iOS
1056,view,2023-01-28 12:49:36,A,iOS
5442,view,2023-01-28 18:11:13,A,iOS
1027,view,2023-01-28 15:57:14,B,iOS
1307,registration,2023-01-28 12:52:11,A,iOS
8904,view,2023-01-28 23:23:24,A,Android
973,view,2023-01-28 15:13:56,B,iOS
8190,purchase,2023-01-28 02:00:59,B,Android
473,click,2023-01-28 05:36:43,B,Android
5575,click,2023-01-28 13:42:47,A,iOS
5665,click,2023-01-28 12:22:26,A,iOS
796,registration,2023-01-28 23:13:41,B,Android
515,view,2023-01-28 13:14:54,A,iOS
2634,registration,2023-01-28 01:49:58,B,iOS
9544,registration,2023-01-28 08:07:22,B,iOS
9305,view,2023-01-28 22:20:39,A,iOS
6681,purchase,2023-01-28 05:30:18,B,iOS
8041,click,2023-01-28 15:50:58,B,Android
3543,click,2023-01-28 21:01:44,B,iOS
6022,registration,2023-01-28 09:10:12,A,Android
2227,click,2023-01-28 14:24:59,B,Android
312,click,2023-01-28 11:02:56,A,Android
7008,registration,2023-01-28 07:53:03,A,iOS
3493,click,2023-01-28 02:42:42,A,iOS
1810,view,2023-01-28 12:09:46,A,Android
3486,click,2023-01-28 17:22:47,A,iOS
9573,click,2023-01-28 01:43:26,B,Android
9121,purchase,2023-01-28 03:55:26,A,Android
7273,click,2023-01-28 15:16:35,B,Android
1551,registration,2023-01-28 00:20:55,B,iOS
5039,click,2023-01-28 17:51:48,A,Android
3256,view,2023-01-28 09:31:55,B,Android
146,view,2023-01-28 01:10:49,B,Android
8923,view,2023-01-28 09:46:04,A,Android
8966,view,2023-01-28 21:37:00,B,iOS
2978,view,2023-01-28 21:26:46,B,iOS
8732,registration,2023-01-28 06:35:32,A,iOS
487,purchase,2023-01-28 03:52:31,B,iOS
8700,click,2023-01-28 22:14:30,B,iOS
1009,click,2023-01-28 23:46:56,A,Android
414,registration,2023-01-28 15:14:38,A,iOS
6294,click,2023-01-28 13:13:11,B,iOS
7018,view,2023-01-28 22:26:02,B,Android
6594,purchase,2023-01-28 16:02:37,B,iOS
1853,view,2023-01-28 16:52:09,B,iOS
2476,view,2023-01-28 09:40:40,A,iOS
863,click,2023-01-28 13:38:32,B,Android
6481,click,2023-01-28 01:34:53,A,iOS
1313,purchase,2023-01-28 08:40:36,A,iOS
2125,click,2023-01-28 06:01:43,A,iOS
8309,click,2023-01-28 10:19:35,B,iOS
3262,registration,2023-01-28 04:12:29,B,Android
5283,view,2023-01-28 05:42:38,A,iOS
4718,registration,2023-01-28 07:21:18,B,Android
1472,view,2023-01-28 14:20:22,A,Android
4014,click,2023-01-28 01:01:15,B,iOS
9150,view,2023-01-28 01:07:54,A,iOS
7763,view,2023-01-28 18:54:15,A,iOS
2779,click,2023-01-28 22:28:09,B,iOS
7568,purchase,2023-01-28 14:33:18,B,Android
1388,click,2023-01-28 23:14:19,A,iOS
722,click,2023-01-28 00:06:17,A,iOS
2221,view,2023-01-28 08:57:04,A,Android
9848,registration,2023-01-28 10:52:07,A,Android
8624,purchase,2023-01-28 19:18:53,B,Android
9962,click,2023-01-28 22:21:24,A,Android
5741,purchase,2023-01-28 17:35:31,B,Android
7436,registration,2023-01-28 08:14:29,A,Android
8570,view,2023-01-28 21:14:59,A,iOS
2522,click,2023-01-28 16:05:54,B,iOS
4707,view,2023-01-28 19:12:47,A,Android
1501,view,2023-01-28 06:39:50,A,Android
9147,view,2023-01-28 23:19:49,B,Android
235,click,2023-01-28 07:27:24,B,iOS
9874,registration,2023-01-28 07:22:36,B,Android
3161,purchase,2023-01-28 23:24:38,B,Android
1622,click,2023-01-28 20:05:18,B,Android
6597,click,2023-01-28 22:20:36,A,iOS
3660,click,2023-01-28 04:13:39,A,iOS
1956,registration,2023-01-28 16:51:03,B,Android
4941,click,2023-01-28 00:01:07,B,Android
8445,registration,2023-01-28 05:12:14,B,Android
3329,click,2023-01-28 12:27:34,A,Android
9190,purchase,2023-01-28 03:53:13,B,iOS
7367,click,2023-01-28 05:37:58,A,Android
9634,click,2023-01-28 10:42:37,B,iOS
1358,click,2023-01-28 15:05:50,A,iOS
3821,registration,2023-01-28 18:42:43,A,iOS
1446,view,2023-01-28 01:48:59,A,iOS
2712,view,2023-01-28 06:57:04,B,Android
1611,click,2023-01-28 13:27:06,B,Android
3662,registration,2023-01-28 17:46:12,A,Android
4375,purchase,2023-01-28 05:30:59,B,iOS
7078,view,2023-01-28 19:01:52,A,iOS
4780,registration,2023-01-28 22:21:55,A,Android
8472,purchase,2023-01-28 14:26:25,A,iOS
1625,click,2023-01-28 23:09:59,B,iOS
2665,click,2023-01-28 20:00:41,B,Android
1744,view,2023-01-28 20:54:16,A,Android
551,click,2023-01-28 03:23:49,B,Android
4900,registration,2023-01-28 22:30:27,A,iOS
6482,click,2023-01-28 06:19:37,A,iOS
1937,view,2023-01-28 11:48:32,B,iOS
951,click,2023-01-28 04:08:59,A,iOS
1600,view,2023-01-28 03:22:04,B,Android
2924,click,2023-01-28 15:03:29,B,Android
8704,registration,2023-01-28 15:27:36,A,iOS
5822,click,2023-01-28 01:35:12,B,iOS
5544,registration,2023-01-28 02:48:44,B,iOS
7119,view,2023-01-28 09:44:02,A,Android
816,click,2023-01-28 15:25:41,A,iOS
4358,click,2023-01-28 11:35:53,A,Android
4785,registration,2023-01-28 20:07:36,A,Android
9864,click,2023-01-28 13:04:11,B,Android
8875,click,2023-01-28 19:39:49,A,iOS
4176,registration,2023-01-28 12:34:17,B,Android
7764,purchase,2023-01-28 02:50:00,A,Android
7259,click,2023-01-28 07:50:40,B,iOS
8122,registration,2023-01-28 10:12:28,B,Android
1250,registration,2023-01-28 21:56:32,B,Android
5818,registration,2023-01-28 06:33:03,A,iOS
812,click,2023-01-28 17:40:02,B,iOS
7263,click,2023-01-28 01:58:03,A,iOS
1968,registration,2023-01-28 22:08:13,A,iOS
3584,registration,2023-01-28 20:32:57,B,Android
9142,click,2023-01-28 15:01:56,B,iOS
4024,click,2023-01-28 15:15:48,B,iOS
752,view,2023-01-28 01:14:19,B,Android
6734,registration,2023-01-28 15:01:15,B,iOS
7060,click,2023-01-28 04:59:09,A,Android
3844,click,2023-01-28 04:17:51,A,iOS
3055,click,2023-01-28 05:10:41,A,Android
8298,click,2023-01-28 23:57:34,B,iOS
6076,view,2023-01-28 17:46:45,A,Android
4550,click,2023-01-28 10:27:23,B,Android
8253,click,2023-01-28 06:47:10,B,Android
4648,click,2023-01-28 15:18:27,B,Android
3165,view,2023-01-28 19:35:26,B,Android
4255,click,2023-01-28 00:30:49,A,iOS
1792,purchase,2023-01-28 17:42:30,A,iOS
7163,click,2023-01-28 20:54:15,A,iOS
9754,purchase,2023-01-28 23:15:07,B,iOS
7039,click,2023-01-28 17:40:58,B,iOS
5047,click,2023-01-28 18:39:26,A,Android
3874,click,2023-01-28 10:06:18,A,Android
697,purchase,2023-01-28 04:31:42,A,iOS
5364,registration,2023-01-28 23:08:30,B,Android
3180,registration,2023-01-28 08:26:08,A,iOS
114,click,2023-01-28 02:10:54,B,iOS
8475,click,2023-01-28 00:56:29,A,iOS
8186,purchase,2023-01-28 17:33:01,A,Android
1192,view,2023-01-28 22:31:07,B,Android
8384,registration,2023-01-28 00:05:12,B,iOS
1348,purchase,2023-01-28 21:24:45,A,Android
1983,registration,2023-01-28 14:56:41,A,iOS
7953,purchase,2023-01-28 10:08:53,A,iOS
1839,purchase,2023-01-28 11:29:20,A,Android
5878,view,2023-01-28 08:41:55,A,iOS
1779,view,2023-01-28 06:17:43,B,Android
3962,view,2023-01-28 19:31:22,A,iOS
6848,view,2023-01-28 21:21:17,A,iOS
6501,view,2023-01-28 23:24:27,B,iOS
4118,registration,2023-01-28 07:01:26,A,iOS
3361,registration,2023-01-28 11:13:26,A,iOS
6118,click,2023-01-28 04:45:05,B,Android
8237,registration,2023-01-28 01:47:25,A,iOS
2465,view,2023-01-28 15:43:43,B,Android
9842,registration,2023-01-28 22:58:20,B,iOS
3216,view,2023-01-28 04:38:28,B,iOS
7201,click,2023-01-28 12:06:19,B,iOS
4236,click,2023-01-28 13:03:43,B,iOS
697,click,2023-01-28 06:25:38,A,iOS
4982,view,2023-01-28 13:26:19,B,iOS
9795,click,2023-01-28 22:06:16,B,iOS
817,view,2023-01-28 10:45:07,B,Android
4513,registration,2023-01-28 14:33:20,B,Android
3061,click,2023-01-28 21:08:02,B,iOS
5537,click,2023-01-28 04:23:44,B,iOS
6556,purchase,2023-01-28 20:04:26,B,iOS
5795,registration,2023-01-28 11:50:45,A,iOS
887,click,2023-01-28 15:42:54,B,Android
3896,click,2023-01-28 01:04:49,B,Android
3921,click,2023-01-28 05:20:56,A,iOS
655,registration,2023-01-28 23:09:28,B,iOS
1302,view,2023-01-28 07:29:34,A,iOS
7551,click,2023-01-28 00:16:24,B,iOS
3499,click,2023-01-28 05:06:04,A,iOS
8879,registration,2023-01-28 06:33:18,B,iOS
65,click,2023-01-28 09:46:39,B,iOS
2926,view,2023-01-28 18:43:18,B,Android
8963,view,2023-01-28 02:44:13,B,Android
599,click,2023-01-28 22:40:55,A,iOS
7710,registration,2023-01-28 16:02:24,A,Android
2861,click,2023-01-28 04:26:39,B,Android
6581,purchase,2023-01-28 15:50:46,A,iOS
4152,view,2023-01-28 13:22:30,A,iOS
3635,click,2023-01-28 05:17:34,A,iOS
8790,click,2023-01-28 07:42:54,B,Android
9204,click,2023-01-28 00:44:56,A,Android
2048,click,2023-01-28 22:34:29,B,Android
6215,registration,2023-01-28 18:30:46,B,iOS
1861,click,2023-01-28 22:36:52,B,iOS
2124,registration,2023-01-28 13:38:00,A,Android
2582,registration,2023-01-28 22:25:03,B,Android
8484,click,2023-01-29 10:28:30,B,Android
2138,click,2023-01-29 00:15:53,A,iOS
1993,registration,2023-01-29 00:18:28,A,iOS
4111,click,2023-01-29 12:35:33,A,iOS
2304,click,2023-01-29 23:07:27,B,iOS
3236,registration,2023-01-29 00:59:47,A,Android
5627,registration,2023-01-29 22:08:02,A,iOS
8218,registration,2023-01-29 13:17:17,B,Android
7618,click,2023-01-29 08:46:07,A,Android
7043,purchase,2023-01-29 14:11:28,B,Android
225,click,2023-01-29 06:18:32,A,Android
212,click,2023-01-29 19:25:57,A,Android
3688,registration,2023-01-29 21:50:00,A,Android
52,click,2023-01-29 14:05:12,A,iOS
8102,registration,2023-01-29 18:10:00,A,Android
1931,click,2023-01-29 20:48:24,A,Android
7888,click,2023-01-29 03:23:18,A,iOS
7772,purchase,2023-01-29 06:57:32,A,Android
7239,view,2023-01-29 17:56:05,B,Android
8406,click,2023-01-29 01:09:27,B,iOS
4838,view,2023-01-29 02:31:27,B,iOS
7303,click,2023-01-29 06:47:28,B,iOS
1950,view,2023-01-29 19:17:40,A,iOS
4285,view,2023-01-29 07:34:49,B,Android
742,view,2023-01-29 16:03:37,A,Android
5058,click,2023-01-29 19:15:55,A,iOS
4949,click,2023-01-29 11:59:31,B,iOS
7097,purchase,2023-01-29 10:59:12,A,Android
9975,click,2023-01-29 13:43:03,B,Android
3572,click,2023-01-29 02:55:31,B,Android
9609,registration,2023-01-29 02:18:33,A,iOS
692,registration,2023-01-29 07:42:53,B,iOS
3529,click,2023-01-29 14:49:59,A,Android
3078,view,2023-01-29 17:09:18,B,Android
4989,click,2023-01-29 16:03:10,A,iOS
1666,click,2023-01-29 02:12:10,B,iOS
9354,registration,2023-01-29 08:54:05,A,iOS
814,purchase,2023-01-29 14:38:52,A,iOS
9387,registration,2023-01-29 12:04:38,B,Android
636,purchase,2023-01-29 17:57:00,B,Android
7493,view,2023-01-29 19:59:54,A,iOS
1200,click,2023-01-29 07:44:17,B,iOS
4011,registration,2023-01-29 03:27:39,B,Android
8947,click,2023-01-29 14:28:30,A,iOS
9771,registration,2023-01-29 15:29:23,B,Android
7582,purchase,2023-01-29 15:51:14,B,Android
8170,click,2023-01-29 15:32:41,B,Android
9458,view,2023-01-29 15:06:56,A,iOS
7836,registration,2023-01-29 08:44:14,A,iOS
9451,click,2023-01-29 12:16:47,A,Android
1740,view,2023-01-29 03:13:26,B,iOS
4123,purchase,2023-01-29 20:54:25,A,Android
623,view,2023-01-29 14:27:18,A,Android
5552,click,2023-01-29 23:57:01,B,iOS
5040,view,2023-01-29 22:42:19,A,iOS
138,click,2023-01-29 08:35:37,B,Android
7691,click,2023-01-29 09:24:29,B,iOS
2595,view,2023-01-29 07:49:59,A,Android
8081,registration,2023-01-29 11:28:54,A,Android
7781,view,2023-01-29 12:33:26,B,Android
6239,click,2023-01-29 05:01:48,A,iOS
1671,view,2023-01-29 00:40:10,B,iOS
7150,view,2023-01-29 01:23:22,B,iOS
2423,click,2023-01-29 18:10:42,A,Android
4449,click,2023-01-29 09:08:48,A,iOS
9331,view,2023-01-29 14:11:57,A,iOS
3150,purchase,2023-01-29 04:51:06,B,Android
7355,click,2023-01-29 01:48:11,A,iOS
8689,registration,2023-01-29 03:11:28,A,Android
6991,view,2023-01-29 22:40:58,B,iOS
5988,click,2023-01-29 09:53:02,A,iOS
1586,registration,2023-01-29 11:47:10,A,Android
246,view,2023-01-29 04:37:09,A,Android
2949,view,2023-01-29 23:13:00,B,iOS
6473,view,2023-01-29 01:00:17,B,iOS
6686,click,2023-01-29 01:30:08,B,Android
6410,purchase,2023-01-29 22:21:10,B,iOS
2167,view,2023-01-29 05:24:54,A,iOS
7251,view,2023-01-29 05:38:46,A,Android
1747,click,2023-01-29 15:39:42,B,Android
5309,registration,2023-01-29 03:43:46,A,Android
4932,view,2023-01-29 12:09:07,A,iOS
9925,purchase,2023-01-29 19:41:14,B,iOS
8549,view,2023-01-29 22:39:56,B,Android
5471,click,2023-01-29 14:49:44,B,iOS
7627,view,2023-01-29 13:08:53,B,Android
8693,click,2023-01-29 07:31:26,A,iOS
182,view,2023-01-29 15:27:39,B,iOS
1043,click,2023-01-29 13:04:56,B,iOS
3876,click,2023-01-29 01:00:43,B,Android
4041,registration,2023-01-29 05:44:32,B,iOS
117,registration,2023-01-29 09:53:44,B,iOS
8237,view,2023-01-29 04:41:47,A,iOS
2532,view,2023-01-29 15:09:56,A,Android
3080,click,2023-01-29 17:14:17,B,iOS
8857,click,2023-01-29 18:44:07,A,Android
277,registration,2023-01-29 00:13:50,B,iOS
5206,view,2023-01-29 21:19:58,A,iOS
7603,click,2023-01-29 03:25:18,B,iOS
4952,click,2023-01-29 17:11:05,B,iOS
5303,click,2023-01-29 12:00:26,B,iOS
3214,registration,2023-01-29 07:01:57,B,iOS
7474,registration,2023-01-29 14:14:03,A,iOS
267,click,2023-01-29 18:44:02,A,Android
447,view,2023-01-29 08:46:02,A,Android
7844,view,2023-01-29 23:36:57,B,iOS
152,registration,2023-01-29 13:53:04,B,iOS
1503,click,2023-01-29 19:59:14,A,iOS
1610,registration,2023-01-29 23:49:11,A,Android
9821,registration,2023-01-29 22:31:13,B,iOS
8095,click,2023-01-29 09:49:16,A,iOS
8928,click,2023-01-29 13:05:54,A,Android
6121,view,2023-01-29 14:36:41,A,iOS
1451,registration,2023-01-29 16:19:58,B,iOS
853,click,2023-01-29 00:02:13,B,Android
1256,view,2023-01-29 13:50:31,A,iOS
7382,registration,2023-01-29 05:11:28,A,Android
931,click,2023-01-29 11:00:30,A,iOS
2233,click,2023-01-29 19:22:57,B,iOS
476,click,2023-01-29 04:36:02,B,Android
7952,view,2023-01-29 09:30:29,A,iOS
9607,registration,2023-01-29 04:33:38,B,iOS
8217,view,2023-01-29 15:38:29,B,Android
1798,click,2023-01-29 07:09:07,A,Android
8529,purchase,2023-01-29 03:35:30,A,Android
7954,click,2023-01-29 03:36:54,A,Android
8035,click,2023-01-29 22:20:21,B,Android
9567,view,2023-01-29 05:22:34,A,iOS
9843,click,2023-01-29 16:01:07,B,iOS
6105,registration,2023-01-29 16:42:53,B,Android
9814,click,2023-01-29 17:11:33,A,Android
4403,purchase,2023-01-29 15:12:24,A,Android
9988,click,2023-01-29 13:23:44,B,Android
207,purchase,2023-01-29 10:19:28,A,Android
853,registration,2023-01-29 20:16:56,B,Android
5183,click,2023-01-29 06:36:16,B,iOS
9962,view,2023-01-29 15:50:28,A,Android
9042,click,2023-01-29 06:21:01,A,iOS
7797,click,2023-01-29 08:05:17,B,Android
2990,click,2023-01-29 15:59:56,A,iOS
3475,click,2023-01-29 00:20:00,B,iOS
2830,view,2023-01-29 20:34:58,A,iOS
70,registration,2023-01-29 04:53:59,B,iOS
5931,click,2023-01-29 00:40:04,A,iOS
5978,purchase,2023-01-29 23:52:27,B,iOS
906,registration,2023-01-29 21:00:11,A,Android
4317,registration,2023-01-29 20:28:02,A,iOS
5805,click,2023-01-29 04:31:31,A,Android
1330,registration,2023-01-29 00:37:59,A,Android
6004,purchase,2023-01-29 15:34:21,A,iOS
8959,click,2023-01-29 08:51:04,A,Android
5520,click,2023-01-29 06:37:03,B,iOS
9487,purchase,2023-01-29 13:09:17,B,iOS
701,view,2023-01-29 07:09:57,B,iOS
6674,click,2023-01-29 17:51:57,A,iOS
6047,view,2023-01-29 20:05:11,B,iOS
4252,click,2023-01-29 09:14:24,B,Android
4981,click,2023-01-29 11:50:40,B,Android
6921,click,2023-01-29 01:12:42,A,iOS
3265,purchase,2023-01-29 17:59:50,A,iOS
6055,view,2023-01-29 04:58:05,A,Android
307,view,2023-01-29 04:28:17,A,Android
2435,registration,2023-01-29 09:13:11,A,iOS
7142,click,2023-01-29 08:23:03,A,Android
6363,view,2023-01-29 16:24:13,A,Android
2300,click,2023-01-29 13:12:40,A,Android
1935,purchase,2023-01-29 10:03:01,A,Android
9659,click,2023-01-29 16:27:30,B,Android
625,view,2023-01-29 00:58:37,A,Android
1367,registration,2023-01-29 05:37:34,B,iOS
1590,view,2023-01-29 02:31:27,A,iOS
7518,view,2023-01-29 21:09:38,A,Android
6751,view,2023-01-29 09:37:13,B,iOS
4402,click,2023-01-29 22:05:48,B,iOS
6137,registration,2023-01-29 15:12:24,A,Android
4236,click,2023-01-29 00:37:47,B,iOS
8832,view,2023-01-29 13:03:45,A,iOS
755,registration,2023-01-29 12:55:24,B,iOS
650,click,2023-01-29 19:14:05,B,Android
903,view,2023-01-29 21:16:24,A,Android
5819,registration,2023-01-29 13:00:39,A,iOS
5493,click,2023-01-29 06:06:47,A,Android
3105,registration,2023-01-29 20:03:40,B,iOS
1455,click,2023-01-29 02:09:22,A,iOS
8055,click,2023-01-29 05:18:06,A,iOS
9323,view,2023-01-29 09:13:09,B,iOS
4627,click,2023-01-29 01:30:08,B,Android
271,purchase,2023-01-29 22:26:16,B,Android
4276,click,2023-01-29 04:53:53,B,iOS
6370,view,2023-01-29 13:47:19,B,iOS
7326,click,2023-01-29 08:30:09,B,iOS
1396,click,2023-01-29 20:48:56,A,Android
3092,registration,2023-01-29 09:08:09,B,iOS
7861,view,2023-01-29 06:18:34,A,Android
2668,view,2023-01-29 07:22:46,A,iOS
7635,click,2023-01-29 23:34:24,A,iOS
5693,registration,2023-01-29 17:45:55,A,iOS
4715,click,2023-01-29 09:10:37,B,iOS
7517,purchase,2023-01-29 05:19:01,A,Android
1458,view,2023-01-29 12:26:25,B,iOS
5792,click,2023-01-29 21:21:24,A,iOS
8106,click,2023-01-29 22:58:02,A,iOS
2726,click,2023-01-29 13:23:01,B,iOS
8566,view,2023-01-29 16:31:19,B,iOS
535,purchase,2023-01-29 21:35:50,B,Android
5869,click,2023-01-29 14:46:30,A,Android
5537,click,2023-01-29 12:38:52,B,iOS
4881,click,2023-01-29 14:57:26,A,Android
7489,registration,2023-01-29 09:48:39,A,iOS
427,view,2023-01-29 14:44:08,B,Android
7763,view,2023-01-29 09:08:12,A,iOS
3755,view,2023-01-29 06:56:08,B,iOS
2491,click,2023-01-29 03:47:11,A,iOS
7366,view,2023-01-29 05:00:25,B,Android
2453,click,2023-01-29 20:59:15,A,Android
4015,click,2023-01-29 16:24:21,B,iOS
78,registration,2023-01-29 06:06:21,A,iOS
4397,registration,2023-01-29 12:58:57,A,iOS
3879,registration,2023-01-29 23:09:13,A,iOS
7168,purchase,2023-01-29 00:00:00,A,iOS
1590,view,2023-01-29 21:31:58,A,iOS
1978,purchase,2023-01-29 07:22:32,A,Android
6832,view,2023-01-29 07:41:26,B,iOS
8333,purchase,2023-01-29 10:32:23,B,Android
4065,click,2023-01-29 22:02:33,B,iOS
5657,view,2023-01-29 07:33:44,A,Android
9244,click,2023-01-29 12:06:18,B,Android
7086,view,2023-01-29 10:08:45,A,iOS
6396,click,2023-01-29 23:58:46,A,iOS
7787,view,2023-01-29 22:11:14,A,Android
7322,view,2023-01-29 19:49:42,B,Android
2056,click,2023-01-29 12:07:38,B,Android
5340,view,2023-01-29 22:00:35,B,iOS
8947,view,2023-01-29 22:15:17,A,iOS
2221,registration,2023-01-29 14:04:38,A,Android
8789,registration,2023-01-29 17:20:18,B,Android
963,click,2023-01-29 02:05:02,B,iOS
5406,registration,2023-01-29 22:36:49,B,iOS
8327,click,2023-01-29 15:08:07,A,iOS
6549,view,2023-01-29 22:58:48,B,iOS
3749,registration,2023-01-29 10:31:26,A,Android
8362,purchase,2023-01-29 03:53:30,B,Android
7005,view,2023-01-29 16:16:07,B,iOS
2219,click,2023-01-29 20:19:54,B,iOS
893,click,2023-01-29 16:26:34,A,iOS
2232,registration,2023-01-29 01:33:57,B,iOS
7585,view,2023-01-29 03:12:17,A,iOS
491,purchase,2023-01-29 08:47:48,A,Android
1413,registration,2023-01-29 06:20:41,A,iOS
4722,view,2023-01-29 04:07:38,B,Android
9711,registration,2023-01-29 14:04:25,B,iOS
4477,click,2023-01-29 21:36:05,A,iOS
48,click,2023-01-29 06:00:39,B,Android
582,click,2023-01-29 11:24:54,A,iOS
7578,registration,2023-01-29 16:17:41,A,iOS
67,click,2023-01-29 06:02:32,B,Android
8235,view,2023-01-29 22:50:20,B,Android
5305,view,2023-01-29 19:36:35,B,Android
9989,registration,2023-01-29 21:51:50,A,iOS
1708,click,2023-01-29 04:24:24,B,iOS
7078,registration,2023-01-29 11:53:43,A,iOS
4560,registration,2023-01-29 03:31:22,A,iOS
9865,click,2023-01-29 16:56:29,A,Android
4697,view,2023-01-29 00:08:17,B,iOS
1967,purchase,2023-01-29 17:56:22,A,Android
8611,view,2023-01-29 12:15:23,A,iOS
9818,click,2023-01-29 17:06:52,B,iOS
7361,registration,2023-01-29 06:50:42,A,iOS
4206,view,2023-01-29 19:33:13,A,Android
4413,click,2023-01-29 05:12:36,A,Android
6426,click,2023-01-29 05:18:49,A,Android
8004,view,2023-01-29 06:45:28,A,Android
8029,click,2023-01-29 15:48:06,B,Android
3914,view,2023-01-29 05:02:17,A,Android
9584,click,2023-01-29 16:42:28,B,iOS
8487,purchase,2023-01-29 00:54:22,B,Android
5162,click,2023-01-29 08:10:45,A,Android
4270,click,2023-01-29 20:49:28,A,Android
6934,click,2023-01-29 15:24:51,A,iOS
3302,click,2023-01-29 01:54:33,B,Android
9613,click,2023-01-29 03:17:08,A,Android
3709,click,2023-01-29 23:04:49,A,iOS
2258,click,2023-01-29 07:57:16,B,iOS
2916,click,2023-01-29 20:58:10,A,iOS
7899,registration,2023-01-29 15:14:56,A,Android
3233,view,2023-01-29 13:53:26,A,iOS
1129,registration,2023-01-29 23:36:40,A,Android
3895,registration,2023-01-29 14:50:22,B,Android
4389,purchase,2023-01-29 11:14:42,A,Android
8493,view,2023-01-29 09:34:11,B,Android
4751,view,2023-01-29 03:20:42,A,iOS
2295,click,2023-01-29 00:34:26,B,iOS
767,click,2023-01-29 18:26:34,A,Android
1362,view,2023-01-29 05:33:03,A,Android
5544,click,2023-01-29 16:31:45,B,iOS
6402,click,2023-01-29 08:07:29,A,iOS
1662,click,2023-01-29 06:59:00,A,iOS
5030,registration,2023-01-29 00:29:39,B,Android
1133,registration,2023-01-29 05:20:31,B,Android
1897,view,2023-01-29 07:35:54,B,iOS
4671,registration,2023-01-29 19:22:49,B,iOS
4992,click,2023-01-29 12:57:05,B,Android
6037,click,2023-01-29 06:55:21,A,iOS
2930,click,2023-01-29 17:31:35,A,Android
8012,view,2023-01-29 08:28:39,A,iOS
2006,click,2023-01-29 01:26:40,B,Android
2193,click,2023-01-29 13:46:16,A,Android
2564,purchase,2023-01-29 22:25:14,A,iOS
2599,click,2023-01-29 02:18:44,B,iOS
1262,view,2023-01-29 14:18:23,A,iOS
7543,view,2023-01-29 12:07:45,A,Android
6744,view,2023-01-29 13:13:39,B,Android
6813,click,2023-01-29 07:05:31,A,Android
2729,registration,2023-01-29 11:15:36,A,Android
8060,view,2023-01-29 23:59:09,B,Android
6847,click,2023-01-29 08:05:38,B,Android
2039,view,2023-01-29 23:25:16,B,iOS
2444,purchase,2023-01-29 05:45:48,A,iOS
3036,click,2023-01-29 23:41:07,B,Android
4644,registration,2023-01-29 13:21:54,A,Android
3406,purchase,2023-01-29 10:04:01,B,iOS
757,click,2023-01-29 09:16:19,B,Android
3525,purchase,2023-01-29 19:04:59,B,Android
4418,view,2023-01-29 07:12:52,B,Android
8627,click,2023-01-29 15:54:30,A,iOS
1636,click,2023-01-29 23:00:10,B,iOS
3400,click,2023-01-29 17:24:03,B,Android
3839,view,2023-01-29 04:23:06,A,iOS
2851,view,2023-01-29 15:32:07,B,Android
6978,click,2023-01-29 14:16:16,B,Android
4439,registration,2023-01-29 20:43:11,B,Android
9487,view,2023-01-29 04:45:06,B,iOS
3219,click,2023-01-29 07:20:47,B,iOS
718,purchase,2023-01-29 01:23:49,B,iOS
9953,view,2023-01-29 18:03:20,A,iOS
8950,click,2023-01-29 14:13:13,A,iOS
7674,click,2023-01-29 03:04:43,A,Android
8252,view,2023-01-29 13:29:31,B,Android
4319,view,2023-01-29 23:15:30,B,Android
7610,view,2023-01-29 08:23:56,A,Android
7559,purchase,2023-01-29 00:57:45,A,Android
5048,click,2023-01-29 20:50:33,A,Android
6320,click,2023-01-29 01:37:17,B,Android
8966,purchase,2023-01-29 05:59:12,B,iOS
1109,registration,2023-01-29 21:12:35,B,Android
2492,click,2023-01-29 22:35:22,A,iOS
8405,click,2023-01-29 03:45:31,A,iOS
6838,purchase,2023-01-29 21:39:09,A,iOS
8796,registration,2023-01-29 13:28:06,A,Android
4148,click,2023-01-29 17:38:42,B,Android
3076,purchase,2023-01-29 20:09:18,B,iOS
3583,registration,2023-01-29 09:38:40,A,Android
2059,click,2023-01-29 09:56:30,A,Android
4435,view,2023-01-29 11:26:50,A,iOS
345,registration,2023-01-29 17:43:38,B,iOS
8314,view,2023-01-29 13:42:18,A,Android
7978,view,2023-01-29 01:38:07,A,iOS
6022,registration,2023-01-29 17:10:25,A,Android
1189,purchase,2023-01-29 23:50:10,B,iOS
2890,click,2023-01-29 21:48:58,B,iOS
2126,view,2023-01-29 20:01:27,B,iOS
8418,registration,2023-01-29 22:00:20,B,iOS
7237,registration,2023-01-29 15:39:40,A,iOS
498,click,2023-01-29 09:23:00,A,Android
5647,click,2023-01-29 15:50:27,A,Android
6597,registration,2023-01-29 09:23:46,A,iOS
1714,view,2023-01-29 06:26:15,A,Android
4774,click,2023-01-29 15:31:47,A,iOS
3245,click,2023-01-29 16:22:30,B,Android
7657,click,2023-01-29 16:55:26,B,Android
5491,registration,2023-01-29 09:33:36,A,iOS
4153,view,2023-01-29 05:42:54,A,iOS
3229,purchase,2023-01-29 20:48:01,B,iOS
8311,view,2023-01-29 07:18:10,B,iOS
766,click,2023-01-29 08:22:49,A,iOS
6183,view,2023-01-29 03:30:33,B,iOS
7697,registration,2023-01-29 10:42:16,B,iOS
4577,click,2023-01-29 06:45:14,B,iOS
7156,click,2023-01-29 15:50:35,B,Android
8269,click,2023-01-29 18:55:09,B,iOS
3832,view,2023-01-29 07:21:23,A,Android
4265,view,2023-01-29 06:46:07,A,iOS
7019,purchase,2023-01-29 19:56:57,A,iOS
1972,click,2023-01-29 03:32:51,B,Android
8426,click,2023-01-29 08:13:51,A,Android
8537,click,2023-01-29 21:44:38,B,iOS
4134,view,2023-01-29 16:23:02,B,iOS
5297,click,2023-01-29 16:48:57,A,iOS
3414,click,2023-01-29 02:16:35,B,Android
6679,click,2023-01-29 02:30:56,B,iOS
6706,view,2023-01-29 09:35:34,B,iOS
477,click,2023-01-29 19:22:30,A,iOS
8388,click,2023-01-29 10:50:00,B,Android
5384,click,2023-01-29 19:53:20,B,Android
3280,registration,2023-01-29 14:59:44,B,Android
7823,click,2023-01-29 03:50:15,A,iOS
1693,click,2023-01-29 10:08:09,B,iOS
4765,click,2023-01-29 00:23:28,A,iOS
4873,registration,2023-01-29 16:32:41,B,iOS
5976,click,2023-01-29 19:18:27,A,iOS
2981,view,2023-01-29 14:20:44,A,iOS
2881,click,2023-01-29 15:18:08,A,iOS
2214,registration,2023-01-29 05:04:38,B,Android
5091,click,2023-01-29 12:44:27,B,iOS
1153,view,2023-01-29 10:32:53,B,Android
5227,view,2023-01-29 19:15:52,A,Android
8154,click,2023-01-29 21:09:22,A,Android
2244,click,2023-01-29 12:44:32,A,Android
3250,view,2023-01-29 00:44:36,B,Android
9148,purchase,2023-01-29 03:48:39,A,Android
7671,click,2023-01-29 10:46:07,B,Android
5959,click,2023-01-29 01:32:20,A,Android
6661,purchase,2023-01-29 09:54:32,B,iOS
1376,view,2023-01-29 08:21:30,A,iOS
4133,registration,2023-01-29 05:05:42,A,iOS
3291,registration,2023-01-29 10:50:28,A,Android
4440,purchase,2023-01-29 20:50:06,A,Android
7189,view,2023-01-29 21:59:38,B,iOS
9036,click,2023-01-29 07:41:25,A,iOS
9179,view,2023-01-29 23:15:17,B,Android
3292,purchase,2023-01-29 22:12:50,A,Android
2276,view,2023-01-29 13:19:25,B,Android
2339,click,2023-01-29 00:36:23,A,Android
6270,registration,2023-01-29 15:04:30,B,iOS
4951,click,2023-01-29 08:04:38,B,Android
5216,view,2023-01-29 19:08:49,A,iOS
4967,click,2023-01-29 20:58:35,A,Android
3066,registration,2023-01-29 14:42:44,A,Android
2762,view,2023-01-29 10:30:36,B,Android
5096,click,2023-01-29 19:42:07,A,iOS
7939,click,2023-01-29 19:38:03,A,Android
3911,click,2023-01-29 06:07:23,A,Android
2972,click,2023-01-29 09:41:51,B,iOS
2604,click,2023-01-29 14:27:28,B,iOS
3800,view,2023-01-29 09:05:56,A,iOS
1392,view,2023-01-29 22:02:18,B,Android
1189,view,2023-01-29 04:49:25,B,iOS
9067,click,2023-01-29 11:36:01,B,iOS
4887,click,2023-01-29 00:58:28,A,Android
7103,click,2023-01-29 04:15:12,A,Android
9071,registration,2023-01-29 01:12:02,A,Android
5960,click,2023-01-29 16:41:51,B,iOS
282,view,2023-01-29 06:40:55,A,Android
1419,registration,2023-01-29 02:12:12,A,Android
9416,view,2023-01-29 01:11:22,A,iOS
9260,click,2023-01-29 22:56:07,B,Android
3593,purchase,2023-01-29 14:24:32,A,iOS
3762,click,2023-01-29 03:54:32,B,iOS
3861,purchase,2023-01-29 20:34:55,B,Android
8847,click,2023-01-29 15:45:45,A,Android
8814,click,2023-01-29 09:55:34,A,iOS
3756,click,2023-01-29 17:40:21,A,Android
4416,click,2023-01-29 14:45:38,B,Android
9426,registration,2023-01-29 03:31:08,B,Android
8999,registration,2023-01-29 03:27:07,A,Android
8215,registration,2023-01-29 04:55:18,B,iOS
6316,registration,2023-01-29 17:05:05,B,Android
6515,click,2023-01-29 01:19:40,B,iOS
957,registration,2023-01-29 07:05:52,A,Android
6814,click,2023-01-29 15:43:27,B,Android
9515,click,2023-01-29 20:40:26,B,iOS
9652,click,2023-01-29 20:02:14,B,iOS
1507,registration,2023-01-29 22:35:07,A,iOS
325,click,2023-01-29 06:45:50,A,iOS
2388,click,2023-01-29 08:40:20,A,iOS
7857,registration,2023-01-29 02:41:33,B,iOS
8325,click,2023-01-29 01:24:59,B,Android
4922,registration,2023-01-29 02:47:43,B,Android
3120,view,2023-01-29 21:58:09,B,iOS
684,click,2023-01-29 10:58:45,B,iOS
816,click,2023-01-29 23:58:39,A,iOS
5078,purchase,2023-01-29 06:08:00,B,iOS
7220,registration,2023-01-29 20:48:04,A,iOS
9074,view,2023-01-29 14:04:35,B,Android
9296,purchase,2023-01-29 03:04:41,A,Android
2624,click,2023-01-29 09:07:39,B,Android
2466,click,2023-01-29 19:45:21,B,Android
4308,view,2023-01-29 15:55:50,A,Android
5174,view,2023-01-29 20:29:08,B,iOS
5840,view,2023-01-29 06:39:20,A,iOS
1107,view,2023-01-29 23:24:39,B,iOS
8933,view,2023-01-29 00:28:05,B,Android
9519,click,2023-01-29 06:48:40,B,iOS
8025,click,2023-01-29 12:00:08,B,iOS
9672,click,2023-01-29 09:25:49,A,iOS
6107,view,2023-01-29 14:28:18,A,Android
7228,click,2023-01-29 04:37:35,A,Android
1214,view,2023-01-29 01:05:43,A,iOS
4748,click,2023-01-29 07:49:05,A,Android
5252,view,2023-01-29 08:55:01,B,iOS
3945,click,2023-01-29 15:03:41,B,iOS
7433,registration,2023-01-29 23:54:00,A,Android
4564,registration,2023-01-29 22:41:50,B,iOS
1403,view,2023-01-29 15:46:34,A,iOS
7295,click,2023-01-29 18:56:56,A,iOS
4758,click,2023-01-29 21:14:51,B,Android
6186,click,2023-01-29 17:09:08,A,Android
9333,registration,2023-01-29 01:41:27,A,Android
2331,registration,2023-01-29 12:51:15,B,Android
8484,view,2023-01-29 01:17:51,B,Android
2818,click,2023-01-29 18:51:05,B,iOS
9067,purchase,2023-01-29 19:19:34,B,iOS
7380,view,2023-01-29 10:55:43,A,iOS
4253,click,2023-01-29 20:49:02,A,Android
3962,registration,2023-01-29 05:24:31,A,iOS
7681,view,2023-01-29 03:00:53,B,iOS
2418,click,2023-01-29 00:44:33,A,iOS
3842,click,2023-01-29 23:36:45,A,Android
9301,click,2023-01-29 17:53:34,A,iOS
662,click,2023-01-29 10:05:23,A,Android
6784,click,2023-01-29 14:37:19,B,iOS
5423,click,2023-01-29 13:03:12,B,Android
2363,registration,2023-01-29 22:45:36,B,Android
4266,click,2023-01-29 23:01:51,B,iOS
2050,view,2023-01-29 03:55:57,B,Android
8234,click,2023-01-29 05:55:09,B,iOS
2019,registration,2023-01-29 17:41:23,A,iOS
2313,click,2023-01-29 10:18:11,B,Android
5952,registration,2023-01-29 10:15:20,A,Android
8859,view,2023-01-29 15:45:07,A,iOS
1081,registration,2023-01-29 00:57:37,A,Android
4414,view,2023-01-29 11:33:06,A,iOS
513,view,2023-01-29 01:10:27,A,Android
3144,view,2023-01-29 09:52:10,B,Android
7117,click,2023-01-29 14:25:55,A,iOS
2576,click,2023-01-29 18:57:17,A,iOS
5630,registration,2023-01-29 18:48:37,B,Android
8521,click,2023-01-29 22:25:40,A,iOS
9636,view,2023-01-29 09:05:47,B,iOS
4465,view,2023-01-29 15:49:32,A,iOS
7379,click,2023-01-29 20:13:16,B,Android
6901,click,2023-01-29 12:14:33,A,Android
6401,view,2023-01-29 20:05:51,B,Android
3056,registration,2023-01-29 09:08:22,B,Android
3746,click,2023-01-29 21:07:09,A,Android
426,view,2023-01-29 08:56:06,B,Android
9753,click,2023-01-29 20:35:12,A,iOS
6281,click,2023-01-29 10:11:57,A,iOS
6630,click,2023-01-29 19:59:35,B,Android
6419,registration,2023-01-29 11:02:39,A,Android
6481,registration,2023-01-29 05:11:04,A,iOS
7339,view,2023-01-29 13:07:53,B,iOS
3971,click,2023-01-29 03:44:23,B,iOS
8675,click,2023-01-29 23:57:21,A,Android
5633,registration,2023-01-29 00:32:55,B,Android
978,view,2023-01-29 21:21:16,A,iOS
1983,registration,2023-01-29 17:23:03,A,iOS
5560,click,2023-01-29 19:27:45,A,iOS
6515,click,2023-01-29 01:34:37,B,iOS
3995,click,2023-01-29 09:08:29,A,iOS
1703,view,2023-01-29 21:26:17,B,iOS
1337,view,2023-01-29 23:19:26,B,iOS
4818,click,2023-01-29 09:13:24,A,iOS
2276,registration,2023-01-29 12:02:52,B,Android
607,view,2023-01-29 21:42:16,A,Android
1465,click,2023-01-29 17:25:19,B,iOS
3598,purchase,2023-01-29 18:43:43,B,iOS
9502,click,2023-01-29 00:27:25,A,iOS
5567,registration,2023-01-29 03:43:12,B,Android
5817,click,2023-01-29 00:31:32,A,iOS
3246,click,2023-01-29 07:24:04,A,iOS
5575,click,2023-01-29 21:18:57,A,iOS
3299,registration,2023-01-29 23:05:14,B,iOS
2907,click,2023-01-29 12:32:14,B,Android
6746,click,2023-01-29 15:40:52,A,Android
1706,view,2023-01-29 12:45:12,A,iOS
8057,click,2023-01-29 21:23:20,B,Android
6236,view,2023-01-29 07:56:46,A,Android
35,click,2023-01-29 21:37:56,A,Android
8637,view,2023-01-29 17:56:41,A,iOS
8064,registration,2023-01-29 09:08:10,B,iOS
6140,view,2023-01-29 11:10:18,B,Android
4878,purchase,2023-01-29 15:28:53,A,Android
3834,registration,2023-01-29 06:33:33,B,Android
4530,view,2023-01-29 19:50:11,B,iOS
5651,click,2023-01-29 00:48:22,A,iOS
886,view,2023-01-29 19:19:46,B,iOS
71,click,2023-01-29 21:50:20,A,iOS
2732,registration,2023-01-29 16:41:28,B,iOS
8877,click,2023-01-29 18:08:54,A,iOS
4542,registration,2023-01-29 09:44:31,B,iOS
3723,view,2023-01-29 10:59:03,B,Android
1459,view,2023-01-29 09:47:36,A,Android
1460,view,2023-01-29 01:17:30,B,Android
4604,click,2023-01-29 22:02:25,B,iOS
8374,click,2023-01-29 22:36:01,B,Android
6146,view,2023-01-29 09:50:14,A,Android
2857,click,2023-01-29 10:46:53,A,iOS
4818,click,2023-01-29 11:58:51,A,iOS
3599,purchase,2023-01-29 17:06:41,A,iOS
2902,click,2023-01-29 20:38:58,B,Android
741,click,2023-01-29 16:18:28,A,iOS
7561,click,2023-01-29 10:57:34,B,Android
6005,view,2023-01-29 08:00:07,A,iOS
5895,view,2023-01-29 13:24:00,A,Android
5180,purchase,2023-01-29 21:57:18,B,Android
4221,registration,2023-01-29 11:14:49,B,Android
5790,registration,2023-01-29 11:20:00,A,Android
1036,registration,2023-01-29 11:48:08,A,iOS
542,click,2023-01-29 05:06:34,A,Android
4304,purchase,2023-01-29 03:17:53,B,iOS
1467,purchase,2023-01-29 10:15:56,B,iOS
120,view,2023-01-29 13:02:44,B,Android
7737,click,2023-01-29 14:09:49,A,iOS
477,registration,2023-01-29 11:21:35,A,iOS
2468,view,2023-01-29 15:43:01,A,iOS
1671,click,2023-01-29 01:40:24,B,iOS
6457,registration,2023-01-29 20:35:04,B,iOS
2812,purchase,2023-01-29 04:41:00,B,iOS
6368,click,2023-01-29 09:24:08,A,Android
9625,view,2023-01-29 01:46:07,A,Android
3099,view,2023-01-29 08:10:35,A,iOS
7486,view,2023-01-29 23:46:17,B,iOS
7428,view,2023-01-29 21:33:50,A,iOS
8265,view,2023-01-29 03:31:11,A,iOS
6596,click,2023-01-29 20:08:05,A,iOS
8316,registration,2023-01-29 22:26:43,B,iOS
2715,click,2023-01-29 06:50:08,B,Android
9593,purchase,2023-01-29 13:46:40,B,iOS
8910,view,2023-01-29 10:16:32,B,iOS
2162,registration,2023-01-29 16:02:31,A,iOS
2922,purchase,2023-01-29 14:56:43,B,Android
801,purchase,2023-01-29 18:31:16,B,Android
1662,purchase,2023-01-29 05:17:39,A,iOS
925,purchase,2023-01-29 14:35:56,B,iOS
7007,click,2023-01-29 23:16:03,A,iOS
5856,click,2023-01-29 14:18:39,B,iOS
1388,click,2023-01-29 13:39:25,A,iOS
3699,purchase,2023-01-29 13:10:22,A,iOS
3528,view,2023-01-29 21:42:38,A,iOS
4329,registration,2023-01-29 21:05:00,B,Android
8551,registration,2023-01-29 18:31:51,A,iOS
7149,registration,2023-01-29 06:45:33,A,Android
9614,click,2023-01-29 15:12:04,A,Android
2292,click,2023-01-29 02:45:10,A,Android
8863,view,2023-01-29 14:42:02,A,Android
327,click,2023-01-29 05:25:36,A,Android
6400,click,2023-01-29 23:07:55,B,Android
7065,click,2023-01-29 08:56:08,A,iOS
2265,view,2023-01-29 14:23:38,B,iOS
4788,click,2023-01-29 12:06:19,B,Android
2373,purchase,2023-01-29 16:48:00,A,Android
1029,registration,2023-01-29 19:40:12,B,iOS
1244,registration,2023-01-29 02:37:06,A,iOS
9554,registration,2023-01-29 14:20:24,B,Android
2955,registration,2023-01-29 20:38:35,B,Android
2869,click,2023-01-29 14:36:36,A,Android
2647,registration,2023-01-29 05:37:30,A,iOS
4161,registration,2023-01-29 21:10:34,B,Android
6700,click,2023-01-29 10:59:40,A,iOS
9663,view,2023-01-29 05:43:45,A,Android
7295,registration,2023-01-29 22:43:28,A,iOS
2036,purchase,2023-01-29 23:20:00,A,iOS
1626,click,2023-01-29 08:55:42,B,Android
7469,view,2023-01-29 16:15:57,A,iOS
4754,view,2023-01-29 11:47:02,A,iOS
5017,view,2023-01-29 06:14:31,A,iOS
5211,click,2023-01-29 02:04:29,B,iOS
6967,click,2023-01-29 02:44:50,A,iOS
114,click,2023-01-29 11:12:48,B,iOS
8451,view,2023-01-29 19:09:47,B,Android
9492,view,2023-01-29 05:28:03,A,iOS
1609,view,2023-01-29 09:51:50,A,iOS
6949,registration,2023-01-29 02:23:02,A,iOS
1676,view,2023-01-29 22:28:03,B,Android
7334,click,2023-01-29 13:02:46,A,Android
1207,click,2023-01-29 15:28:40,A,Android
4866,click,2023-01-29 22:13:39,A,iOS
2210,click,2023-01-29 21:13:50,A,iOS
8370,click,2023-01-29 12:40:33,B,Android
1047,click,2023-01-29 22:17:39,A,Android
1706,click,2023-01-29 07:33:33,A,iOS
5111,view,2023-01-29 09:55:30,B,iOS
2054,registration,2023-01-29 19:14:18,A,Android
8439,click,2023-01-29 15:34:48,A,iOS
206,click,2023-01-29 07:46:37,B,iOS
8087,click,2023-01-29 21:18:27,B,Android
441,registration,2023-01-29 02:27:20,B,Android
5904,registration,2023-01-29 21:28:57,A,Android
753,click,2023-01-29 04:48:04,A,Android
8284,click,2023-01-29 12:03:15,A,Android
7814,view,2023-01-29 09:51:09,A,Android
8597,click,2023-01-29 11:16:35,B,iOS
1894,click,2023-01-29 22:29:34,A,Android
2325,view,2023-01-29 12:21:09,A,iOS
1490,click,2023-01-29 11:46:44,A,iOS
3110,view,2023-01-29 01:20:15,A,Android
7975,click,2023-01-29 11:50:09,B,iOS
8970,view,2023-01-29 06:35:44,B,iOS
5504,click,2023-01-29 19:19:57,A,Android
1408,click,2023-01-29 21:03:52,A,Android
453,registration,2023-01-29 15:10:55,A,Android
2021,registration,2023-01-29 01:33:48,A,Android
8593,registration,2023-01-29 11:31:14,B,Android
586,click,2023-01-29 21:02:30,A,Android
5742,click,2023-01-29 11:55:13,A,Android
1029,click,2023-01-29 07:08:55,B,iOS
2887,click,2023-01-29 05:04:37,B,Android
3682,click,2023-01-29 11:29:11,B,Android
6335,view,2023-01-29 18:33:15,A,Android
4514,view,2023-01-29 09:33:34,A,iOS
6210,click,2023-01-29 23:56:52,B,iOS
3211,view,2023-01-29 05:50:50,A,iOS
4698,click,2023-01-29 16:47:05,A,iOS
5102,purchase,2023-01-29 09:45:55,A,Android
3487,registration,2023-01-29 15:43:02,B,Android
5272,view,2023-01-29 12:19:50,B,iOS
8111,registration,2023-01-29 08:00:13,A,iOS
2693,view,2023-01-29 16:01:23,B,iOS
474,registration,2023-01-29 17:04:22,B,iOS
4375,click,2023-01-30 13:59:56,B,iOS
1930,view,2023-01-30 05:45:17,A,iOS
5373,click,2023-01-30 12:31:58,A,Android
5431,click,2023-01-30 15:14:48,B,iOS
2859,click,2023-01-30 23:31:51,A,iOS
4030,click,2023-01-30 23:00:41,B,iOS
9215,purchase,2023-01-30 22:16:41,B,iOS
6501,click,2023-01-30 17:25:49,B,iOS
929,click,2023-01-30 01:33:19,B,Android
8791,registration,2023-01-30 00:21:58,B,iOS
6691,click,2023-01-30 23:00:03,B,iOS
7645,view,2023-01-30 09:05:09,A,iOS
5964,click,2023-01-30 07:33:31,A,iOS
9502,click,2023-01-30 23:57:33,A,iOS
9041,view,2023-01-30 20:16:54,A,iOS
4782,view,2023-01-30 21:55:47,A,iOS
4234,click,2023-01-30 22:05:37,B,Android
7615,click,2023-01-30 01:56:47,B,Android
187,registration,2023-01-30 12:01:59,A,Android
3259,click,2023-01-30 17:48:09,B,Android
9605,click,2023-01-30 15:30:56,B,iOS
4027,view,2023-01-30 06:42:49,B,iOS
8514,click,2023-01-30 20:28:34,B,iOS
7840,view,2023-01-30 07:54:00,B,Android
670,view,2023-01-30 20:34:25,A,iOS
4299,click,2023-01-30 06:55:04,A,Android
1443,view,2023-01-30 06:03:12,A,Android
750,view,2023-01-30 01:46:42,B,iOS
1706,click,2023-01-30 07:49:09,A,iOS
2777,click,2023-01-30 06:07:23,A,Android
2787,purchase,2023-01-30 01:25:40,B,iOS
3821,view,2023-01-30 22:13:32,A,iOS
5099,click,2023-01-30 17:34:22,B,Android
7049,click,2023-01-30 11:39:07,A,Android
7183,click,2023-01-30 09:44:19,B,iOS
5782,registration,2023-01-30 21:42:10,B,iOS
5129,purchase,2023-01-30 01:45:38,B,iOS
9264,click,2023-01-30 00:40:59,B,iOS
4236,click,2023-01-30 05:44:21,B,iOS
6153,purchase,2023-01-30 17:50:35,A,iOS
8241,registration,2023-01-30 17:36:11,B,iOS
1935,click,2023-01-30 17:51:30,A,Android
8416,registration,2023-01-30 01:22:54,B,Android
7936,view,2023-01-30 00:48:32,A,iOS
8249,click,2023-01-30 13:55:52,B,Android
9211,registration,2023-01-30 07:25:52,A,Android
3384,click,2023-01-30 09:13:40,B,Android
373,view,2023-01-30 21:07:39,B,Android
7048,registration,2023-01-30 07:08:14,A,Android
323,view,2023-01-30 18:02:38,A,Android
8336,click,2023-01-30 01:36:02,B,iOS
515,click,2023-01-30 16:58:09,A,iOS
8965,click,2023-01-30 07:15:26,A,Android
7354,purchase,2023-01-30 16:15:09,A,Android
4642,click,2023-01-30 07:01:23,A,Android
1029,click,2023-01-30 01:32:47,B,iOS
6648,registration,2023-01-30 16:33:02,A,iOS
2494,purchase,2023-01-30 06:30:37,B,iOS
484,registration,2023-01-30 05:12:56,B,iOS
1441,purchase,2023-01-30 16:04:08,A,iOS
4646,view,2023-01-30 05:18:13,A,Android
8071,view,2023-01-30 23:19:24,A,Android
1935,purchase,2023-01-30 19:34:35,A,Android
9680,click,2023-01-30 19:53:28,A,Android
4184,view,2023-01-30 18:10:57,B,iOS
9618,click,2023-01-30 18:44:16,B,Android
2628,view,2023-01-30 03:03:05,A,iOS
4504,click,2023-01-30 03:36:49,B,iOS
3170,registration,2023-01-30 21:10:28,A,Android
8032,click,2023-01-30 02:11:23,A,Android
8903,view,2023-01-30 18:08:57,B,Android
2889,click,2023-01-30 14:21:11,B,iOS
1753,click,2023-01-30 03:59:41,B,iOS
9725,view,2023-01-30 14:39:57,B,iOS
8408,click,2023-01-30 12:23:55,A,iOS
4520,view,2023-01-30 01:45:29,A,Android
9635,click,2023-01-30 08:56:31,B,Android
5166,click,2023-01-30 08:13:33,A,Android
5159,click,2023-01-30 12:39:25,A,Android
1451,click,2023-01-30 02:26:51,B,iOS
490,registration,2023-01-30 09:09:04,A,iOS
4473,view,2023-01-30 06:13:15,B,Android
1646,registration,2023-01-30 12:50:36,A,Android
8492,registration,2023-01-30 14:54:42,A,iOS
8340,registration,2023-01-30 05:19:56,A,Android
17,view,2023-01-30 13:30:09,B,iOS
2193,view,2023-01-30 21:23:09,A,Android
494,view,2023-01-30 06:59:50,B,Android
4456,view,2023-01-30 08:45:41,A,iOS
6251,registration,2023-01-30 09:57:36,B,iOS
7116,view,2023-01-30 04:23:17,B,Android
3935,click,2023-01-30 12:31:15,B,Android
1322,view,2023-01-30 20:24:21,B,Android
4927,purchase,2023-01-30 17:46:24,A,iOS
384,registration,2023-01-30 20:09:42,B,iOS
5334,registration,2023-01-30 00:15:46,B,iOS
4549,click,2023-01-30 04:27:04,B,iOS
3017,click,2023-01-30 05:22:29,B,Android
7719,view,2023-01-30 14:01:26,B,iOS
792,click,2023-01-30 15:10:27,A,Android
9433,click,2023-01-30 05:17:24,B,Android
7536,view,2023-01-30 02:22:28,A,iOS
4527,click,2023-01-30 08:44:16,B,iOS
5995,click,2023-01-30 14:19:16,A,iOS
3409,click,2023-01-30 19:19:52,A,iOS
8588,registration,2023-01-30 19:22:09,B,iOS
660,click,2023-01-30 00:03:52,B,iOS
5642,view,2023-01-30 03:54:52,B,Android
1874,purchase,2023-01-30 16:10:52,B,Android
9921,registration,2023-01-30 22:01:58,B,iOS
7027,click,2023-01-30 16:24:33,A,Android
9265,click,2023-01-30 20:49:59,B,iOS
9875,view,2023-01-30 15:07:24,B,Android
4762,click,2023-01-30 14:04:44,B,Android
7330,purchase,2023-01-30 14:24:25,A,Android
1019,view,2023-01-30 02:05:14,B,Android
2969,click,2023-01-30 02:34:58,B,iOS
9307,registration,2023-01-30 15:46:20,B,Android
9214,click,2023-01-30 06:53:06,B,iOS
7309,view,2023-01-30 09:00:40,B,iOS
8728,registration,2023-01-30 11:34:09,A,Android
5028,registration,2023-01-30 11:36:40,A,Android
6482,click,2023-01-30 07:00:19,A,iOS
1147,click,2023-01-30 22:44:01,B,iOS
216,click,2023-01-30 15:41:26,A,Android
1222,purchase,2023-01-30 15:35:24,A,Android
6506,view,2023-01-30 23:07:45,B,iOS
5996,purchase,2023-01-30 09:41:09,B,Android
2295,click,2023-01-30 05:43:04,B,iOS
4243,view,2023-01-30 14:45:27,B,iOS
2140,registration,2023-01-30 01:38:51,A,Android
8740,registration,2023-01-30 08:30:54,A,Android
9884,view,2023-01-30 14:46:26,A,Android
9327,click,2023-01-30 00:11:03,B,iOS
2834,click,2023-01-30 11:43:02,A,iOS
415,view,2023-01-30 04:14:28,B,Android
6334,click,2023-01-30 00:27:10,A,Android
7447,registration,2023-01-30 22:47:32,A,Android
3471,view,2023-01-30 02:12:47,B,iOS
4419,view,2023-01-30 15:44:23,A,iOS
9613,view,2023-01-30 21:34:17,A,Android
994,view,2023-01-30 06:26:55,B,Android
2085,purchase,2023-01-30 10:06:19,A,Android
7353,registration,2023-01-30 14:48:36,A,iOS
9818,click,2023-01-30 17:53:01,B,iOS
4027,view,2023-01-30 09:27:43,B,iOS
6301,click,2023-01-30 13:43:05,B,Android
2559,registration,2023-01-30 06:26:04,B,iOS
8610,click,2023-01-30 23:48:09,A,iOS
614,registration,2023-01-30 08:12:41,B,iOS
7260,click,2023-01-30 05:40:27,A,Android
5179,view,2023-01-30 09:43:47,B,iOS
6050,view,2023-01-30 12:25:50,A,iOS
8563,click,2023-01-30 04:03:17,B,Android
4459,click,2023-01-30 23:09:29,A,Android
4087,view,2023-01-30 02:48:58,A,Android
4600,click,2023-01-30 03:25:01,B,Android
5134,purchase,2023-01-30 03:27:34,A,Android
5860,registration,2023-01-30 01:39:40,A,Android
6540,click,2023-01-30 12:34:38,A,iOS
1116,registration,2023-01-30 17:40:13,A,iOS
1529,view,2023-01-30 02:16:20,A,Android
4083,click,2023-01-30 12:44:23,A,Android
4113,registration,2023-01-30 03:03:14,A,iOS
2803,registration,2023-01-30 14:46:51,A,iOS
8143,click,2023-01-30 13:55:33,B,Android
6921,registration,2023-01-30 07:37:00,A,iOS
5037,click,2023-01-30 19:40:18,B,Android
8343,view,2023-01-30 03:35:05,A,iOS
8048,click,2023-01-30 05:13:46,B,Android
620,click,2023-01-30 10:59:41,A,Android
8734,view,2023-01-30 19:33:44,A,iOS
3227,view,2023-01-30 10:03:35,A,iOS
595,view,2023-01-30 16:41:19,B,iOS
4226,click,2023-01-30 14:21:10,A,iOS
2699,view,2023-01-30 17:34:33,A,Android
6289,click,2023-01-30 11:50:25,A,Android
1453,click,2023-01-30 14:53:35,A,Android
3095,click,2023-01-30 02:01:41,A,Android
8248,registration,2023-01-30 13:12:39,A,iOS
6607,click,2023-01-30 23:26:30,A,Android
2579,registration,2023-01-30 22:52:45,A,iOS
5636,click,2023-01-30 04:53:42,A,iOS
7973,registration,2023-01-30 22:00:42,A,iOS
4531,view,2023-01-30 03:24:11,B,Android
8613,click,2023-01-30 12:49:10,B,iOS
984,purchase,2023-01-30 21:24:38,B,iOS
2368,view,2023-01-30 00:18:40,A,Android
4151,click,2023-01-30 06:00:01,B,iOS
787,click,2023-01-30 16:51:42,A,Android
8205,click,2023-01-30 04:36:30,A,iOS
3157,click,2023-01-30 08:28:07,B,iOS
2803,registration,2023-01-30 20:28:03,A,iOS
5400,click,2023-01-30 23:03:08,B,iOS
2683,registration,2023-01-30 05:03:36,A,iOS
2610,click,2023-01-30 06:05:13,B,iOS
735,view,2023-01-30 01:48:34,A,Android
9622,view,2023-01-30 17:57:57,A,Android
9339,registration,2023-01-30 00:45:57,B,Android
1336,view,2023-01-30 14:46:21,B,Android
2424,click,2023-01-30 15:14:21,A,iOS
4339,registration,2023-01-30 21:58:28,B,Android
2982,registration,2023-01-30 19:36:10,A,iOS
7141,click,2023-01-30 14:53:26,B,Android
8735,click,2023-01-30 02:53:17,A,Android
7989,registration,2023-01-30 17:15:44,B,Android
6438,view,2023-01-30 14:27:34,A,Android
4447,view,2023-01-30 07:38:38,A,iOS
3897,view,2023-01-30 22:48:18,A,Android
5173,registration,2023-01-30 22:44:20,A,iOS
6735,registration,2023-01-30 20:27:14,B,Android
5684,view,2023-01-30 20:21:18,A,Android
7419,view,2023-01-30 20:51:24,B,Android
2405,purchase,2023-01-30 22:50:25,B,Android
6377,purchase,2023-01-30 10:55:05,A,iOS
8113,registration,2023-01-30 01:41:11,A,iOS
3943,click,2023-01-30 07:56:27,B,iOS
2474,click,2023-01-30 17:53:00,A,iOS
2264,click,2023-01-30 04:01:03,A,iOS
2508,view,2023-01-30 08:47:29,A,Android
3032,click,2023-01-30 20:05:43,A,iOS
9754,view,2023-01-30 12:39:00,B,iOS
7607,click,2023-01-30 16:57:20,A,Android
4952,purchase,2023-01-30 16:30:08,B,iOS
5061,registration,2023-01-30 03:01:15,A,Android
8890,click,2023-01-30 09:26:34,A,iOS
3952,click,2023-01-30 16:25:14,B,Android
6280,click,2023-01-30 22:55:04,A,iOS
1577,click,2023-01-30 06:23:03,B,Android
1637,click,2023-01-30 21:28:26,A,Android
9943,click,2023-01-30 00:06:14,A,Android
6681,purchase,2023-01-30 02:51:16,B,iOS
5971,click,2023-01-30 19:23:23,B,Android
8562,view,2023-01-30 06:35:31,A,Android
2408,view,2023-01-30 01:59:43,B,iOS
7796,purchase,2023-01-30 04:07:39,B,iOS
4899,view,2023-01-30 19:06:49,A,iOS
9804,view,2023-01-30 17:18:56,B,Android
4614,view,2023-01-30 03:24:30,B,Android
3129,click,2023-01-30 19:35:57,B,iOS
8026,view,2023-01-30 08:17:45,B,Android
2391,click,2023-01-30 01:47:49,A,iOS
9159,click,2023-01-30 16:24:09,B,Android
4935,purchase,2023-01-30 08:29:16,B,Android
3345,view,2023-01-30 18:02:54,B,Android
6152,click,2023-01-30 19:37:48,A,iOS
3888,click,2023-01-30 15:31:05,B,Android
4917,registration,2023-01-30 00:39:54,A,Android
1905,click,2023-01-30 10:31:29,B,Android
954,registration,2023-01-30 07:32:23,A,iOS
3960,view,2023-01-30 13:06:32,A,iOS
2606,registration,2023-01-30 04:39:58,A,Android
2400,click,2023-01-30 09:41:43,A,iOS
6906,view,2023-01-30 17:35:54,A,Android
3413,view,2023-01-30 18:57:18,B,iOS
3593,view,2023-01-30 07:18:57,A,iOS
5330,click,2023-01-30 00:43:26,B,Android
2613,click,2023-01-30 13:02:51,B,Android
9004,view,2023-01-30 05:15:22,B,Android
5482,click,2023-01-30 19:55:10,A,Android
2057,click,2023-01-30 08:50:13,B,Android
8693,registration,2023-01-30 14:22:49,A,iOS
2884,view,2023-01-30 03:00:46,A,iOS
4100,view,2023-01-30 01:17:03,B,Android
682,click,2023-01-30 10:16:49,B,iOS
5503,click,2023-01-30 20:16:25,A,Android
48,view,2023-01-30 23:24:58,B,Android
6974,view,2023-01-30 18:52:16,A,iOS
6030,registration,2023-01-30 16:11:22,B,Android
4471,view,2023-01-30 21:54:34,B,iOS
9789,view,2023-01-30 15:27:07,B,Android
5473,click,2023-01-30 13:09:05,B,iOS
8296,click,2023-01-30 05:10:53,B,Android
8715,click,2023-01-30 07:30:52,B,iOS
2174,view,2023-01-30 02:47:18,A,Android
1594,purchase,2023-01-30 20:27:42,B,iOS
6135,click,2023-01-30 16:58:14,A,iOS
1962,purchase,2023-01-30 16:35:39,A,iOS
6130,registration,2023-01-30 02:43:00,B,Android
3380,click,2023-01-30 16:25:12,A,Android
1776,purchase,2023-01-30 07:23:27,A,Android
4684,view,2023-01-30 17:50:19,B,Android
4143,view,2023-01-30 13:31:35,A,iOS
3576,registration,2023-01-30 04:35:39,B,Android
4414,click,2023-01-30 23:23:21,A,iOS
2800,click,2023-01-30 04:17:03,A,Android
7302,click,2023-01-30 21:18:32,A,iOS
4698,view,2023-01-30 11:51:59,A,iOS
3774,registration,2023-01-30 01:19:55,B,Android
9117,registration,2023-01-30 01:06:39,B,Android
1789,view,2023-01-30 16:36:52,B,Android
7514,purchase,2023-01-30 05:45:16,B,Android
5961,click,2023-01-30 17:13:41,B,iOS
1702,click,2023-01-30 19:58:48,A,iOS
9058,view,2023-01-30 00:32:03,B,iOS
7641,registration,2023-01-30 00:38:29,B,Android
6337,view,2023-01-30 18:05:39,B,iOS
3707,click,2023-01-30 12:29:28,A,Android
2129,view,2023-01-30 14:20:49,B,iOS
7637,registration,2023-01-30 11:25:23,A,Android
1643,registration,2023-01-30 05:10:23,B,Android
3269,registration,2023-01-30 03:20:46,B,iOS
3145,click,2023-01-30 15:59:12,B,Android
4799,purchase,2023-01-30 20:03:29,B,Android
524,view,2023-01-30 20:51:50,B,Android
4178,click,2023-01-30 00:31:39,B,iOS
8128,click,2023-01-30 23:40:04,A,Android
1608,click,2023-01-30 11:46:01,B,Android
5665,click,2023-01-30 07:02:28,A,iOS
3883,click,2023-01-30 15:57:18,A,iOS
5988,click,2023-01-30 04:03:42,A,iOS
6213,click,2023-01-30 07:21:47,B,Android
6453,view,2023-01-30 15:57:12,A,Android
228,click,2023-01-30 23:45:39,B,iOS
6470,click,2023-01-30 02:04:07,A,Android
6040,view,2023-01-30 04:47:15,B,iOS
9131,purchase,2023-01-30 23:42:44,A,Android
185,registration,2023-01-30 19:03:38,B,iOS
6488,registration,2023-01-30 17:09:29,A,iOS
6112,click,2023-01-30 07:00:07,A,iOS
4548,purchase,2023-01-30 19:35:41,B,Android
6362,click,2023-01-30 05:22:23,B,iOS
8258,click,2023-01-30 08:10:18,B,iOS
8290,view,2023-01-30 22:51:35,A,iOS
5958,registration,2023-01-30 04:32:17,A,iOS
284,view,2023-01-30 12:25:05,B,Android
465,view,2023-01-30 16:16:04,B,iOS
8962,view,2023-01-30 10:01:47,A,Android
5127,click,2023-01-30 14:15:52,A,Android
8921,view,2023-01-30 03:13:58,A,Android
2127,registration,2023-01-30 14:58:30,B,iOS
8570,click,2023-01-30 12:30:36,A,iOS
2264,view,2023-01-30 23:09:07,A,iOS
1667,click,2023-01-30 01:54:56,A,Android
2220,click,2023-01-30 09:16:28,A,iOS
2428,view,2023-01-30 01:00:45,B,Android
239,view,2023-01-30 18:23:00,A,iOS
1272,view,2023-01-30 20:31:48,B,iOS
4235,click,2023-01-30 15:07:10,B,iOS
2630,registration,2023-01-30 00:37:20,B,Android
6645,view,2023-01-30 07:24:33,A,Android
8112,registration,2023-01-30 22:41:28,A,iOS
1578,purchase,2023-01-30 22:24:00,B,iOS
5700,registration,2023-01-30 17:26:31,A,Android
5585,purchase,2023-01-30 09:21:20,B,Android
2173,registration,2023-01-30 09:12:37,A,Android
7610,registration,2023-01-30 10:32:07,A,Android
7967,purchase,2023-01-30 02:35:10,B,Android
6046,purchase,2023-01-30 04:00:24,A,iOS
6112,click,2023-01-30 10:49:13,A,iOS
552,purchase,2023-01-30 05:36:14,B,iOS
9561,view,2023-01-30 00:10:37,B,iOS
5510,click,2023-01-30 14:07:56,B,iOS
2445,click,2023-01-30 09:17:44,B,iOS
1761,click,2023-01-30 08:58:50,A,iOS
2838,view,2023-01-30 20:48:01,B,iOS
4544,view,2023-01-30 03:02:17,B,iOS
4973,click,2023-01-30 01:50:12,B,Android
9990,registration,2023-01-30 11:51:25,B,iOS
5584,view,2023-01-30 14:57:07,B,iOS
2988,registration,2023-01-30 16:26:43,A,Android
7502,click,2023-01-30 15:42:09,A,Android
2942,click,2023-01-30 13:15:53,A,iOS
3337,view,2023-01-30 13:20:35,A,Android
2524,view,2023-01-30 12:45:16,A,iOS
6926,registration,2023-01-30 10:56:43,B,iOS
1203,view,2023-01-30 12:10:11,A,iOS
9499,click,2023-01-30 23:54:43,A,iOS
2653,click,2023-01-30 19:25:47,B,Android
8695,click,2023-01-30 11:24:07,A,iOS
7242,click,2023-01-30 12:51:18,A,Android
922,registration,2023-01-30 16:16:19,B,Android
5061,view,2023-01-30 11:55:11,A,Android
5097,view,2023-01-30 07:51:38,B,Android
7672,click,2023-01-30 07:35:49,B,Android
8257,click,2023-01-30 01:54:26,B,Android
6029,view,2023-01-30 18:57:05,A,Android
2570,click,2023-01-30 15:53:30,A,iOS
3294,view,2023-01-30 09:04:08,A,Android
1912,registration,2023-01-30 00:20:55,B,Android
1720,click,2023-01-30 20:12:54,B,iOS
8680,registration,2023-01-30 13:42:34,B,iOS
8035,click,2023-01-30 15:50:40,B,Android
1957,click,2023-01-30 06:37:42,B,iOS
9353,click,2023-01-30 10:02:03,B,Android
8227,click,2023-01-30 10:19:32,B,Android
855,click,2023-01-30 15:44:23,A,iOS
154,purchase,2023-01-30 14:13:36,B,Android
1019,view,2023-01-30 01:11:14,B,Android
650,view,2023-01-30 20:00:03,B,Android
228,click,2023-01-30 18:45:57,B,iOS
5462,purchase,2023-01-30 17:41:21,B,iOS
4752,click,2023-01-30 02:39:42,B,iOS
2889,registration,2023-01-30 06:23:02,B,iOS
1906,view,2023-01-30 17:22:52,A,Android
3681,click,2023-01-30 18:03:09,B,Android
9317,view,2023-01-30 05:47:10,A,Android
9318,view,2023-01-30 02:25:36,B,iOS
900,purchase,2023-01-30 19:16:33,A,iOS
2192,purchase,2023-01-30 11:58:01,A,iOS
9852,click,2023-01-30 11:19:06,B,Android
9108,view,2023-01-30 21:16:40,B,iOS
6878,click,2023-01-30 16:02:51,B,Android
6757,view,2023-01-30 06:33:39,B,Android
7988,view,2023-01-30 03:19:55,A,Android
4255,registration,2023-01-30 08:34:16,A,iOS
8049,click,2023-01-30 12:51:04,B,iOS
863,registration,2023-01-30 00:38:11,B,Android
9301,view,2023-01-30 15:41:04,A,iOS
2895,registration,2023-01-30 03:09:42,B,iOS
2045,click,2023-01-30 19:40:04,A,iOS
7525,view,2023-01-30 20:32:18,A,iOS
6583,click,2023-01-30 00:32:56,A,iOS
2507,view,2023-01-30 21:19:18,A,iOS
6854,view,2023-01-30 23:25:50,B,iOS
1646,click,2023-01-30 09:52:10,A,Android
4990,view,2023-01-30 15:24:48,A,iOS
8624,view,2023-01-30 19:28:15,B,Android
4060,purchase,2023-01-30 03:42:51,B,iOS
3648,view,2023-01-30 12:44:13,A,Android
5204,view,2023-01-30 17:52:49,A,iOS
7029,click,2023-01-30 00:11:22,B,iOS
545,click,2023-01-30 14:31:36,B,iOS
3202,registration,2023-01-30 18:08:39,A,Android
4514,click,2023-01-30 06:52:22,A,iOS
3706,purchase,2023-01-30 16:41:30,B,iOS
3940,purchase,2023-01-30 23:42:09,B,iOS
2155,click,2023-01-30 08:19:29,B,Android
1572,view,2023-01-30 08:49:02,A,iOS
8400,view,2023-01-30 16:42:16,B,Android
8076,click,2023-01-30 10:28:21,B,Android
1165,click,2023-01-30 03:25:30,B,Android
7235,purchase,2023-01-30 22:02:29,B,Android
7974,click,2023-01-30 14:38:45,B,Android
1037,view,2023-01-30 11:38:00,A,Android
3814,purchase,2023-01-30 23:01:27,A,Android
6052,registration,2023-01-30 20:14:19,A,iOS
3779,click,2023-01-30 00:43:10,B,Android
8383,registration,2023-01-30 03:58:22,B,iOS
4269,purchase,2023-01-30 08:48:10,B,iOS
3133,click,2023-01-30 06:27:02,A,Android
6143,click,2023-01-30 18:13:01,A,Android
4883,view,2023-01-30 23:21:10,A,Android
7350,click,2023-01-30 13:08:46,A,iOS
7923,view,2023-01-30 23:40:33,A,iOS
7221,purchase,2023-01-30 15:43:15,A,iOS
1081,view,2023-01-30 14:15:00,A,Android
4401,purchase,2023-01-30 13:19:06,A,iOS
772,click,2023-01-30 21:11:44,A,iOS
4205,view,2023-01-30 14:49:37,B,Android
4511,registration,2023-01-30 05:19:46,A,iOS
1808,view,2023-01-30 07:12:32,B,iOS
720,click,2023-01-30 07:56:01,B,iOS
4690,click,2023-01-30 01:23:43,B,Android
3183,click,2023-01-30 03:21:39,A,Android
7478,click,2023-01-30 18:56:32,A,Android
4930,purchase,2023-01-30 19:11:44,A,Android
4674,purchase,2023-01-30 20:06:09,A,iOS
3785,view,2023-01-30 15:58:18,A,Android
845,view,2023-01-30 21:19:11,A,iOS
1023,registration,2023-01-30 14:12:08,B,Android
8993,view,2023-01-30 06:38:18,A,Android
4717,view,2023-01-30 05:42:52,B,Android
1340,click,2023-01-30 10:12:05,B,Android
5696,click,2023-01-30 04:13:20,A,iOS
2477,click,2023-01-30 10:04:57,B,Android
1697,view,2023-01-30 21:45:01,A,Android
2544,view,2023-01-30 08:42:01,A,iOS
6492,click,2023-01-30 11:35:16,A,Android
303,click,2023-01-30 11:38:23,A,iOS
2187,view,2023-01-30 02:40:47,A,Android
9409,purchase,2023-01-30 13:14:31,B,Android
5235,view,2023-01-30 04:59:16,A,Android
8598,purchase,2023-01-30 19:18:15,A,iOS
7944,click,2023-01-30 14:16:14,B,iOS
6502,view,2023-01-30 20:10:21,A,iOS
4113,click,2023-01-30 04:23:33,A,iOS
4232,click,2023-01-30 11:33:43,A,Android
9445,purchase,2023-01-30 10:48:03,A,Android
6551,purchase,2023-01-30 21:02:13,A,iOS
468,purchase,2023-01-30 20:34:00,B,Android
156,view,2023-01-30 20:16:09,A,iOS
4562,click,2023-01-30 01:53:49,B,Android
6730,registration,2023-01-30 00:23:34,B,iOS
8293,click,2023-01-30 00:15:37,B,iOS
8938,registration,2023-01-30 03:31:05,B,iOS
8081,click,2023-01-30 06:46:36,A,Android
1762,click,2023-01-30 18:04:45,A,Android
5668,view,2023-01-30 07:46:55,B,iOS
1679,view,2023-01-30 22:44:59,B,Android
143,click,2023-01-30 13:00:51,B,iOS
4084,view,2023-01-30 15:59:05,B,iOS
121,click,2023-01-30 09:01:28,B,iOS
2187,click,2023-01-30 18:17:59,A,Android
3428,registration,2023-01-30 06:48:01,B,Android
4738,registration,2023-01-30 00:22:30,B,Android
7200,click,2023-01-30 05:39:58,A,Android
9749,click,2023-01-30 15:26:08,A,Android
6498,view,2023-01-30 11:46:14,A,iOS
6022,registration,2023-01-30 13:40:11,A,Android
247,click,2023-01-30 19:22:42,A,Android
1431,purchase,2023-01-30 06:35:00,A,Android
4094,click,2023-01-30 08:38:59,A,Android
6979,registration,2023-01-30 08:10:26,A,Android
3461,registration,2023-01-30 16:55:36,A,iOS
2175,view,2023-01-30 18:27:27,B,iOS
637,purchase,2023-01-30 02:40:08,A,iOS
7339,click,2023-01-30 04:56:48,B,iOS
7278,click,2023-01-30 18:46:40,A,iOS
1774,click,2023-01-30 21:42:25,A,Android
283,click,2023-01-30 12:55:33,B,Android
8594,view,2023-01-30 04:54:43,A,Android
7375,view,2023-01-30 06:11:58,A,Android
2451,view,2023-01-30 17:13:55,B,Android
2500,registration,2023-01-30 16:32:29,A,iOS
3498,purchase,2023-01-30 22:03:47,B,iOS
1023,view,2023-01-30 02:54:40,B,Android
5519,click,2023-01-30 23:30:10,B,iOS
3090,view,2023-01-30 13:17:39,A,iOS
2012,purchase,2023-01-30 01:28:38,A,Android
2789,view,2023-01-30 23:34:32,A,iOS
8206,click,2023-01-30 08:58:39,B,Android
1956,registration,2023-01-30 03:53:13,B,Android
6739,click,2023-01-30 01:36:17,A,Android
6534,registration,2023-01-30 08:50:32,B,iOS
3951,view,2023-01-30 00:46:28,B,iOS
4989,registration,2023-01-30 01:11:10,A,iOS
5785,registration,2023-01-30 14:45:31,B,iOS
8329,click,2023-01-30 08:55:41,B,Android
4645,view,2023-01-30 10:03:32,A,iOS
7986,registration,2023-01-30 08:10:11,A,iOS
1494,click,2023-01-30 00:21:26,A,iOS
9364,click,2023-01-30 19:20:49,A,iOS
4696,registration,2023-01-30 04:26:35,A,iOS
2419,click,2023-01-30 06:37:51,B,Android
1971,click,2023-01-30 04:20:26,A,Android
1409,click,2023-01-30 00:02:06,A,iOS
3960,registration,2023-01-30 20:08:51,A,iOS
6295,purchase,2023-01-30 15:57:43,A,Android
4527,click,2023-01-30 11:35:19,B,iOS
7245,click,2023-01-30 21:45:44,A,Android
6862,click,2023-01-30 07:59:29,B,Android
4360,click,2023-01-30 23:06:06,A,iOS
2,purchase,2023-01-30 08:27:01,B,iOS
7016,view,2023-01-30 16:23:54,A,Android
140,view,2023-01-30 21:16:32,A,Android
7865,registration,2023-01-30 02:01:38,A,iOS
8048,view,2023-01-30 06:46:44,B,Android
1954,view,2023-01-30 18:41:49,B,Android
8475,purchase,2023-01-30 18:43:47,A,iOS
5090,click,2023-01-30 08:26:17,A,iOS
4637,purchase,2023-01-30 18:54:07,B,iOS
2388,purchase,2023-01-30 05:58:29,A,iOS
5173,click,2023-01-30 06:35:48,A,iOS
2555,registration,2023-01-30 02:55:28,A,iOS
4629,click,2023-01-30 22:15:50,A,Android
4264,purchase,2023-01-30 05:02:01,A,Android
3632,click,2023-01-30 04:24:37,A,iOS
1776,view,2023-01-30 14:40:48,A,Android
4624,click,2023-01-30 00:57:46,B,Android
1898,click,2023-01-30 09:28:58,A,iOS
8384,click,2023-01-30 14:51:50,B,iOS
7852,view,2023-01-30 00:22:18,A,Android
4144,view,2023-01-30 05:10:52,B,iOS
4115,click,2023-01-30 05:21:41,A,iOS
4886,purchase,2023-01-30 15:39:40,B,iOS
7477,click,2023-01-30 11:41:09,A,iOS
9052,click,2023-01-30 07:30:45,B,Android
8950,click,2023-01-30 10:57:21,A,iOS
5508,registration,2023-01-30 15:11:13,B,iOS
3492,click,2023-01-30 12:13:54,B,Android
4699,click,2023-01-30 04:08:00,A,Android
1924,purchase,2023-01-30 07:08:59,A,Android
354,registration,2023-01-30 13:59:53,A,iOS
5172,view,2023-01-30 23:26:49,A,iOS
9671,click,2023-01-30 18:48:18,B,Android
4503,click,2023-01-30 18:40:05,A,iOS
4164,click,2023-01-30 13:40:24,B,Android
6807,registration,2023-01-30 17:22:11,A,Android
3325,click,2023-01-30 01:02:11,B,iOS
768,view,2023-01-30 19:49:08,A,iOS
4525,view,2023-01-30 22:14:29,A,Android
4139,click,2023-01-30 17:57:00,B,Android
735,click,2023-01-30 10:43:36,A,Android
5404,registration,2023-01-30 13:38:31,A,iOS
7888,view,2023-01-30 14:01:39,A,iOS
2304,click,2023-01-30 08:50:36,B,iOS
5800,click,2023-01-30 01:57:04,A,iOS
7233,registration,2023-01-30 06:43:14,B,Android
44,registration,2023-01-30 04:41:16,B,Android
4301,purchase,2023-01-30 07:33:24,B,Android
5316,click,2023-01-30 16:28:23,B,Android
9747,view,2023-01-30 11:46:11,A,iOS
6732,click,2023-01-30 22:31:05,B,Android
5283,click,2023-01-30 23:26:26,A,iOS
2345,registration,2023-01-30 10:33:12,B,iOS
3504,view,2023-01-30 17:42:01,A,Android
5195,view,2023-01-30 19:32:54,A,iOS
1089,click,2023-01-30 23:51:05,A,iOS
9168,view,2023-01-30 04:46:10,A,iOS
6733,registration,2023-01-30 22:16:15,A,Android
8111,view,2023-01-30 11:12:24,A,iOS
8213,registration,2023-01-30 18:40:45,A,Android
8135,click,2023-01-30 22:34:45,B,iOS
459,click,2023-01-30 04:36:48,A,Android
5211,click,2023-01-30 18:19:59,B,iOS
8919,registration,2023-01-30 04:24:34,A,Android
359,registration,2023-01-30 03:15:06,B,Android
4021,registration,2023-01-30 10:49:58,B,Android
4544,view,2023-01-30 09:55:11,B,iOS
3009,registration,2023-01-30 17:25:45,B,iOS
9105,view,2023-01-30 18:48:49,A,Android
8499,purchase,2023-01-30 06:55:29,A,iOS
9174,registration,2023-01-30 15:42:44,A,iOS
6706,purchase,2023-01-30 06:57:03,B,iOS
5872,registration,2023-01-30 01:59:05,B,Android
2766,purchase,2023-01-30 19:50:22,B,iOS
2538,view,2023-01-30 07:47:37,B,iOS
8383,click,2023-01-30 15:20:18,B,iOS
3387,purchase,2023-01-30 16:21:19,A,iOS
5248,registration,2023-01-30 01:27:49,A,Android
210,view,2023-01-30 11:36:46,A,Android
2005,view,2023-01-30 01:27:26,B,iOS
1806,click,2023-01-30 07:35:08,B,Android
9096,click,2023-01-30 03:15:33,A,iOS
5683,registration,2023-01-30 11:02:28,A,iOS
7628,view,2023-01-30 03:54:29,A,Android
8391,registration,2023-01-30 18:13:47,B,Android
6650,click,2023-01-30 08:05:45,A,Android
4663,view,2023-01-30 06:33:03,B,Android
3639,view,2023-01-30 16:36:31,A,Android
6229,click,2023-01-30 10:13:03,B,Android
3874,view,2023-01-30 07:44:32,A,Android
3396,purchase,2023-01-30 03:41:48,A,Android
9992,view,2023-01-30 17:37:01,A,Android
1129,click,2023-01-30 21:33:32,A,Android
307,purchase,2023-01-30 21:07:26,A,Android
3831,click,2023-01-30 19:10:34,A,Android
5532,view,2023-01-30 15:28:27,A,iOS
49,click,2023-01-30 21:53:31,A,Android
7512,click,2023-01-30 01:41:13,A,Android
9437,click,2023-01-30 04:07:22,A,Android
7480,view,2023-01-30 14:19:14,A,iOS
7450,click,2023-01-30 06:56:34,A,Android
7225,click,2023-01-30 12:31:19,B,iOS
2604,click,2023-01-30 19:32:21,B,iOS
2576,click,2023-01-30 16:06:49,A,iOS
4277,click,2023-01-30 13:03:20,B,iOS
4075,view,2023-01-30 09:43:09,A,Android
1131,registration,2023-01-30 04:26:01,B,Android
9738,registration,2023-01-30 22:16:15,B,iOS
3206,purchase,2023-01-30 00:51:03,B,Android
8151,click,2023-01-30 19:20:04,B,Android
810,view,2023-01-30 00:55:51,B,Android
121,view,2023-01-30 15:19:05,B,iOS
2384,registration,2023-01-30 15:44:20,A,iOS
7602,view,2023-01-30 07:38:45,B,iOS
9686,view,2023-01-30 20:13:22,A,Android
9881,view,2023-01-30 23:45:39,A,iOS
7385,click,2023-01-30 22:13:55,B,Android
8028,click,2023-01-30 10:02:58,B,iOS
6474,view,2023-01-30 09:45:59,B,iOS
2969,purchase,2023-01-30 17:52:17,B,iOS
7743,purchase,2023-01-30 06:03:42,A,Android
1324,click,2023-01-30 01:58:56,B,iOS
4134,view,2023-01-30 14:30:20,B,iOS
4803,purchase,2023-01-30 00:46:36,B,iOS
7346,purchase,2023-01-30 15:33:59,B,iOS
7087,click,2023-01-30 00:42:26,A,Android
9779,view,2023-01-30 12:30:16,B,Android
7180,view,2023-01-30 13:35:02,B,iOS
6248,click,2023-01-30 09:11:09,A,Android
3318,view,2023-01-30 18:54:01,A,Android
9014,view,2023-01-30 18:12:57,A,Android
2840,registration,2023-01-30 04:21:44,A,iOS
916,registration,2023-01-30 03:27:21,B,iOS
944,registration,2023-01-30 06:43:54,B,Android
2467,view,2023-01-30 21:03:13,B,iOS
548,click,2023-01-30 07:59:14,B,iOS
8259,click,2023-01-30 10:28:59,A,Android
9966,view,2023-01-30 13:17:37,B,Android
8996,click,2023-01-30 04:52:21,B,iOS
8791,click,2023-01-30 16:25:01,B,iOS
2680,click,2023-01-30 01:31:52,B,Android
9221,click,2023-01-30 11:05:30,B,Android
6942,click,2023-01-30 19:28:18,B,iOS
9642,registration,2023-01-30 21:51:57,B,iOS
9929,click,2023-01-30 16:53:33,B,iOS
2597,purchase,2023-01-30 16:29:29,B,Android
9396,view,2023-01-30 17:44:14,B,iOS
1030,click,2023-01-30 11:43:35,B,Android
4070,click,2023-01-30 12:26:38,A,Android
7337,view,2023-01-30 06:25:08,A,iOS
9385,view,2023-01-30 07:04:55,B,Android
954,click,2023-01-30 05:29:47,A,iOS
4399,view,2023-01-30 15:04:17,A,iOS
4812,purchase,2023-01-30 03:11:57,A,iOS
7876,registration,2023-01-30 05:12:27,B,iOS
7080,click,2023-01-30 06:11:53,B,Android
8823,view,2023-01-30 13:28:35,A,iOS
2972,purchase,2023-01-30 13:37:26,B,iOS
7033,view,2023-01-30 16:13:15,A,iOS
2193,purchase,2023-01-30 16:44:42,A,Android
5367,click,2023-01-30 21:56:59,A,Android
8296,view,2023-01-30 15:18:52,B,Android
8709,view,2023-01-30 18:08:25,B,iOS
9887,view,2023-01-30 02:49:01,A,iOS
2535,click,2023-01-30 01:48:49,B,iOS
2458,click,2023-01-30 05:43:24,A,iOS
7272,registration,2023-01-30 07:10:24,B,iOS
9551,purchase,2023-01-30 16:19:27,B,iOS
9144,view,2023-01-30 03:57:54,B,Android
873,click,2023-01-30 20:38:53,B,Android
398,purchase,2023-01-30 11:31:09,B,Android
916,view,2023-01-30 21:22:12,B,iOS
6312,purchase,2023-01-30 02:59:07,A,Android
4258,click,2023-01-30 04:37:28,A,Android
5770,view,2023-01-30 20:19:06,A,Android
4804,purchase,2023-01-30 12:44:05,A,iOS
1168,click,2023-01-30 10:03:18,B,Android
